{"type":"FeatureCollection","features":[{"type":"Feature","properties":{"COUNTYNAME":"台東縣","COUNTYID":"V","COUNTYCODE":"10014","COUNTYENG":"Taitung County"},"geometry":{"type":"MultiPolygon","coordinates":[[[[121.409286,23.213942],[121.408848,23.213068],[121.406774,23.213259],[121.404496,23.212986],[121.402831,23.212221],[121.399939,23.208587],[121.398304,23.20815],[121.397048,23.205091],[121.39623,23.201129],[121.396113,23.19919],[121.396463,23.195884],[121.397486,23.192852],[121.397924,23.189191],[121.397807,23.188426],[121.398362,23.185694],[121.399297,23.183127],[121.40064,23.181433],[121.402685,23.179985],[121.40359,23.178728],[121.40397,23.176488],[121.402714,23.174221],[121.402948,23.171817],[121.403883,23.171052],[121.405022,23.171216],[121.406803,23.170259],[121.407767,23.166845],[121.407826,23.164167],[121.407592,23.162255],[121.40657,23.15884],[121.405197,23.156081],[121.404992,23.154114],[121.403094,23.1513],[121.400377,23.150672],[121.399355,23.148405],[121.399968,23.146984],[121.401108,23.146055],[121.400991,23.142012],[121.399881,23.137887],[121.399793,23.1351],[121.400816,23.133106],[121.402627,23.130347],[121.402977,23.128735],[121.404204,23.127205],[121.406482,23.125648],[121.411185,23.123982],[121.413668,23.124091],[121.416355,23.126741],[121.418224,23.127014],[121.420882,23.126823],[121.423161,23.127752],[121.424037,23.127451],[121.424592,23.125675],[121.424154,23.124911],[121.422314,23.124692],[121.41951,23.12349],[121.418487,23.12267],[121.415449,23.123381],[121.414077,23.122752],[121.413113,23.123681],[121.411652,23.123271],[121.41247,23.122343],[121.410075,23.119993],[121.40803,23.117726],[121.407008,23.115895],[121.402919,23.113765],[121.400962,23.113491],[121.398596,23.113956],[121.397515,23.114557],[121.395178,23.113409],[121.393338,23.110514],[121.391615,23.108273],[121.387701,23.105077],[121.387847,23.103383],[121.387058,23.101717],[121.386445,23.102154],[121.385305,23.10087],[121.384283,23.098493],[121.385013,23.097592],[121.384634,23.096772],[121.382969,23.095488],[121.376893,23.096035],[121.375082,23.096526],[121.371548,23.096253],[121.371022,23.095789],[121.368335,23.096089],[121.367312,23.096526],[121.366144,23.096171],[121.363486,23.094013],[121.359543,23.088905],[121.357849,23.08538],[121.358024,23.082567],[121.356622,23.081556],[121.355103,23.079644],[121.355103,23.078824],[121.356038,23.076802],[121.356709,23.07377],[121.35519,23.07265],[121.354168,23.071421],[121.352854,23.071339],[121.352678,23.070219],[121.349319,23.066695],[121.348151,23.064618],[121.346515,23.058936],[121.346136,23.056095],[121.346282,23.052926],[121.345756,23.050959],[121.344383,23.049812],[121.343711,23.048309],[121.343653,23.046615],[121.34412,23.046369],[121.343302,23.043638],[121.341637,23.042436],[121.34079,23.040414],[121.339388,23.036125],[121.339622,23.035661],[121.338775,23.034103],[121.338249,23.029241],[121.339271,23.029104],[121.339505,23.028011],[121.339184,23.025908],[121.336613,23.025225],[121.335357,23.023914],[121.335153,23.02181],[121.336876,23.020881],[121.337197,23.020089],[121.334452,23.018286],[121.330362,23.017002],[121.328727,23.015199],[121.328201,23.011238],[121.327442,23.009653],[121.328347,23.009243],[121.326419,23.005665],[121.324988,23.00449],[121.323235,23.004845],[121.32271,23.002933],[121.321921,23.001758],[121.32157,23.000064],[121.3216,22.997169],[121.323761,22.99389],[121.320665,22.989683],[121.316488,22.981242],[121.313684,22.976816],[121.311114,22.974412],[121.310821,22.97291],[121.307316,22.969604],[121.302146,22.962802],[121.299401,22.959578],[121.295983,22.956737],[121.295224,22.954606],[121.293354,22.95365],[121.293676,22.954388],[121.29204,22.955644],[121.291426,22.95548],[121.289469,22.95365],[121.287425,22.95283],[121.286578,22.951656],[121.287045,22.949907],[121.28798,22.950426],[121.288067,22.949634],[121.286782,22.94876],[121.287045,22.949662],[121.285847,22.950153],[121.284299,22.94958],[121.282576,22.947121],[121.281729,22.945236],[121.279801,22.939089],[121.278837,22.934172],[121.278866,22.931549],[121.278165,22.92991],[121.276237,22.927506],[121.274865,22.924938],[121.274339,22.922589],[121.27282,22.917835],[121.271506,22.915267],[121.268701,22.911115],[121.26581,22.908984],[121.263765,22.908055],[121.262217,22.906443],[121.261691,22.904531],[121.259851,22.901362],[121.25915,22.898275],[121.255586,22.895161],[121.254009,22.891609],[121.251789,22.887867],[121.250942,22.886064],[121.247116,22.881283],[121.245538,22.880655],[121.242793,22.880491],[121.23993,22.879617],[121.23809,22.877349],[121.237185,22.875628],[121.236951,22.874371],[121.23625,22.87377],[121.235257,22.870957],[121.235111,22.869618],[121.236133,22.867897],[121.235198,22.866449],[121.233358,22.864482],[121.232102,22.8641],[121.229707,22.864946],[121.225588,22.867105],[121.223573,22.866941],[121.220243,22.865001],[121.217439,22.864837],[121.21554,22.864127],[121.210955,22.863171],[121.209056,22.863089],[121.206427,22.860985],[121.20447,22.86022],[121.204733,22.859893],[121.201403,22.857079],[121.199855,22.85727],[121.198803,22.856696],[121.197314,22.854074],[121.196087,22.853445],[121.192757,22.850577],[121.192056,22.850358],[121.191151,22.848446],[121.189252,22.846288],[121.19007,22.844075],[121.189982,22.84301],[121.188814,22.839103],[121.188843,22.837874],[121.187938,22.83536],[121.186419,22.83435],[121.186273,22.832902],[121.187499,22.830033],[121.187499,22.829268],[121.188493,22.828039],[121.190858,22.827083],[121.192407,22.82558],[121.191998,22.824897],[121.19191,22.822685],[121.193575,22.821291],[121.193604,22.818997],[121.19413,22.817658],[121.19673,22.815636],[121.197723,22.815445],[121.197168,22.814653],[121.196671,22.812604],[121.197489,22.812331],[121.196846,22.811511],[121.197138,22.809763],[121.198774,22.80673],[121.199943,22.802824],[121.199884,22.800611],[121.200906,22.798781],[121.200906,22.795694],[121.200001,22.794574],[121.198716,22.794956],[121.198102,22.794437],[121.197927,22.792962],[121.196321,22.792689],[121.195269,22.791896],[121.195152,22.790476],[121.192728,22.789902],[121.191589,22.790776],[121.187908,22.790667],[121.185864,22.788891],[121.183352,22.785258],[121.181395,22.782909],[121.180489,22.779357],[121.180197,22.776079],[121.180255,22.771298],[121.179379,22.767064],[121.178678,22.764551],[121.176984,22.760098],[121.176195,22.758786],[121.173771,22.756164],[121.172018,22.754825],[121.167053,22.751957],[121.166001,22.751164],[121.161036,22.749744],[121.1568,22.747312],[121.154931,22.745537],[121.151952,22.741985],[121.15017,22.740647],[121.147921,22.738243],[121.147103,22.736767],[121.145087,22.734445],[121.143306,22.732779],[121.141845,22.73185],[121.139596,22.731331],[121.136909,22.729091],[121.131534,22.722972],[121.129256,22.721032],[121.128117,22.719366],[121.125634,22.717808],[121.123706,22.716251],[121.120581,22.714749],[121.117631,22.714148],[121.111175,22.710542],[121.109686,22.709394],[121.105801,22.707373],[121.101127,22.70516],[121.096074,22.704586],[121.092452,22.703384],[121.08734,22.700762],[121.081352,22.698194],[121.077088,22.695298],[121.073115,22.691774],[121.070808,22.688605],[121.068267,22.686501],[121.067186,22.685081],[121.065433,22.683496],[121.064236,22.681994],[121.06149,22.680628],[121.059591,22.679344],[121.05705,22.677213],[121.055385,22.676093],[121.051763,22.674863],[121.048054,22.673197],[121.045659,22.672842],[121.042884,22.67194],[121.039349,22.670356],[121.035231,22.66746],[121.031959,22.664073],[121.029185,22.660876],[121.025738,22.65585],[121.022262,22.649239],[121.021795,22.647272],[121.019691,22.6423],[121.017179,22.635689],[121.014288,22.625362],[121.013879,22.623013],[121.012594,22.619516],[121.012214,22.615637],[121.011776,22.613779],[121.011717,22.609763],[121.011308,22.607878],[121.01125,22.60501],[121.010286,22.599437],[121.010257,22.595776],[121.009147,22.588946],[121.00719,22.586187],[121.003656,22.583455],[121.001231,22.580997],[120.997989,22.578128],[120.994805,22.576052],[120.990044,22.573238],[120.985633,22.569468],[120.983706,22.567037],[120.981047,22.562557],[120.977133,22.554088],[120.975673,22.549471],[120.974563,22.546766],[120.971175,22.535429],[120.968371,22.526906],[120.964281,22.516771],[120.96212,22.511963],[120.961039,22.508739],[120.959345,22.50475],[120.958848,22.501144],[120.956628,22.495189],[120.95511,22.490026],[120.954555,22.486911],[120.954525,22.485518],[120.953211,22.481748],[120.952189,22.478142],[120.951458,22.476312],[120.94991,22.470629],[120.949092,22.466641],[120.947019,22.45962],[120.94658,22.457489],[120.945646,22.455495],[120.94436,22.451889],[120.943221,22.44984],[120.941761,22.446616],[120.93922,22.439923],[120.937672,22.435607],[120.934312,22.427193],[120.933115,22.423232],[120.931596,22.420445],[120.92885,22.417167],[120.926893,22.413014],[120.925199,22.408971],[120.923563,22.404354],[120.922366,22.399956],[120.922103,22.398426],[120.920526,22.39482],[120.918919,22.39299],[120.916816,22.389111],[120.914888,22.384931],[120.913457,22.380478],[120.911967,22.374604],[120.910332,22.367201],[120.908842,22.359197],[120.907031,22.357093],[120.90484,22.355536],[120.902591,22.352558],[120.901423,22.349854],[120.900313,22.346767],[120.898648,22.343734],[120.896603,22.337342],[120.895698,22.336741],[120.894938,22.334665],[120.892981,22.323136],[120.892309,22.315815],[120.891959,22.306117],[120.891667,22.30374],[120.891638,22.297921],[120.891842,22.29161],[120.89193,22.289644],[120.891813,22.284098],[120.891667,22.28295],[120.891988,22.278771],[120.891871,22.277487],[120.892689,22.271531],[120.893069,22.266696],[120.893332,22.265849],[120.894558,22.265139],[120.895259,22.26186],[120.894529,22.260877],[120.894646,22.25891],[120.895289,22.257599],[120.89599,22.252681],[120.895873,22.25096],[120.896282,22.24831],[120.896282,22.246453],[120.892251,22.245524],[120.891375,22.244295],[120.888687,22.243257],[120.887636,22.242437],[120.885912,22.241973],[120.884043,22.240579],[120.882933,22.238967],[120.882495,22.23741],[120.880888,22.235034],[120.879486,22.235198],[120.876536,22.234842],[120.875864,22.234187],[120.874725,22.234241],[120.873966,22.233586],[120.871454,22.23293],[120.871541,22.231892],[120.87084,22.2314],[120.86865,22.231291],[120.867452,22.230007],[120.86643,22.229816],[120.863859,22.231154],[120.862311,22.231346],[120.864064,22.233367],[120.864298,22.234269],[120.863538,22.235553],[120.86161,22.237465],[120.859186,22.238476],[120.858689,22.239186],[120.858689,22.240798],[120.855447,22.241481],[120.85425,22.242437],[120.853227,22.242492],[120.850832,22.243666],[120.846421,22.24353],[120.844903,22.242847],[120.84242,22.243475],[120.841281,22.244595],[120.839762,22.243721],[120.838097,22.244021],[120.835935,22.245469],[120.834621,22.245387],[120.832518,22.247245],[120.831525,22.250059],[120.830152,22.251835],[120.829422,22.252244],[120.827552,22.254894],[120.825887,22.256643],[120.822937,22.257708],[120.821243,22.258719],[120.818643,22.261205],[120.817709,22.261423],[120.815197,22.263254],[120.813911,22.26186],[120.812568,22.262106],[120.809384,22.260713],[120.808011,22.259374],[120.806697,22.259839],[120.799716,22.257189],[120.797875,22.257954],[120.798839,22.259976],[120.798956,22.262079],[120.798576,22.263554],[120.799599,22.265002],[120.798518,22.26604],[120.797291,22.266505],[120.79621,22.267925],[120.796298,22.269919],[120.797554,22.272405],[120.79808,22.274646],[120.798167,22.276449],[120.800066,22.277268],[120.803075,22.276995],[120.804272,22.27735],[120.804856,22.276776],[120.806784,22.277159],[120.807164,22.280301],[120.80582,22.281311],[120.806054,22.282349],[120.805674,22.283797],[120.803484,22.284289],[120.800679,22.284234],[120.798985,22.285409],[120.796035,22.285136],[120.793406,22.285737],[120.792588,22.286994],[120.791099,22.288141],[120.791128,22.290627],[120.789901,22.293304],[120.788616,22.294015],[120.781547,22.294616],[120.778626,22.29691],[120.77775,22.297976],[120.776815,22.302593],[120.777779,22.305379],[120.778159,22.308493],[120.781927,22.309067],[120.783212,22.309477],[120.787126,22.309204],[120.790544,22.311335],[120.792968,22.3124],[120.794224,22.314695],[120.795948,22.316225],[120.796795,22.318301],[120.796386,22.319885],[120.795509,22.320732],[120.794838,22.323027],[120.793406,22.323655],[120.793348,22.325376],[120.792881,22.326278],[120.792355,22.330758],[120.792822,22.333271],[120.792472,22.335621],[120.790427,22.337014],[120.789259,22.338407],[120.78847,22.341576],[120.786542,22.34215],[120.785111,22.344499],[120.785052,22.345537],[120.7833,22.346166],[120.78108,22.346357],[120.779094,22.347914],[120.775822,22.348734],[120.775034,22.349307],[120.77407,22.348542],[120.771675,22.348624],[120.770331,22.347778],[120.767965,22.347395],[120.766797,22.347969],[120.765249,22.349499],[120.763584,22.352258],[120.763116,22.353897],[120.762824,22.356683],[120.763175,22.358978],[120.761013,22.360399],[120.759845,22.360262],[120.758443,22.35947],[120.755755,22.360317],[120.753944,22.360208],[120.752426,22.360535],[120.751754,22.361437],[120.747402,22.364141],[120.743458,22.367256],[120.744247,22.369523],[120.74486,22.370179],[120.747518,22.371408],[120.748804,22.373266],[120.749125,22.37567],[120.748628,22.380396],[120.750498,22.384084],[120.752367,22.385832],[120.754558,22.386652],[120.756486,22.3884],[120.752426,22.392061],[120.75228,22.393919],[120.753798,22.396432],[120.757596,22.398071],[120.756077,22.400967],[120.755522,22.402989],[120.753419,22.405065],[120.756281,22.404737],[120.758121,22.404901],[120.760341,22.406239],[120.763204,22.407168],[120.764956,22.408944],[120.766242,22.409053],[120.768345,22.408643],[120.770565,22.406895],[120.773398,22.40695],[120.774771,22.409026],[120.776114,22.409654],[120.777254,22.408889],[120.78035,22.409463],[120.783008,22.411348],[120.783446,22.412605],[120.784585,22.412851],[120.786455,22.414872],[120.786659,22.415883],[120.788645,22.417331],[120.789638,22.417631],[120.788061,22.419871],[120.788032,22.420882],[120.787126,22.423068],[120.786863,22.425171],[120.78476,22.428122],[120.784731,22.42916],[120.783884,22.430253],[120.782774,22.433258],[120.780262,22.437137],[120.778714,22.438639],[120.776815,22.440005],[120.77515,22.443311],[120.775034,22.444294],[120.775676,22.445742],[120.775793,22.447217],[120.776465,22.448938],[120.775881,22.450359],[120.771937,22.451862],[120.768695,22.452544],[120.765453,22.4529],[120.762737,22.454511],[120.759144,22.457298],[120.75818,22.458527],[120.756544,22.457435],[120.754237,22.457325],[120.751491,22.4585],[120.751053,22.459921],[120.751783,22.461614],[120.751754,22.464565],[120.753039,22.466641],[120.75301,22.467816],[120.754178,22.4694],[120.754441,22.472432],[120.752046,22.477978],[120.750819,22.479153],[120.75152,22.479727],[120.754879,22.481065],[120.75745,22.48183],[120.75818,22.484507],[120.75856,22.488387],[120.760458,22.488523],[120.761889,22.489288],[120.763817,22.491146],[120.764343,22.49538],[120.762707,22.501117],[120.760867,22.503384],[120.758881,22.50587],[120.758472,22.507346],[120.757479,22.508548],[120.753886,22.51076],[120.753068,22.516634],[120.753097,22.517973],[120.751491,22.52106],[120.751316,22.521988],[120.751666,22.525321],[120.749914,22.529364],[120.750001,22.534036],[120.74857,22.536249],[120.748044,22.53838],[120.745678,22.540729],[120.743955,22.543106],[120.743341,22.544499],[120.740917,22.548761],[120.740713,22.549662],[120.739486,22.551465],[120.739048,22.553651],[120.739953,22.55835],[120.739632,22.562557],[120.74118,22.566518],[120.74156,22.568676],[120.742348,22.569277],[120.744189,22.569605],[120.747957,22.57108],[120.748804,22.572309],[120.749183,22.575615],[120.749067,22.578647],[120.748599,22.580286],[120.746671,22.584002],[120.746408,22.586051],[120.745766,22.588318],[120.745824,22.589547],[120.746613,22.590968],[120.749008,22.593973],[120.751958,22.596732],[120.754441,22.600338],[120.754821,22.60154],[120.754091,22.604436],[120.754266,22.606239],[120.754061,22.608534],[120.752893,22.612085],[120.753682,22.613479],[120.754879,22.616975],[120.758676,22.623832],[120.761042,22.625799],[120.76151,22.627493],[120.761276,22.629788],[120.763116,22.631126],[120.763963,22.633339],[120.767673,22.636208],[120.768578,22.638311],[120.771266,22.641262],[120.773047,22.644239],[120.773836,22.646234],[120.777137,22.650495],[120.779795,22.652517],[120.781343,22.654538],[120.782862,22.657024],[120.783709,22.658937],[120.785695,22.661177],[120.786338,22.66298],[120.78625,22.668143],[120.786279,22.672214],[120.787535,22.673634],[120.788616,22.675847],[120.790106,22.677131],[120.791566,22.67918],[120.791303,22.680436],[120.790193,22.681884],[120.789288,22.683824],[120.789492,22.686474],[120.787681,22.689752],[120.786747,22.692757],[120.787769,22.693331],[120.789142,22.693304],[120.792326,22.691473],[120.794925,22.690927],[120.796824,22.68937],[120.797671,22.689096],[120.805674,22.688987],[120.80804,22.689178],[120.809296,22.688386],[120.810844,22.691582],[120.811458,22.692047],[120.816336,22.691856],[120.818848,22.690872],[120.819344,22.692703],[120.818965,22.694751],[120.81987,22.695598],[120.822207,22.695926],[120.824281,22.695544],[120.825946,22.695871],[120.82653,22.696691],[120.828691,22.697675],[120.830152,22.697593],[120.831174,22.696828],[120.835001,22.696554],[120.836812,22.697074],[120.83833,22.699122],[120.838038,22.701745],[120.839674,22.703958],[120.840229,22.70669],[120.842186,22.706881],[120.843384,22.707646],[120.842507,22.708848],[120.842712,22.710159],[120.844231,22.710651],[120.845195,22.712345],[120.84794,22.715541],[120.8487,22.716989],[120.85314,22.716934],[120.855067,22.717453],[120.85682,22.714967],[120.858631,22.713629],[120.860237,22.715705],[120.861377,22.716661],[120.8631,22.716552],[120.867218,22.71688],[120.869117,22.715951],[120.872651,22.717016],[120.875485,22.71718],[120.879428,22.71606],[120.883517,22.717071],[120.88527,22.719229],[120.887285,22.722371],[120.888308,22.726714],[120.889447,22.728135],[120.890966,22.728654],[120.891433,22.729364],[120.892397,22.732916],[120.89228,22.73521],[120.892835,22.73603],[120.894734,22.737587],[120.895639,22.741821],[120.89415,22.743242],[120.894208,22.744171],[120.895347,22.748214],[120.89415,22.751055],[120.894237,22.752175],[120.89561,22.755754],[120.895259,22.757557],[120.894471,22.759141],[120.894997,22.760562],[120.894821,22.762584],[120.894091,22.763349],[120.892046,22.763594],[120.893565,22.766791],[120.896048,22.767856],[120.899641,22.768812],[120.900342,22.769413],[120.90116,22.772063],[120.903175,22.773839],[120.903818,22.775587],[120.903467,22.777527],[120.903234,22.78045],[120.904168,22.783209],[120.903847,22.784575],[120.90262,22.786624],[120.901715,22.787553],[120.902445,22.791377],[120.903321,22.793699],[120.903029,22.796841],[120.903643,22.798207],[120.903292,22.799792],[120.901686,22.803261],[120.900897,22.804272],[120.89932,22.804709],[120.896545,22.80796],[120.894412,22.808506],[120.892514,22.810091],[120.891199,22.811621],[120.889038,22.811757],[120.88787,22.812631],[120.885416,22.813369],[120.883985,22.813451],[120.88305,22.814052],[120.881151,22.814516],[120.877763,22.813669],[120.877267,22.813068],[120.875426,22.814352],[120.874725,22.815254],[120.873382,22.815281],[120.871717,22.814789],[120.868621,22.816838],[120.866839,22.819652],[120.865846,22.823231],[120.865086,22.824815],[120.863976,22.825608],[120.861961,22.826099],[120.861669,22.826974],[120.862954,22.829651],[120.86456,22.832164],[120.865261,22.836098],[120.86459,22.837081],[120.864005,22.839431],[120.864619,22.841944],[120.86456,22.843064],[120.864882,22.845304],[120.865583,22.847107],[120.86827,22.850495],[120.868182,22.851314],[120.866634,22.853363],[120.867218,22.854675],[120.869292,22.856587],[120.869438,22.857953],[120.861639,22.861395],[120.859157,22.863471],[120.862194,22.865711],[120.86421,22.866668],[120.865554,22.869673],[120.864999,22.872213],[120.862516,22.875136],[120.861201,22.876147],[120.859741,22.87836],[120.855155,22.878715],[120.852088,22.878087],[120.847911,22.879617],[120.841982,22.881228],[120.839878,22.882622],[120.838856,22.884643],[120.838739,22.887676],[120.838243,22.889888],[120.836899,22.891473],[120.835205,22.892757],[120.834241,22.896172],[120.83319,22.898248],[120.83354,22.899805],[120.832138,22.901007],[120.830648,22.901745],[120.828662,22.903985],[120.828545,22.905214],[120.829977,22.90953],[120.830765,22.910487],[120.832284,22.911006],[120.833277,22.91229],[120.832605,22.913819],[120.831554,22.919584],[120.831057,22.920157],[120.829159,22.920786],[120.827815,22.925621],[120.826617,22.928572],[120.825391,22.929746],[120.823521,22.933188],[120.821944,22.934991],[120.822148,22.936685],[120.821535,22.938871],[120.822002,22.943187],[120.821769,22.945127],[120.822645,22.948241],[120.82358,22.950536],[120.824777,22.952448],[120.824193,22.953896],[120.823054,22.954934],[120.822849,22.956382],[120.820922,22.960944],[120.820863,22.962365],[120.822324,22.963703],[120.822178,22.964632],[120.824982,22.96649],[120.825712,22.967282],[120.827815,22.968347],[120.830152,22.969987],[120.830181,22.970314],[120.828925,22.973538],[120.829392,22.975177],[120.830707,22.975833],[120.832255,22.980067],[120.832897,22.98075],[120.834504,22.98075],[120.835848,22.981816],[120.83871,22.98269],[120.841164,22.984001],[120.841719,22.984985],[120.841923,22.987853],[120.841368,22.989929],[120.842186,22.991186],[120.847035,22.992852],[120.847677,22.993972],[120.848641,22.9943],[120.850131,22.996431],[120.850803,22.998234],[120.852088,22.9999],[120.85203,23.003343],[120.851007,23.005036],[120.853841,23.004927],[120.854454,23.005392],[120.856323,23.004818],[120.858251,23.005064],[120.860646,23.008041],[120.8605,23.010473],[120.86126,23.013205],[120.861552,23.016674],[120.861406,23.017903],[120.861902,23.018969],[120.861961,23.022056],[120.860676,23.02599],[120.860968,23.029405],[120.86161,23.030771],[120.863421,23.032273],[120.864327,23.032546],[120.866196,23.032328],[120.870081,23.033502],[120.872651,23.034486],[120.876361,23.034213],[120.879486,23.03465],[120.880129,23.03607],[120.88083,23.040004],[120.881356,23.041917],[120.881268,23.044184],[120.880158,23.045687],[120.879749,23.04779],[120.878669,23.048992],[120.874462,23.051123],[120.874608,23.052134],[120.873732,23.053445],[120.871571,23.054756],[120.869964,23.057789],[120.869322,23.05992],[120.870519,23.061422],[120.873148,23.065902],[120.875339,23.068552],[120.875952,23.070519],[120.876916,23.075737],[120.878084,23.078223],[120.879428,23.079944],[120.880538,23.080818],[120.881327,23.08213],[120.882583,23.083332],[120.883605,23.086555],[120.885153,23.088331],[120.885766,23.089642],[120.885562,23.09262],[120.886643,23.094915],[120.88784,23.09669],[120.889155,23.100488],[120.888162,23.10423],[120.889096,23.107126],[120.889388,23.110459],[120.886789,23.113601],[120.886292,23.116469],[120.885095,23.118545],[120.885036,23.12002],[120.887753,23.121769],[120.88784,23.123244],[120.886467,23.126167],[120.885854,23.129527],[120.886234,23.131877],[120.887899,23.136384],[120.88784,23.137067],[120.886555,23.14081],[120.88562,23.144635],[120.883634,23.145126],[120.881064,23.14652],[120.879545,23.148568],[120.876595,23.150945],[120.876682,23.151546],[120.879399,23.152666],[120.883342,23.153458],[120.886526,23.155808],[120.887373,23.158239],[120.890557,23.158567],[120.892017,23.159059],[120.895026,23.160725],[120.894851,23.162556],[120.895552,23.165588],[120.895464,23.168456],[120.895844,23.171434],[120.896399,23.172308],[120.898297,23.173128],[120.898619,23.174002],[120.898443,23.176242],[120.900196,23.177116],[120.901686,23.178592],[120.905921,23.180586],[120.909076,23.179794],[120.909864,23.180231],[120.911266,23.182799],[120.911529,23.185367],[120.912464,23.18676],[120.910887,23.192169],[120.909689,23.193535],[120.90817,23.194655],[120.906447,23.196731],[120.905746,23.199545],[120.907148,23.201129],[120.906505,23.203342],[120.906564,23.205364],[120.907644,23.207058],[120.910448,23.20815],[120.911383,23.208888],[120.911704,23.210227],[120.912026,23.217029],[120.911704,23.220854],[120.912113,23.225143],[120.911558,23.227191],[120.911763,23.228421],[120.914304,23.232519],[120.915472,23.237518],[120.917167,23.238337],[120.91778,23.239594],[120.919416,23.240987],[120.921314,23.241069],[120.921723,23.24167],[120.92368,23.241807],[120.926075,23.244375],[120.927215,23.244648],[120.929581,23.242818],[120.931742,23.242572],[120.93402,23.243801],[120.935276,23.24391],[120.937876,23.244949],[120.938343,23.247544],[120.939629,23.249183],[120.941264,23.251969],[120.945909,23.252762],[120.946697,23.253117],[120.94769,23.254865],[120.949005,23.255876],[120.949735,23.257734],[120.951079,23.259509],[120.953561,23.260793],[120.954847,23.262159],[120.957388,23.264154],[120.958147,23.265383],[120.959111,23.269809],[120.959666,23.270847],[120.963376,23.272103],[120.964719,23.274726],[120.966092,23.276584],[120.968663,23.277868],[120.970298,23.280627],[120.972606,23.282184],[120.973657,23.281801],[120.977221,23.281911],[120.978974,23.282266],[120.980872,23.281556],[120.984144,23.281064],[120.986071,23.280326],[120.987766,23.280845],[120.990365,23.283905],[120.991125,23.284233],[120.994016,23.284451],[120.999274,23.28691],[121.001377,23.287374],[121.005642,23.290598],[121.006898,23.291199],[121.008358,23.291254],[121.009848,23.29251],[121.010783,23.292783],[121.017209,23.292838],[121.01899,23.293439],[121.02013,23.294587],[121.023752,23.293712],[121.024657,23.29445],[121.025592,23.296007],[121.028308,23.297127],[121.032193,23.298356],[121.034062,23.299531],[121.036721,23.299859],[121.038911,23.300651],[121.039934,23.299777],[121.041569,23.297455],[121.043059,23.296308],[121.045863,23.295761],[121.048287,23.294696],[121.051033,23.292401],[121.053399,23.291172],[121.054743,23.291117],[121.056291,23.290297],[121.057488,23.287402],[121.059387,23.286227],[121.059913,23.283304],[121.062074,23.279425],[121.060643,23.276556],[121.060964,23.273606],[121.060731,23.272896],[121.061753,23.272049],[121.06149,23.270983],[121.061987,23.269371],[121.062834,23.268716],[121.06187,23.268005],[121.062425,23.265847],[121.064177,23.263088],[121.06482,23.261176],[121.065024,23.259318],[121.065784,23.258744],[121.066193,23.257297],[121.067186,23.256914],[121.069231,23.255166],[121.070107,23.252024],[121.070019,23.248746],[121.071158,23.246615],[121.074021,23.24443],[121.07592,23.24178],[121.077292,23.238802],[121.078519,23.237409],[121.077935,23.234404],[121.079337,23.232628],[121.080885,23.233748],[121.083631,23.232956],[121.086552,23.233857],[121.088304,23.233584],[121.092452,23.233885],[121.093854,23.233174],[121.096395,23.22965],[121.098849,23.228066],[121.101799,23.227082],[121.103347,23.227082],[121.104311,23.226427],[121.105625,23.224159],[121.108897,23.223531],[121.115498,23.225033],[121.119471,23.224542],[121.120873,23.225061],[121.124436,23.225033],[121.12651,23.224569],[121.129402,23.223312],[121.131388,23.219843],[121.132294,23.216838],[121.132381,23.215499],[121.135185,23.210609],[121.137522,23.208915],[121.138106,23.208096],[121.138983,23.202823],[121.139859,23.201539],[121.142751,23.200802],[121.145613,23.19949],[121.150053,23.198562],[121.154697,23.199135],[121.156099,23.200228],[121.158728,23.203752],[121.16089,23.205965],[121.163665,23.206375],[121.165067,23.207112],[121.168981,23.207631],[121.169682,23.207085],[121.173099,23.208669],[121.175611,23.210199],[121.179379,23.208642],[121.180927,23.20714],[121.18379,23.205528],[121.184403,23.204899],[121.186448,23.204763],[121.187558,23.20408],[121.189486,23.203725],[121.190917,23.202304],[121.191881,23.199217],[121.191881,23.198398],[121.194451,23.192497],[121.198248,23.188454],[121.197927,23.18594],[121.198248,23.184274],[121.199096,23.182553],[121.199358,23.179357],[121.199738,23.177936],[121.199183,23.175095],[121.20076,23.173237],[121.201695,23.171407],[121.203623,23.168757],[121.205755,23.166681],[121.20558,23.164823],[121.206077,23.163375],[121.207157,23.162064],[121.210283,23.159906],[121.211188,23.157283],[121.212503,23.154742],[121.211743,23.153677],[121.210633,23.148049],[121.212064,23.145236],[121.212094,23.14417],[121.214576,23.143897],[121.216767,23.142995],[121.220214,23.142012],[121.225063,23.139854],[121.229094,23.139663],[121.231021,23.139198],[121.233212,23.13663],[121.234643,23.133379],[121.23771,23.13021],[121.238441,23.128735],[121.240105,23.12868],[121.242325,23.128025],[121.245013,23.128353],[121.246765,23.129309],[121.248313,23.129582],[121.249423,23.131412],[121.254155,23.128189],[121.257777,23.125949],[121.258215,23.124446],[121.259004,23.123463],[121.259559,23.121004],[121.261896,23.119037],[121.263853,23.118081],[121.264466,23.117043],[121.264203,23.11554],[121.265196,23.114748],[121.267124,23.114311],[121.267679,23.112153],[121.267387,23.109394],[121.26616,23.106716],[121.264378,23.103902],[121.269461,23.102045],[121.27098,23.100925],[121.272353,23.097865],[121.274719,23.098493],[121.278633,23.101089],[121.279334,23.102455],[121.281057,23.104066],[121.282897,23.103821],[121.284416,23.106552],[121.285818,23.106935],[121.287308,23.106689],[121.289615,23.107836],[121.291426,23.109366],[121.293968,23.109885],[121.295925,23.109831],[121.296947,23.109312],[121.29794,23.10994],[121.299956,23.109257],[121.303431,23.111169],[121.308718,23.111251],[121.312428,23.110951],[121.314852,23.110377],[121.315758,23.109721],[121.315962,23.110486],[121.319643,23.113655],[121.321979,23.117234],[121.321892,23.118299],[121.322564,23.119911],[121.322301,23.121496],[121.322943,23.123763],[121.32271,23.125266],[121.321804,23.127697],[121.321512,23.129664],[121.322125,23.132095],[121.320548,23.136138],[121.320373,23.13775],[121.322038,23.139635],[121.322943,23.142394],[121.32382,23.143296],[121.323381,23.14499],[121.324491,23.146602],[121.324404,23.148978],[121.327208,23.152202],[121.324988,23.15436],[121.323557,23.155125],[121.322242,23.155125],[121.322155,23.156791],[121.321308,23.15925],[121.320431,23.159906],[121.319643,23.161408],[121.31751,23.164359],[121.318679,23.168265],[121.32084,23.168784],[121.321892,23.169467],[121.322038,23.172418],[121.323936,23.174794],[121.32379,23.178373],[121.325631,23.179275],[121.328435,23.179329],[121.329691,23.180367],[121.331239,23.178865],[121.332466,23.178947],[121.333137,23.178045],[121.334919,23.177909],[121.335357,23.17922],[121.335299,23.181296],[121.336818,23.182553],[121.33635,23.183809],[121.337869,23.185312],[121.337606,23.18859],[121.338307,23.189601],[121.338249,23.190666],[121.340031,23.194081],[121.342105,23.195748],[121.342543,23.197797],[121.343185,23.198562],[121.342981,23.200146],[121.343624,23.20072],[121.343331,23.202168],[121.343711,23.203943],[121.345201,23.208096],[121.346895,23.209216],[121.346807,23.21091],[121.346136,23.211593],[121.345697,23.213559],[121.346574,23.217166],[121.348706,23.217275],[121.349962,23.217903],[121.351715,23.220225],[121.353292,23.220007],[121.354606,23.2217],[121.357147,23.223777],[121.35595,23.223913],[121.354402,23.225498],[121.354227,23.228585],[121.353175,23.229131],[121.352591,23.231317],[121.353467,23.233365],[121.355103,23.234731],[121.356855,23.23719],[121.357819,23.23831],[121.357819,23.24055],[121.359513,23.24208],[121.360916,23.244348],[121.361558,23.246888],[121.360828,23.248199],[121.359221,23.249128],[121.358958,23.250822],[121.359513,23.252816],[121.361412,23.253527],[121.362902,23.256832],[121.36445,23.258034],[121.365764,23.25798],[121.366933,23.260247],[121.37035,23.262023],[121.37108,23.263088],[121.371606,23.266776],[121.372336,23.267814],[121.373826,23.268934],[121.377915,23.269617],[121.377682,23.270929],[121.37847,23.273169],[121.378587,23.274507],[121.378237,23.27754],[121.376835,23.282075],[121.377127,23.283522],[121.377302,23.287538],[121.376484,23.289014],[121.377156,23.291336],[121.37701,23.293029],[121.376309,23.295761],[121.378178,23.299367],[121.377799,23.300733],[121.380486,23.304285],[121.382209,23.305596],[121.382881,23.306989],[121.384137,23.308382],[121.385568,23.308901],[121.387847,23.310623],[121.387934,23.311961],[121.389103,23.313655],[121.388986,23.314666],[121.390125,23.315895],[121.390359,23.317643],[121.390271,23.320621],[121.39214,23.321714],[121.397719,23.321687],[121.399939,23.323189],[121.399589,23.326385],[121.400669,23.328571],[121.401195,23.331658],[121.403181,23.336247],[121.406657,23.340017],[121.406891,23.341411],[121.408264,23.342531],[121.409783,23.345918],[121.411389,23.346792],[121.414018,23.347448],[121.415011,23.348459],[121.416822,23.349442],[121.416793,23.349934],[121.418341,23.352201],[121.419597,23.353322],[121.422197,23.354961],[121.422577,23.355862],[121.42281,23.360015],[121.417991,23.360561],[121.41726,23.361654],[121.415975,23.361736],[121.413171,23.363839],[121.411068,23.364276],[121.410104,23.364905],[121.408264,23.364522],[121.406102,23.365506],[121.404262,23.367555],[121.404817,23.369248],[121.404175,23.370997],[121.403532,23.374493],[121.403649,23.375805],[121.402656,23.379056],[121.401779,23.380258],[121.40102,23.382853],[121.399998,23.385202],[121.399998,23.386486],[121.401604,23.388781],[121.40362,23.389409],[121.403707,23.390338],[121.405547,23.392169],[121.407417,23.394655],[121.40803,23.396075],[121.409111,23.396895],[121.410513,23.398944],[121.411886,23.401921],[121.412441,23.402304],[121.4132,23.405227],[121.415683,23.408205],[121.416326,23.410144],[121.417611,23.411947],[121.417231,23.412576],[121.418487,23.41386],[121.418312,23.415608],[121.419977,23.416892],[121.419568,23.419405],[121.422927,23.423011],[121.425702,23.424842],[121.425614,23.426208],[121.428915,23.429404],[121.430668,23.430606],[121.433121,23.431726],[121.433384,23.432846],[121.435078,23.433229],[121.436889,23.432901],[121.438262,23.433256],[121.439489,23.432709],[121.441095,23.43413],[121.441241,23.435223],[121.44238,23.43719],[121.444104,23.438501],[121.444367,23.440932],[121.446061,23.443555],[121.447258,23.443828],[121.448164,23.442954],[121.450822,23.4432],[121.45237,23.441752],[121.455057,23.441124],[121.456752,23.442162],[121.461659,23.441506],[121.462038,23.439539],[121.46344,23.438856],[121.463908,23.439539],[121.466595,23.439703],[121.469662,23.440277],[121.470568,23.440768],[121.473313,23.440605],[121.474336,23.439457],[121.474891,23.437763],[121.477578,23.43484],[121.479768,23.431234],[121.482397,23.430196],[121.484734,23.430988],[121.48564,23.432436],[121.487042,23.433611],[121.489057,23.434185],[121.491131,23.435277],[121.492095,23.434431],[121.494169,23.435332],[121.496097,23.434813],[121.495512,23.432846],[121.494841,23.431781],[121.492504,23.426836],[121.4897,23.424268],[121.489232,23.423339],[121.487889,23.418449],[121.486195,23.413832],[121.486253,23.412876],[121.485114,23.412466],[121.484091,23.410718],[121.48339,23.405828],[121.484004,23.404107],[121.482806,23.403642],[121.481813,23.402113],[121.481638,23.398288],[121.482018,23.397277],[121.48082,23.396458],[121.479126,23.39613],[121.478191,23.395502],[121.477081,23.393261],[121.47676,23.389491],[121.474861,23.386623],[121.47492,23.384984],[121.474014,23.380422],[121.473927,23.378291],[121.472232,23.371543],[121.472203,23.369658],[121.473693,23.364194],[121.47305,23.361872],[121.471736,23.359714],[121.470801,23.356682],[121.471882,23.355753],[121.472203,23.352447],[121.469954,23.35018],[121.468231,23.34794],[121.467617,23.345618],[121.467734,23.336575],[121.468056,23.334417],[121.467734,23.331931],[121.466507,23.3298],[121.465748,23.325293],[121.46569,23.321878],[121.462915,23.31778],[121.462535,23.314666],[121.462009,23.312535],[121.461571,23.312972],[121.460081,23.312016],[121.458971,23.313354],[121.457657,23.313764],[121.454035,23.313491],[121.447843,23.309612],[121.446996,23.308901],[121.447726,23.306689],[121.446587,23.304886],[121.445272,23.304121],[121.443461,23.303902],[121.44241,23.302509],[121.441475,23.299859],[121.44203,23.298247],[121.441679,23.297154],[121.440599,23.297728],[121.439197,23.296854],[121.438262,23.294149],[121.436188,23.292456],[121.43426,23.288877],[121.434056,23.287893],[121.432858,23.288139],[121.431924,23.285271],[121.431339,23.285052],[121.429762,23.281446],[121.429265,23.278878],[121.428594,23.277048],[121.427454,23.27265],[121.427075,23.269098],[121.427776,23.268033],[121.427396,23.265984],[121.426052,23.264782],[121.424066,23.264236],[121.423686,23.263006],[121.422723,23.261859],[121.421934,23.258635],[121.420824,23.257624],[121.421116,23.253445],[121.420795,23.25003],[121.418692,23.246916],[121.418984,23.245304],[121.417056,23.241452],[121.41691,23.238611],[121.415917,23.236343],[121.414894,23.234923],[121.415128,23.230197],[121.416063,23.227465],[121.417991,23.228257],[121.420327,23.227683],[121.420386,23.22629],[121.417027,23.22252],[121.417202,23.222056],[121.414456,23.219706],[121.412645,23.216865],[121.411185,23.215117],[121.410163,23.214871],[121.409987,23.213505],[121.409315,23.214024],[121.409286,23.213942]]],[[[121.49154,22.677459],[121.493468,22.675082],[121.495512,22.67571],[121.496038,22.676448],[121.498667,22.675792],[121.502523,22.676284],[121.504772,22.676967],[121.507079,22.678633],[121.509533,22.677923],[121.51,22.677076],[121.509445,22.675355],[121.509095,22.672787],[121.509679,22.670438],[121.511169,22.669728],[121.510555,22.669045],[121.51038,22.666859],[121.509036,22.664865],[121.508657,22.661231],[121.508773,22.660221],[121.507839,22.65951],[121.506904,22.657161],[121.507167,22.655904],[121.50889,22.654538],[121.508803,22.653828],[121.505882,22.652735],[121.505999,22.651697],[121.505064,22.651479],[121.503866,22.652107],[121.502172,22.652189],[121.501237,22.650413],[121.499543,22.645906],[121.499719,22.645168],[121.502055,22.643884],[121.502114,22.641398],[121.502756,22.640142],[121.504626,22.638257],[121.505005,22.635716],[121.507751,22.634596],[121.506378,22.63435],[121.506729,22.632957],[121.506232,22.632574],[121.505794,22.634131],[121.502055,22.634295],[121.500975,22.635033],[121.499689,22.635088],[121.497995,22.634104],[121.498784,22.632356],[121.497703,22.631837],[121.49522,22.632492],[121.494432,22.63323],[121.493847,22.634896],[121.493438,22.638393],[121.492066,22.639049],[121.490985,22.640223],[121.488794,22.641808],[121.488794,22.642627],[121.485932,22.643966],[121.480499,22.645441],[121.477549,22.64607],[121.473518,22.646479],[121.473518,22.647572],[121.474832,22.651397],[121.474482,22.652162],[121.474774,22.65585],[121.475299,22.658691],[121.473313,22.660767],[121.470684,22.664947],[121.467588,22.668635],[121.465281,22.670465],[121.464667,22.671503],[121.464346,22.673306],[121.465456,22.675082],[121.465748,22.676366],[121.466887,22.675929],[121.469633,22.676311],[121.472379,22.675437],[121.472787,22.674945],[121.476117,22.674344],[121.479856,22.674071],[121.482134,22.67541],[121.48342,22.676639],[121.484997,22.677349],[121.489992,22.676994],[121.491744,22.678907],[121.49154,22.677459]]],[[[121.611795,21.942888],[121.611065,21.942506],[121.607998,21.942806],[121.606946,21.944281],[121.606654,21.946686],[121.606158,21.948051],[121.604171,21.950018],[121.603529,21.951576],[121.604463,21.952422],[121.606596,21.952559],[121.610685,21.953788],[121.612963,21.955018],[121.614862,21.954881],[121.614833,21.953051],[121.616206,21.952286],[121.615709,21.9501],[121.616147,21.949199],[121.616381,21.946822],[121.615972,21.944527],[121.61308,21.943762],[121.611795,21.942888]]],[[[121.504655,22.084781],[121.506057,22.084727],[121.508511,22.08235],[121.511198,22.080847],[121.513388,22.080383],[121.519406,22.080793],[121.521918,22.080711],[121.525569,22.081093],[121.526796,22.080875],[121.528928,22.079645],[121.530272,22.081093],[121.53293,22.081749],[121.537077,22.081476],[121.544234,22.082623],[121.546015,22.08235],[121.552062,22.08265],[121.554486,22.082459],[121.556764,22.081694],[121.558108,22.080465],[121.559948,22.080356],[121.563191,22.082732],[121.566462,22.084289],[121.568039,22.083989],[121.570113,22.082404],[121.570464,22.080711],[121.569441,22.079317],[121.567835,22.075466],[121.567835,22.073171],[121.570113,22.070111],[121.570902,22.064729],[121.574144,22.061424],[121.575897,22.059976],[121.575079,22.059293],[121.572771,22.059894],[121.570989,22.059703],[121.569675,22.058828],[121.56766,22.058145],[121.565907,22.056452],[121.56544,22.055304],[121.563862,22.054048],[121.563716,22.052409],[121.564096,22.048693],[121.56506,22.047519],[121.565936,22.04435],[121.567251,22.042437],[121.56617,22.041481],[121.568039,22.040853],[121.567309,22.039514],[121.569529,22.039405],[121.570551,22.038941],[121.572946,22.0367],[121.576159,22.034078],[121.578671,22.032439],[121.58168,22.031045],[121.588252,22.028368],[121.591027,22.027795],[121.595029,22.025363],[121.596752,22.025117],[121.596723,22.024489],[121.597891,22.024106],[121.600871,22.02173],[121.602711,22.019817],[121.602944,22.018533],[121.602594,22.016129],[121.602097,22.015173],[121.598592,22.01195],[121.597862,22.009354],[121.597015,22.00818],[121.595321,22.004983],[121.593072,22.001814],[121.590793,22.000148],[121.587463,21.999766],[121.585244,22.000667],[121.580979,22.003836],[121.582147,22.004355],[121.579665,22.004983],[121.579606,22.003973],[121.578175,22.003235],[121.576452,22.002907],[121.571369,22.00359],[121.570288,22.00217],[121.56985,22.003973],[121.569967,22.005584],[121.569412,22.008753],[121.566988,22.010994],[121.56544,22.013944],[121.562285,22.017304],[121.559715,22.019135],[121.55694,22.021648],[121.553435,22.023041],[121.553259,22.024134],[121.550426,22.024789],[121.548849,22.025691],[121.546161,22.0258],[121.545344,22.025336],[121.543562,22.025718],[121.542247,22.024735],[121.538713,22.02438],[121.537486,22.024844],[121.536698,22.025828],[121.533572,22.028314],[121.531703,22.030171],[121.530739,22.031592],[121.52957,22.032384],[121.52738,22.034406],[121.526416,22.036482],[121.524926,22.038531],[121.523992,22.039186],[121.520925,22.038722],[121.520077,22.041317],[121.517507,22.044022],[121.517186,22.04577],[121.515229,22.04689],[121.510672,22.047491],[121.508686,22.046426],[121.508919,22.047682],[121.51038,22.048529],[121.510818,22.049567],[121.509562,22.052654],[121.509124,22.055632],[121.508598,22.056862],[121.506846,22.057053],[121.507225,22.059156],[121.508803,22.059348],[121.509182,22.060987],[121.510701,22.063309],[121.51073,22.064374],[121.51,22.06768],[121.508744,22.070166],[121.506612,22.072843],[121.503662,22.07593],[121.503165,22.077323],[121.499952,22.079263],[121.499339,22.080519],[121.500945,22.082951],[121.502231,22.083989],[121.504655,22.084781]]]]}},{"type":"Feature","properties":{"COUNTYNAME":"屏東縣","COUNTYID":"T","COUNTYCODE":"10013","COUNTYENG":"Pingtung County"},"geometry":{"type":"MultiPolygon","coordinates":[[[[120.540161,22.397197],[120.524242,22.405256],[120.517524,22.408999],[120.517553,22.411485],[120.51583,22.411102],[120.513639,22.411266],[120.510309,22.411867],[120.508527,22.41214],[120.505431,22.414353],[120.499268,22.41785],[120.492141,22.421565],[120.490067,22.422248],[120.488811,22.423013],[120.480603,22.426865],[120.476426,22.428941],[120.47593,22.429624],[120.472658,22.431181],[120.468394,22.433722],[120.45855,22.43935],[120.454461,22.443092],[120.452358,22.444677],[120.4471,22.449348],[120.444617,22.452162],[120.439739,22.456806],[120.438512,22.459347],[120.436,22.459456],[120.434715,22.463772],[120.435007,22.464647],[120.433109,22.468362],[120.424433,22.468717],[120.423937,22.479972],[120.425076,22.491146],[120.425222,22.494069],[120.425748,22.498167],[120.424813,22.501472],[120.423645,22.506526],[120.423031,22.511006],[120.422798,22.51494],[120.422856,22.518464],[120.424579,22.52442],[120.425134,22.52849],[120.427471,22.534282],[120.429165,22.538571],[120.430655,22.543488],[120.431268,22.544663],[120.43305,22.545865],[120.435095,22.546603],[120.436585,22.547559],[120.437753,22.552012],[120.439038,22.555017],[120.440732,22.557639],[120.442017,22.560071],[120.442689,22.562311],[120.443449,22.567146],[120.444121,22.56884],[120.44488,22.573238],[120.445639,22.579221],[120.447012,22.586187],[120.446983,22.58952],[120.446633,22.594465],[120.445785,22.598836],[120.444851,22.600748],[120.442718,22.603343],[120.440645,22.60501],[120.439009,22.605802],[120.437548,22.607277],[120.436643,22.608889],[120.434627,22.613424],[120.433693,22.617604],[120.433459,22.620855],[120.433722,22.624597],[120.43527,22.628832],[120.435854,22.6317],[120.435358,22.633776],[120.435329,22.640251],[120.436205,22.648146],[120.436059,22.65167],[120.435883,22.655986],[120.436059,22.661341],[120.436614,22.665001],[120.43787,22.66705],[120.440002,22.673033],[120.440177,22.67459],[120.439651,22.678551],[120.442631,22.684562],[120.444763,22.686419],[120.447538,22.688304],[120.448064,22.689424],[120.448852,22.6912],[120.451102,22.697975],[120.451277,22.700079],[120.452796,22.704176],[120.453,22.70658],[120.45487,22.714038],[120.455746,22.718491],[120.456009,22.722972],[120.45598,22.730566],[120.455687,22.734118],[120.454928,22.739636],[120.454607,22.747668],[120.454285,22.74876],[120.454198,22.753568],[120.45373,22.756573],[120.454023,22.757885],[120.453789,22.761491],[120.454431,22.764195],[120.453818,22.767528],[120.453818,22.769577],[120.454315,22.771763],[120.455366,22.773675],[120.455746,22.775096],[120.45598,22.780177],[120.457469,22.785477],[120.459952,22.790531],[120.461412,22.794519],[120.46261,22.796623],[120.464041,22.800283],[120.464363,22.804163],[120.465064,22.807495],[120.465502,22.812768],[120.467371,22.815472],[120.467313,22.818368],[120.467546,22.822357],[120.469211,22.825034],[120.468773,22.830662],[120.469971,22.831508],[120.472162,22.833967],[120.474177,22.83689],[120.476251,22.838174],[120.477302,22.838038],[120.479055,22.836754],[120.480369,22.837737],[120.481684,22.837327],[120.482268,22.835961],[120.485393,22.835524],[120.488285,22.835798],[120.490826,22.835251],[120.492754,22.835688],[120.49144,22.836945],[120.492667,22.8373],[120.493952,22.836754],[120.496405,22.832547],[120.49772,22.831727],[120.499969,22.831263],[120.503416,22.831727],[120.505256,22.831454],[120.505548,22.831099],[120.508936,22.829569],[120.509988,22.828503],[120.513551,22.830826],[120.515654,22.831563],[120.519948,22.831427],[120.520094,22.832355],[120.523482,22.832874],[120.52433,22.831973],[120.527513,22.832191],[120.53058,22.832984],[120.529792,22.8317],[120.531018,22.830826],[120.533998,22.830552],[120.535049,22.829705],[120.536451,22.829268],[120.541417,22.829569],[120.542206,22.82935],[120.544075,22.829787],[120.548018,22.828421],[120.552283,22.828285],[120.554181,22.828804],[120.557599,22.832109],[120.561513,22.833831],[120.563587,22.835251],[120.566683,22.838338],[120.569575,22.843146],[120.570685,22.844376],[120.574803,22.848227],[120.58564,22.856505],[120.595191,22.863608],[120.598083,22.866886],[120.602348,22.870683],[120.605824,22.873197],[120.612951,22.876092],[120.615112,22.876748],[120.616748,22.87683],[120.620633,22.875601],[120.622502,22.876256],[120.626007,22.878278],[120.630389,22.879917],[120.63439,22.880737],[120.637049,22.882321],[120.640437,22.883113],[120.645023,22.885162],[120.646483,22.883796],[120.647564,22.880655],[120.647681,22.879562],[120.647944,22.877868],[120.649112,22.876967],[120.65104,22.87724],[120.652325,22.879453],[120.654866,22.881474],[120.656502,22.881338],[120.658079,22.879699],[120.658313,22.878469],[120.658401,22.874344],[120.659657,22.869973],[120.658634,22.866067],[120.659335,22.864154],[120.659481,22.861941],[120.660913,22.859674],[120.664301,22.8588],[120.668565,22.858718],[120.66988,22.85686],[120.672129,22.856368],[120.674787,22.856696],[120.676744,22.857243],[120.678117,22.859483],[120.678876,22.862706],[120.679168,22.862952],[120.684046,22.863499],[120.686208,22.864646],[120.69056,22.864865],[120.691962,22.867651],[120.691991,22.868471],[120.697892,22.87306],[120.698856,22.874317],[120.701368,22.876502],[120.702536,22.879234],[120.704551,22.880655],[120.708261,22.881638],[120.70978,22.881092],[120.713519,22.880846],[120.717111,22.880983],[120.720529,22.881993],[120.722077,22.88131],[120.725027,22.880819],[120.727013,22.879016],[120.730927,22.876256],[120.733264,22.875328],[120.73747,22.874289],[120.741092,22.874098],[120.74267,22.873552],[120.744189,22.871175],[120.74635,22.869154],[120.746584,22.867788],[120.749242,22.865684],[120.752309,22.864701],[120.753944,22.865165],[120.755317,22.864427],[120.756544,22.862242],[120.758764,22.860931],[120.762182,22.856806],[120.762999,22.854593],[120.763759,22.851724],[120.763993,22.849293],[120.76592,22.848719],[120.76852,22.845195],[120.769893,22.844539],[120.771529,22.84189],[120.772901,22.841097],[120.774187,22.837956],[120.774829,22.837273],[120.777341,22.835716],[120.778714,22.835196],[120.77997,22.83536],[120.782073,22.836453],[120.785841,22.839895],[120.790223,22.840141],[120.792676,22.841125],[120.792997,22.842299],[120.792092,22.845222],[120.791683,22.848391],[120.793348,22.852025],[120.797963,22.851697],[120.799832,22.851014],[120.801088,22.851014],[120.802637,22.85238],[120.805061,22.853363],[120.807076,22.854866],[120.811837,22.857051],[120.813795,22.857652],[120.813707,22.859018],[120.814174,22.860439],[120.815898,22.862133],[120.819081,22.862351],[120.820133,22.863061],[120.822966,22.865711],[120.824339,22.866367],[120.826121,22.866394],[120.828312,22.865793],[120.833014,22.866258],[120.834854,22.864837],[120.83725,22.864236],[120.84093,22.860384],[120.841602,22.858909],[120.841193,22.85727],[120.842975,22.85421],[120.843851,22.853445],[120.847152,22.85197],[120.848349,22.851943],[120.848963,22.853309],[120.851445,22.855604],[120.853198,22.857625],[120.854512,22.856123],[120.856207,22.855139],[120.856995,22.853008],[120.859945,22.851451],[120.859361,22.849457],[120.859741,22.848774],[120.862516,22.846807],[120.863567,22.844075],[120.86456,22.843064],[120.864619,22.841944],[120.864005,22.839431],[120.86459,22.837081],[120.865261,22.836098],[120.86456,22.832164],[120.862954,22.829651],[120.861669,22.826974],[120.861961,22.826099],[120.863976,22.825608],[120.865086,22.824815],[120.865846,22.823231],[120.866839,22.819652],[120.868621,22.816838],[120.871717,22.814789],[120.873382,22.815281],[120.874725,22.815254],[120.875426,22.814352],[120.877267,22.813068],[120.877763,22.813669],[120.881151,22.814516],[120.88305,22.814052],[120.883985,22.813451],[120.885416,22.813369],[120.88787,22.812631],[120.889038,22.811757],[120.891199,22.811621],[120.892514,22.810091],[120.894412,22.808506],[120.896545,22.80796],[120.89932,22.804709],[120.900897,22.804272],[120.901686,22.803261],[120.903292,22.799792],[120.903643,22.798207],[120.903029,22.796841],[120.903321,22.793699],[120.902445,22.791377],[120.901715,22.787553],[120.90262,22.786624],[120.903847,22.784575],[120.904168,22.783209],[120.903234,22.78045],[120.903467,22.777527],[120.903818,22.775587],[120.903175,22.773839],[120.90116,22.772063],[120.900342,22.769413],[120.899641,22.768812],[120.896048,22.767856],[120.893565,22.766791],[120.892046,22.763594],[120.894091,22.763349],[120.894821,22.762584],[120.894997,22.760562],[120.894471,22.759141],[120.895259,22.757557],[120.89561,22.755754],[120.894237,22.752175],[120.89415,22.751055],[120.895347,22.748214],[120.894208,22.744171],[120.89415,22.743242],[120.895639,22.741821],[120.894734,22.737587],[120.892835,22.73603],[120.89228,22.73521],[120.892397,22.732916],[120.891433,22.729364],[120.890966,22.728654],[120.889447,22.728135],[120.888308,22.726714],[120.887285,22.722371],[120.88527,22.719229],[120.883517,22.717071],[120.879428,22.71606],[120.875485,22.71718],[120.872651,22.717016],[120.869117,22.715951],[120.867218,22.71688],[120.8631,22.716552],[120.861377,22.716661],[120.860237,22.715705],[120.858631,22.713629],[120.85682,22.714967],[120.855067,22.717453],[120.85314,22.716934],[120.8487,22.716989],[120.84794,22.715541],[120.845195,22.712345],[120.844231,22.710651],[120.842712,22.710159],[120.842507,22.708848],[120.843384,22.707646],[120.842186,22.706881],[120.840229,22.70669],[120.839674,22.703958],[120.838038,22.701745],[120.83833,22.699122],[120.836812,22.697074],[120.835001,22.696554],[120.831174,22.696828],[120.830152,22.697593],[120.828691,22.697675],[120.82653,22.696691],[120.825946,22.695871],[120.824281,22.695544],[120.822207,22.695926],[120.81987,22.695598],[120.818965,22.694751],[120.819344,22.692703],[120.818848,22.690872],[120.816336,22.691856],[120.811458,22.692047],[120.810844,22.691582],[120.809296,22.688386],[120.80804,22.689178],[120.805674,22.688987],[120.797671,22.689096],[120.796824,22.68937],[120.794925,22.690927],[120.792326,22.691473],[120.789142,22.693304],[120.787769,22.693331],[120.786747,22.692757],[120.787681,22.689752],[120.789492,22.686474],[120.789288,22.683824],[120.790193,22.681884],[120.791303,22.680436],[120.791566,22.67918],[120.790106,22.677131],[120.788616,22.675847],[120.787535,22.673634],[120.786279,22.672214],[120.78625,22.668143],[120.786338,22.66298],[120.785695,22.661177],[120.783709,22.658937],[120.782862,22.657024],[120.781343,22.654538],[120.779795,22.652517],[120.777137,22.650495],[120.773836,22.646234],[120.773047,22.644239],[120.771266,22.641262],[120.768578,22.638311],[120.767673,22.636208],[120.763963,22.633339],[120.763116,22.631126],[120.761276,22.629788],[120.76151,22.627493],[120.761042,22.625799],[120.758676,22.623832],[120.754879,22.616975],[120.753682,22.613479],[120.752893,22.612085],[120.754061,22.608534],[120.754266,22.606239],[120.754091,22.604436],[120.754821,22.60154],[120.754441,22.600338],[120.751958,22.596732],[120.749008,22.593973],[120.746613,22.590968],[120.745824,22.589547],[120.745766,22.588318],[120.746408,22.586051],[120.746671,22.584002],[120.748599,22.580286],[120.749067,22.578647],[120.749183,22.575615],[120.748804,22.572309],[120.747957,22.57108],[120.744189,22.569605],[120.742348,22.569277],[120.74156,22.568676],[120.74118,22.566518],[120.739632,22.562557],[120.739953,22.55835],[120.739048,22.553651],[120.739486,22.551465],[120.740713,22.549662],[120.740917,22.548761],[120.743341,22.544499],[120.743955,22.543106],[120.745678,22.540729],[120.748044,22.53838],[120.74857,22.536249],[120.750001,22.534036],[120.749914,22.529364],[120.751666,22.525321],[120.751316,22.521988],[120.751491,22.52106],[120.753097,22.517973],[120.753068,22.516634],[120.753886,22.51076],[120.757479,22.508548],[120.758472,22.507346],[120.758881,22.50587],[120.760867,22.503384],[120.762707,22.501117],[120.764343,22.49538],[120.763817,22.491146],[120.761889,22.489288],[120.760458,22.488523],[120.75856,22.488387],[120.75818,22.484507],[120.75745,22.48183],[120.754879,22.481065],[120.75152,22.479727],[120.750819,22.479153],[120.752046,22.477978],[120.754441,22.472432],[120.754178,22.4694],[120.75301,22.467816],[120.753039,22.466641],[120.751754,22.464565],[120.751783,22.461614],[120.751053,22.459921],[120.751491,22.4585],[120.754237,22.457325],[120.756544,22.457435],[120.75818,22.458527],[120.759144,22.457298],[120.762737,22.454511],[120.765453,22.4529],[120.768695,22.452544],[120.771937,22.451862],[120.775881,22.450359],[120.776465,22.448938],[120.775793,22.447217],[120.775676,22.445742],[120.775034,22.444294],[120.77515,22.443311],[120.776815,22.440005],[120.778714,22.438639],[120.780262,22.437137],[120.782774,22.433258],[120.783884,22.430253],[120.784731,22.42916],[120.78476,22.428122],[120.786863,22.425171],[120.787126,22.423068],[120.788032,22.420882],[120.788061,22.419871],[120.789638,22.417631],[120.788645,22.417331],[120.786659,22.415883],[120.786455,22.414872],[120.784585,22.412851],[120.783446,22.412605],[120.783008,22.411348],[120.78035,22.409463],[120.777254,22.408889],[120.776114,22.409654],[120.774771,22.409026],[120.773398,22.40695],[120.770565,22.406895],[120.768345,22.408643],[120.766242,22.409053],[120.764956,22.408944],[120.763204,22.407168],[120.760341,22.406239],[120.758121,22.404901],[120.756281,22.404737],[120.753419,22.405065],[120.755522,22.402989],[120.756077,22.400967],[120.757596,22.398071],[120.753798,22.396432],[120.75228,22.393919],[120.752426,22.392061],[120.756486,22.3884],[120.754558,22.386652],[120.752367,22.385832],[120.750498,22.384084],[120.748628,22.380396],[120.749125,22.37567],[120.748804,22.373266],[120.747518,22.371408],[120.74486,22.370179],[120.744247,22.369523],[120.743458,22.367256],[120.747402,22.364141],[120.751754,22.361437],[120.752426,22.360535],[120.753944,22.360208],[120.755755,22.360317],[120.758443,22.35947],[120.759845,22.360262],[120.761013,22.360399],[120.763175,22.358978],[120.762824,22.356683],[120.763116,22.353897],[120.763584,22.352258],[120.765249,22.349499],[120.766797,22.347969],[120.767965,22.347395],[120.770331,22.347778],[120.771675,22.348624],[120.77407,22.348542],[120.775034,22.349307],[120.775822,22.348734],[120.779094,22.347914],[120.78108,22.346357],[120.7833,22.346166],[120.785052,22.345537],[120.785111,22.344499],[120.786542,22.34215],[120.78847,22.341576],[120.789259,22.338407],[120.790427,22.337014],[120.792472,22.335621],[120.792822,22.333271],[120.792355,22.330758],[120.792881,22.326278],[120.793348,22.325376],[120.793406,22.323655],[120.794838,22.323027],[120.795509,22.320732],[120.796386,22.319885],[120.796795,22.318301],[120.795948,22.316225],[120.794224,22.314695],[120.792968,22.3124],[120.790544,22.311335],[120.787126,22.309204],[120.783212,22.309477],[120.781927,22.309067],[120.778159,22.308493],[120.777779,22.305379],[120.776815,22.302593],[120.77775,22.297976],[120.778626,22.29691],[120.781547,22.294616],[120.788616,22.294015],[120.789901,22.293304],[120.791128,22.290627],[120.791099,22.288141],[120.792588,22.286994],[120.793406,22.285737],[120.796035,22.285136],[120.798985,22.285409],[120.800679,22.284234],[120.803484,22.284289],[120.805674,22.283797],[120.806054,22.282349],[120.80582,22.281311],[120.807164,22.280301],[120.806784,22.277159],[120.804856,22.276776],[120.804272,22.27735],[120.803075,22.276995],[120.800066,22.277268],[120.798167,22.276449],[120.79808,22.274646],[120.797554,22.272405],[120.796298,22.269919],[120.79621,22.267925],[120.797291,22.266505],[120.798518,22.26604],[120.799599,22.265002],[120.798576,22.263554],[120.798956,22.262079],[120.798839,22.259976],[120.797875,22.257954],[120.799716,22.257189],[120.806697,22.259839],[120.808011,22.259374],[120.809384,22.260713],[120.812568,22.262106],[120.813911,22.26186],[120.815197,22.263254],[120.817709,22.261423],[120.818643,22.261205],[120.821243,22.258719],[120.822937,22.257708],[120.825887,22.256643],[120.827552,22.254894],[120.829422,22.252244],[120.830152,22.251835],[120.831525,22.250059],[120.832518,22.247245],[120.834621,22.245387],[120.835935,22.245469],[120.838097,22.244021],[120.839762,22.243721],[120.841281,22.244595],[120.84242,22.243475],[120.844903,22.242847],[120.846421,22.24353],[120.850832,22.243666],[120.853227,22.242492],[120.85425,22.242437],[120.855447,22.241481],[120.858689,22.240798],[120.858689,22.239186],[120.859186,22.238476],[120.86161,22.237465],[120.863538,22.235553],[120.864298,22.234269],[120.864064,22.233367],[120.862311,22.231346],[120.863859,22.231154],[120.86643,22.229816],[120.867452,22.230007],[120.86865,22.231291],[120.87084,22.2314],[120.871541,22.231892],[120.871454,22.23293],[120.873966,22.233586],[120.874725,22.234241],[120.875864,22.234187],[120.876536,22.234842],[120.879486,22.235198],[120.880888,22.235034],[120.882495,22.23741],[120.882933,22.238967],[120.884043,22.240579],[120.885912,22.241973],[120.887636,22.242437],[120.888687,22.243257],[120.891375,22.244295],[120.892251,22.245524],[120.896282,22.246453],[120.897012,22.24159],[120.897801,22.238667],[120.898268,22.237929],[120.898823,22.234733],[120.899232,22.233914],[120.898619,22.232821],[120.89894,22.229843],[120.896486,22.228477],[120.894705,22.223696],[120.894763,22.221757],[120.894179,22.220582],[120.894442,22.217058],[120.894208,22.216457],[120.895113,22.212113],[120.896107,22.205639],[120.896545,22.204956],[120.896399,22.203508],[120.895639,22.202388],[120.895026,22.200339],[120.893565,22.198427],[120.893653,22.197935],[120.891842,22.196979],[120.890703,22.19534],[120.890761,22.193455],[120.891638,22.187253],[120.892368,22.185423],[120.891959,22.184084],[120.89228,22.181489],[120.892981,22.179167],[120.893945,22.177364],[120.893565,22.1769],[120.893799,22.173976],[120.894237,22.172638],[120.89412,22.170835],[120.893595,22.169961],[120.893828,22.168567],[120.892339,22.163951],[120.892105,22.162421],[120.893419,22.160426],[120.893974,22.155755],[120.893507,22.153378],[120.892572,22.150319],[120.893682,22.148816],[120.895084,22.146221],[120.896983,22.144117],[120.896545,22.140757],[120.891491,22.135512],[120.891053,22.134638],[120.889242,22.1336],[120.88787,22.133272],[120.886672,22.12972],[120.886643,22.128573],[120.887227,22.125541],[120.887519,22.122672],[120.888395,22.122153],[120.888132,22.120569],[120.8886,22.119039],[120.890703,22.114886],[120.89082,22.113411],[120.891725,22.112947],[120.891871,22.111062],[120.892485,22.10975],[120.898064,22.106827],[120.900663,22.105898],[120.900955,22.10497],[120.901919,22.105598],[120.90189,22.104341],[120.90005,22.103467],[120.898794,22.100981],[120.89821,22.098085],[120.898589,22.094097],[120.894091,22.088606],[120.893741,22.083361],[120.894062,22.080875],[120.893565,22.079755],[120.893565,22.07593],[120.893244,22.074837],[120.893273,22.072624],[120.892981,22.06798],[120.893887,22.061506],[120.894208,22.05596],[120.893741,22.053938],[120.893653,22.049731],[120.893945,22.048338],[120.895113,22.046754],[120.896428,22.043148],[120.89932,22.036919],[120.901218,22.034351],[120.901072,22.033258],[120.900167,22.032603],[120.896603,22.030909],[120.892689,22.028396],[120.889213,22.025773],[120.888395,22.022577],[120.887168,22.020364],[120.887315,22.017659],[120.887081,22.016457],[120.883722,22.013234],[120.878815,22.011294],[120.87823,22.01072],[120.879165,22.007224],[120.879019,22.004464],[120.877529,22.001514],[120.875777,21.998837],[120.870432,21.996187],[120.869351,21.995996],[120.867306,21.994958],[120.864911,21.993018],[120.863684,21.992444],[120.861581,21.990832],[120.859566,21.990477],[120.858835,21.989876],[120.856615,21.989466],[120.855798,21.988975],[120.851591,21.989057],[120.848495,21.988182],[120.846684,21.987144],[120.8461,21.986216],[120.844172,21.980233],[120.844172,21.979304],[120.845253,21.97802],[120.845487,21.976381],[120.844523,21.973813],[120.844873,21.970316],[120.844523,21.968267],[120.843004,21.963568],[120.841631,21.95988],[120.841397,21.956466],[120.842945,21.954253],[120.842332,21.95133],[120.842332,21.949936],[120.843296,21.946221],[120.844844,21.943708],[120.845516,21.941304],[120.846363,21.939774],[120.847561,21.938627],[120.848729,21.936031],[120.848904,21.933818],[120.851358,21.931742],[120.853402,21.930294],[120.854951,21.928601],[120.857784,21.924667],[120.858485,21.922618],[120.861114,21.919285],[120.862019,21.918902],[120.862574,21.917564],[120.862925,21.913739],[120.861932,21.909669],[120.863334,21.905598],[120.864064,21.904724],[120.865407,21.904205],[120.86716,21.90273],[120.866897,21.900544],[120.86494,21.898168],[120.860617,21.896255],[120.858602,21.8956],[120.853928,21.895818],[120.853256,21.895627],[120.851153,21.896365],[120.847911,21.899916],[120.846597,21.902921],[120.846451,21.905161],[120.845983,21.906035],[120.845925,21.909641],[120.846159,21.913685],[120.845136,21.91475],[120.843734,21.914586],[120.841427,21.914887],[120.83725,21.916007],[120.835526,21.917181],[120.834446,21.918793],[120.833686,21.921307],[120.832751,21.923383],[120.830239,21.925322],[120.82948,21.926224],[120.82355,21.931469],[120.823171,21.933026],[120.822236,21.934365],[120.820688,21.934884],[120.818585,21.934747],[120.816745,21.933928],[120.813035,21.933491],[120.810085,21.934392],[120.80731,21.93625],[120.806112,21.938353],[120.805119,21.9392],[120.802958,21.939856],[120.802695,21.938026],[120.801468,21.937124],[120.799161,21.937424],[120.798343,21.937916],[120.797992,21.940511],[120.796649,21.942178],[120.794312,21.943161],[120.791887,21.943489],[120.785783,21.943653],[120.784439,21.943981],[120.783037,21.943544],[120.780321,21.945784],[120.777604,21.949281],[120.775559,21.949554],[120.772814,21.950401],[120.770156,21.952395],[120.768374,21.955346],[120.765979,21.958214],[120.766446,21.958678],[120.764694,21.959143],[120.761393,21.95887],[120.760633,21.95723],[120.75856,21.956302],[120.757537,21.957394],[120.75596,21.956684],[120.755814,21.955701],[120.755113,21.956411],[120.753156,21.955236],[120.753302,21.953679],[120.754762,21.954089],[120.752688,21.950756],[120.75114,21.950838],[120.748453,21.949445],[120.748307,21.946986],[120.749008,21.944992],[120.748482,21.941795],[120.747168,21.941877],[120.746029,21.94338],[120.745357,21.942478],[120.745357,21.938982],[120.746847,21.934201],[120.746233,21.932589],[120.747109,21.931824],[120.745707,21.931169],[120.745211,21.932453],[120.744043,21.932207],[120.744305,21.931278],[120.743809,21.929529],[120.741823,21.927371],[120.740216,21.926907],[120.739866,21.926278],[120.739661,21.919476],[120.738814,21.919749],[120.736682,21.919039],[120.733264,21.918629],[120.732388,21.919094],[120.728708,21.918329],[120.726634,21.919066],[120.723362,21.92147],[120.719039,21.927289],[120.718981,21.931196],[120.719273,21.93289],[120.718017,21.933982],[120.716031,21.934829],[120.712672,21.933327],[120.71127,21.933463],[120.710569,21.934119],[120.710189,21.93737],[120.709926,21.941495],[120.710393,21.943626],[120.710831,21.947806],[120.711445,21.951657],[120.711649,21.955482],[120.711766,21.96152],[120.711532,21.963924],[120.711912,21.964962],[120.715008,21.971136],[120.715154,21.972884],[120.714132,21.978758],[120.713577,21.980615],[120.711094,21.983948],[120.710072,21.985642],[120.70794,21.986516],[120.706947,21.9875],[120.706041,21.990423],[120.705603,21.993537],[120.704697,21.994684],[120.700696,21.995996],[120.698271,21.998126],[120.696168,22.000257],[120.694825,22.001241],[120.693832,22.002607],[120.693189,22.007579],[120.692371,22.0096],[120.69094,22.012933],[120.688924,22.015638],[120.685244,22.023915],[120.685127,22.025418],[120.686266,22.030472],[120.687143,22.032766],[120.689538,22.036017],[120.691787,22.037793],[120.693481,22.039842],[120.693832,22.041508],[120.694533,22.041181],[120.695409,22.041864],[120.696168,22.040634],[120.696899,22.040962],[120.697015,22.042273],[120.696431,22.043066],[120.694883,22.042874],[120.695497,22.044514],[120.695409,22.046043],[120.694416,22.048256],[120.695234,22.050578],[120.69757,22.055004],[120.699703,22.056097],[120.702215,22.055496],[120.704493,22.056042],[120.705282,22.057517],[120.705223,22.058419],[120.705953,22.059949],[120.705428,22.064948],[120.704844,22.067871],[120.705749,22.070739],[120.703325,22.078334],[120.700637,22.08011],[120.699323,22.082787],[120.699819,22.084126],[120.701309,22.086147],[120.702682,22.086693],[120.705661,22.087131],[120.707677,22.08795],[120.709897,22.089371],[120.71273,22.090819],[120.714512,22.090764],[120.716849,22.09325],[120.71641,22.095162],[120.715622,22.096883],[120.715622,22.098768],[120.716148,22.10038],[120.715417,22.10221],[120.715855,22.104806],[120.715154,22.106499],[120.712526,22.10833],[120.712496,22.109395],[120.71311,22.111471],[120.711795,22.114613],[120.711416,22.114367],[120.709692,22.115924],[120.710598,22.117263],[120.709459,22.119448],[120.709517,22.12147],[120.70905,22.122754],[120.706596,22.126005],[120.704435,22.127289],[120.702331,22.12983],[120.701893,22.132097],[120.702069,22.133272],[120.701484,22.134146],[120.698505,22.136823],[120.6976,22.140457],[120.698038,22.142423],[120.698067,22.144117],[120.699761,22.146904],[120.699966,22.148324],[120.699498,22.150073],[120.698184,22.152367],[120.696081,22.154198],[120.69573,22.155564],[120.694591,22.157394],[120.694737,22.158514],[120.696022,22.159689],[120.695467,22.166464],[120.693948,22.16742],[120.693656,22.168622],[120.694153,22.169332],[120.693802,22.172474],[120.693218,22.173567],[120.691086,22.175097],[120.691057,22.176544],[120.691582,22.177637],[120.691057,22.181407],[120.689976,22.183593],[120.690005,22.185341],[120.688983,22.188018],[120.685565,22.192499],[120.684572,22.19493],[120.683842,22.198372],[120.684251,22.200394],[120.685799,22.203235],[120.685448,22.208125],[120.684864,22.210283],[120.682177,22.214381],[120.680366,22.215255],[120.680395,22.216839],[120.678467,22.218479],[120.676656,22.222276],[120.675546,22.223205],[120.673998,22.223205],[120.672538,22.225281],[120.672187,22.226947],[120.673122,22.228914],[120.673823,22.229215],[120.672888,22.230335],[120.672012,22.233231],[120.670493,22.234433],[120.669938,22.235498],[120.667602,22.236618],[120.66728,22.237602],[120.665265,22.239514],[120.664038,22.239295],[120.660591,22.24159],[120.657933,22.242874],[120.657933,22.247081],[120.652822,22.251015],[120.650981,22.251261],[120.650426,22.251807],[120.649287,22.255741],[120.649609,22.2582],[120.650572,22.262325],[120.652091,22.265685],[120.652091,22.268226],[120.648937,22.275465],[120.648002,22.280082],[120.644146,22.287567],[120.643913,22.289999],[120.642715,22.291064],[120.643124,22.294206],[120.642774,22.298413],[120.642744,22.301636],[120.640408,22.305789],[120.637545,22.309012],[120.636201,22.312782],[120.630476,22.319093],[120.625452,22.323901],[120.620282,22.328518],[120.616631,22.331496],[120.610439,22.336058],[120.607313,22.339336],[120.606583,22.339363],[120.605386,22.340729],[120.605123,22.342642],[120.602143,22.348898],[120.599777,22.353214],[120.59893,22.355755],[120.597353,22.357503],[120.596301,22.358159],[120.594695,22.359962],[120.594315,22.359825],[120.592241,22.362093],[120.590167,22.363322],[120.591307,22.364305],[120.58935,22.366382],[120.585582,22.369387],[120.583157,22.370479],[120.580061,22.37231],[120.579243,22.373239],[120.57641,22.375178],[120.57419,22.375998],[120.57124,22.378047],[120.570743,22.379413],[120.568465,22.380997],[120.563675,22.383838],[120.560374,22.386078],[120.549596,22.392444],[120.540161,22.397197]]],[[[120.379626,22.356],[120.381729,22.354935],[120.382372,22.353706],[120.385088,22.351903],[120.388477,22.350701],[120.388973,22.349444],[120.38836,22.343898],[120.388009,22.342751],[120.387016,22.341767],[120.383686,22.339882],[120.382313,22.338872],[120.38097,22.338462],[120.380269,22.33767],[120.378575,22.336987],[120.376764,22.33573],[120.375508,22.333572],[120.371506,22.331141],[120.369403,22.328381],[120.367358,22.326305],[120.363795,22.324256],[120.363123,22.323601],[120.359881,22.322262],[120.357398,22.322235],[120.354652,22.323273],[120.353192,22.324994],[120.35363,22.329419],[120.354886,22.330867],[120.358274,22.332752],[120.360348,22.334719],[120.361049,22.337533],[120.36175,22.33879],[120.36324,22.340019],[120.362568,22.343434],[120.362918,22.34409],[120.36175,22.344554],[120.360932,22.345947],[120.361487,22.346958],[120.363853,22.348324],[120.365635,22.350947],[120.367417,22.352121],[120.37209,22.353187],[120.376968,22.355727],[120.379626,22.356]]]]}},{"type":"Feature","properties":{"COUNTYNAME":"雲林縣","COUNTYID":"P","COUNTYCODE":"10009","COUNTYENG":"Yunlin County"},"geometry":{"type":"MultiPolygon","coordinates":[[[[120.167771,23.756954],[120.169202,23.758921],[120.164353,23.769029],[120.162922,23.772553],[120.162893,23.779711],[120.161929,23.779847],[120.156729,23.784573],[120.160147,23.786704],[120.163564,23.791867],[120.165054,23.794435],[120.1678,23.796648],[120.172649,23.800855],[120.175453,23.80315],[120.175657,23.804434],[120.170224,23.805499],[120.170341,23.806565],[120.174985,23.805827],[120.176884,23.807193],[120.177994,23.809078],[120.18109,23.809788],[120.181411,23.810444],[120.182054,23.815689],[120.18255,23.816181],[120.185676,23.816181],[120.188977,23.817137],[120.191664,23.818257],[120.19292,23.819213],[120.195607,23.823093],[120.198148,23.825442],[120.200076,23.826699],[120.206035,23.834293],[120.207671,23.837216],[120.208342,23.840221],[120.208401,23.841942],[120.206356,23.844101],[120.204516,23.844893],[120.204311,23.84686],[120.205188,23.84839],[120.207203,23.848827],[120.210971,23.849182],[120.213396,23.849974],[120.214301,23.850712],[120.215353,23.852897],[120.219237,23.85847],[120.219822,23.862404],[120.219909,23.864562],[120.220347,23.866229],[120.227475,23.857268],[120.23095,23.853334],[120.235945,23.848171],[120.239801,23.844592],[120.243773,23.841369],[120.249177,23.83749],[120.25499,23.834266],[120.257881,23.833419],[120.277247,23.828283],[120.302075,23.821863],[120.308122,23.820306],[120.316417,23.82006],[120.333125,23.822273],[120.33885,23.822191],[120.350592,23.822273],[120.352374,23.822328],[120.357427,23.822847],[120.360114,23.823257],[120.370338,23.828556],[120.375157,23.828611],[120.38281,23.828529],[120.393618,23.827682],[120.410325,23.826398],[120.412837,23.826726],[120.418445,23.827027],[120.424959,23.830168],[120.425923,23.830332],[120.433109,23.830141],[120.439535,23.82689],[120.440937,23.825032],[120.444004,23.822136],[120.447334,23.820689],[120.450634,23.818667],[120.451949,23.817274],[120.455337,23.816673],[120.458112,23.816126],[120.465706,23.812875],[120.475258,23.809024],[120.483173,23.806565],[120.487263,23.805827],[120.493543,23.804489],[120.498392,23.803614],[120.501166,23.802549],[120.507505,23.800746],[120.509988,23.8002],[120.513347,23.799981],[120.52135,23.799763],[120.527805,23.79908],[120.529091,23.799216],[120.534903,23.801238],[120.537941,23.801265],[120.540599,23.801019],[120.545915,23.801484],[120.548778,23.801128],[120.550735,23.801156],[120.554766,23.800336],[120.558183,23.799435],[120.560286,23.798151],[120.567297,23.797249],[120.573284,23.796375],[120.578016,23.795282],[120.58269,23.793752],[120.583625,23.793261],[120.586692,23.792004],[120.592592,23.791075],[120.593731,23.791103],[120.60816,23.791184],[120.612513,23.791157],[120.614995,23.791376],[120.617858,23.790829],[120.624664,23.790092],[120.630243,23.789791],[120.633134,23.78889],[120.635033,23.786759],[120.640378,23.786049],[120.642423,23.781705],[120.644322,23.779328],[120.647593,23.774875],[120.648499,23.773209],[120.649901,23.76963],[120.655538,23.755479],[120.655976,23.753758],[120.654633,23.748322],[120.654603,23.74518],[120.65434,23.742093],[120.654457,23.739798],[120.655275,23.737613],[120.65583,23.735127],[120.65437,23.734526],[120.650894,23.736165],[120.649959,23.7357],[120.647856,23.736028],[120.646279,23.735591],[120.644614,23.736629],[120.643942,23.735564],[120.643445,23.733269],[120.642073,23.730646],[120.640262,23.73081],[120.639823,23.729007],[120.640145,23.727696],[120.639736,23.726631],[120.640349,23.724991],[120.641342,23.724308],[120.640933,23.723653],[120.641693,23.72226],[120.640466,23.71961],[120.640729,23.717588],[120.640174,23.716249],[120.640437,23.715239],[120.639736,23.714474],[120.6407,23.714255],[120.640524,23.713108],[120.638976,23.710567],[120.640262,23.709775],[120.639707,23.708764],[120.640378,23.708218],[120.640349,23.706988],[120.641488,23.705541],[120.64289,23.705404],[120.645665,23.703219],[120.645286,23.701907],[120.644205,23.701006],[120.643445,23.699694],[120.644555,23.697318],[120.645695,23.695897],[120.645432,23.695351],[120.6466,23.691745],[120.64549,23.690078],[120.645899,23.689231],[120.645695,23.68721],[120.646921,23.686773],[120.646746,23.684123],[120.648265,23.682921],[120.64771,23.682074],[120.648002,23.681008],[120.646133,23.677348],[120.646483,23.676036],[120.646045,23.675026],[120.646951,23.674315],[120.646775,23.672512],[120.645081,23.671802],[120.644263,23.669398],[120.644351,23.668387],[120.64438,23.667595],[120.642365,23.665956],[120.641372,23.665683],[120.640554,23.664399],[120.639999,23.660929],[120.63848,23.659591],[120.637282,23.657132],[120.636026,23.653062],[120.634975,23.651559],[120.635091,23.649729],[120.636347,23.648253],[120.634829,23.647079],[120.634683,23.64544],[120.635296,23.643145],[120.633543,23.641096],[120.631995,23.640386],[120.631645,23.638801],[120.630272,23.637135],[120.629074,23.635168],[120.630009,23.633884],[120.62998,23.631944],[120.628724,23.630305],[120.629892,23.627437],[120.630564,23.624295],[120.630418,23.623148],[120.631002,23.621754],[120.633543,23.619214],[120.635413,23.619897],[120.637779,23.623011],[120.638713,23.624732],[120.640729,23.625716],[120.642978,23.628174],[120.643884,23.628256],[120.64511,23.630988],[120.646688,23.630988],[120.649083,23.629841],[120.651449,23.629895],[120.652997,23.629486],[120.65361,23.628775],[120.653026,23.625798],[120.652559,23.624759],[120.652442,23.622601],[120.652909,23.621891],[120.65139,23.616181],[120.653552,23.615744],[120.658663,23.613586],[120.660036,23.611373],[120.661205,23.610472],[120.664535,23.611127],[120.667193,23.610062],[120.667894,23.609406],[120.66915,23.609324],[120.672684,23.609734],[120.675225,23.610226],[120.677796,23.611045],[120.683579,23.610882],[120.685419,23.612685],[120.68539,23.615471],[120.686091,23.617165],[120.686062,23.618203],[120.691553,23.620388],[120.69278,23.619979],[120.694679,23.620306],[120.696782,23.620006],[120.697921,23.619077],[120.699557,23.618804],[120.701777,23.61752],[120.705019,23.617274],[120.706888,23.618695],[120.708057,23.618503],[120.710276,23.619159],[120.714044,23.621017],[120.714132,23.622792],[120.713051,23.627819],[120.71606,23.629513],[120.718718,23.629786],[120.71974,23.628256],[120.720441,23.626262],[120.721902,23.624568],[120.72269,23.623038],[120.72383,23.621918],[120.725319,23.621836],[120.726955,23.619979],[120.728182,23.61976],[120.730752,23.618066],[120.730577,23.616673],[120.731307,23.614378],[120.73119,23.611756],[120.730869,23.6108],[120.729555,23.610226],[120.728941,23.608778],[120.726751,23.607439],[120.724618,23.603642],[120.727831,23.601375],[120.728532,23.599162],[120.732563,23.597332],[120.732738,23.597031],[120.730168,23.594326],[120.729934,23.593452],[120.732037,23.590775],[120.732709,23.589191],[120.73233,23.587825],[120.733907,23.584738],[120.733644,23.582416],[120.732797,23.58105],[120.732183,23.579028],[120.732154,23.577143],[120.7349,23.575367],[120.735893,23.573592],[120.736156,23.570477],[120.733673,23.570996],[120.730431,23.570778],[120.728153,23.570313],[120.724297,23.571898],[120.72085,23.570505],[120.717959,23.569057],[120.716732,23.569385],[120.716089,23.571078],[120.714716,23.570832],[120.712613,23.571352],[120.711299,23.57086],[120.710043,23.571188],[120.709488,23.572089],[120.709517,23.574275],[120.709108,23.575586],[120.704318,23.575012],[120.700725,23.576078],[120.698914,23.576351],[120.695818,23.576214],[120.694007,23.576515],[120.691349,23.576105],[120.688866,23.575121],[120.686821,23.57504],[120.685624,23.574548],[120.682849,23.572362],[120.680892,23.571515],[120.679431,23.571433],[120.676248,23.570723],[120.674875,23.57127],[120.673531,23.573182],[120.672596,23.576296],[120.670785,23.578482],[120.669792,23.578755],[120.668565,23.577799],[120.665265,23.577689],[120.664184,23.57717],[120.660679,23.576296],[120.658225,23.57351],[120.658079,23.572881],[120.655713,23.572226],[120.650835,23.572444],[120.649521,23.573291],[120.649316,23.574794],[120.647827,23.576351],[120.646571,23.576761],[120.645578,23.575804],[120.644146,23.575285],[120.643475,23.575722],[120.643504,23.578208],[120.644701,23.579465],[120.646133,23.579547],[120.648294,23.581541],[120.649054,23.582743],[120.649258,23.585721],[120.647272,23.586022],[120.647155,23.587852],[120.648645,23.590256],[120.649083,23.592551],[120.647447,23.593234],[120.645607,23.593562],[120.643066,23.592578],[120.639794,23.592551],[120.636786,23.59195],[120.635763,23.591349],[120.630593,23.589955],[120.629571,23.590365],[120.627205,23.590201],[120.625219,23.590666],[120.623203,23.589983],[120.62294,23.587961],[120.620808,23.586459],[120.620224,23.585284],[120.618997,23.584164],[120.617887,23.584328],[120.615463,23.585339],[120.612892,23.58441],[120.612133,23.583563],[120.609796,23.582607],[120.607722,23.583399],[120.606525,23.584219],[120.605502,23.583672],[120.602494,23.58318],[120.599748,23.583317],[120.597616,23.584656],[120.595922,23.584765],[120.594841,23.585421],[120.593322,23.584983],[120.591073,23.585011],[120.589817,23.585721],[120.588824,23.585503],[120.587217,23.584164],[120.585932,23.582607],[120.585027,23.582989],[120.581405,23.582115],[120.580295,23.582279],[120.578542,23.583344],[120.576702,23.583563],[120.576351,23.584437],[120.575066,23.584601],[120.574132,23.585994],[120.570918,23.587934],[120.568728,23.587989],[120.567384,23.587688],[120.56569,23.589436],[120.563061,23.589628],[120.561834,23.588781],[120.559527,23.588672],[120.557803,23.589218],[120.556956,23.591158],[120.556577,23.592851],[120.551932,23.593944],[120.548281,23.59378],[120.545214,23.593917],[120.543578,23.594354],[120.538963,23.594326],[120.536948,23.594709],[120.533355,23.596812],[120.532274,23.598725],[120.5295,23.599872],[120.52874,23.60091],[120.528068,23.602741],[120.525965,23.604735],[120.523745,23.606073],[120.523044,23.607057],[120.519598,23.609051],[120.517611,23.611073],[120.516881,23.612603],[120.515567,23.614023],[120.51507,23.615143],[120.513055,23.616864],[120.512383,23.617957],[120.510251,23.61935],[120.509462,23.621782],[120.50768,23.622984],[120.507593,23.624049],[120.506395,23.626098],[120.50657,23.628447],[120.507651,23.630223],[120.507534,23.631043],[120.505928,23.633829],[120.504701,23.634922],[120.503562,23.635277],[120.5014,23.634785],[120.499472,23.635086],[120.496727,23.634512],[120.493543,23.633201],[120.492842,23.633228],[120.491089,23.63484],[120.489045,23.635905],[120.48735,23.635004],[120.487175,23.634157],[120.488139,23.631452],[120.487292,23.630551],[120.485832,23.630633],[120.482648,23.63219],[120.47923,23.632955],[120.478734,23.632791],[120.477478,23.629895],[120.476368,23.629513],[120.474002,23.63107],[120.469591,23.630223],[120.46854,23.630278],[120.466144,23.63025],[120.463895,23.629404],[120.460711,23.629404],[120.458462,23.627683],[120.455483,23.626535],[120.453993,23.626317],[120.451072,23.627081],[120.453351,23.628502],[120.454169,23.629923],[120.452212,23.630742],[120.450663,23.629622],[120.446691,23.629731],[120.445201,23.630524],[120.444208,23.63036],[120.442631,23.628912],[120.441141,23.625989],[120.438045,23.626535],[120.435971,23.626071],[120.435066,23.625169],[120.435329,23.624404],[120.436993,23.623803],[120.437344,23.622465],[120.436818,23.621809],[120.435621,23.621946],[120.433956,23.622847],[120.431765,23.621481],[120.431531,23.619842],[120.429925,23.618367],[120.428231,23.619186],[120.426683,23.619159],[120.425631,23.618066],[120.424141,23.618312],[120.422009,23.619268],[120.42122,23.620962],[120.420957,23.624759],[120.420081,23.625197],[120.416868,23.622929],[120.415787,23.621399],[120.41383,23.62241],[120.414122,23.623148],[120.412808,23.623967],[120.409595,23.625251],[120.406616,23.625278],[120.406411,23.632545],[120.405915,23.633611],[120.404629,23.634212],[120.401446,23.6329],[120.400861,23.632163],[120.402643,23.626945],[120.39613,23.624787],[120.39426,23.623994],[120.393092,23.624213],[120.392245,23.623557],[120.39242,23.622383],[120.386607,23.621017],[120.384154,23.61752],[120.382722,23.614105],[120.383219,23.612685],[120.380736,23.611756],[120.379772,23.609925],[120.375537,23.609898],[120.371155,23.609488],[120.369899,23.609024],[120.368118,23.607494],[120.366482,23.607822],[120.366131,23.60662],[120.365869,23.602986],[120.365168,23.601675],[120.361546,23.59826],[120.36026,23.596129],[120.358595,23.594818],[120.356697,23.594026],[120.352461,23.593124],[120.343319,23.591922],[120.340719,23.591895],[120.338353,23.592196],[120.335257,23.593015],[120.333651,23.591786],[120.333417,23.582361],[120.333125,23.579219],[120.331577,23.577444],[120.326991,23.574165],[120.3248,23.573209],[120.32039,23.572417],[120.31814,23.572635],[120.31703,23.573291],[120.31186,23.574958],[120.31078,23.575067],[120.307567,23.574684],[120.30634,23.573236],[120.30672,23.571543],[120.310225,23.567199],[120.310575,23.564549],[120.308034,23.56332],[120.305697,23.562992],[120.297635,23.564549],[120.295357,23.564604],[120.29267,23.563975],[120.290012,23.562282],[120.289223,23.561189],[120.289106,23.557446],[120.290216,23.55384],[120.290888,23.550781],[120.286711,23.54783],[120.282593,23.546027],[120.280197,23.545863],[120.277014,23.54406],[120.276021,23.542967],[120.274326,23.537941],[120.273596,23.534198],[120.272574,23.531466],[120.271902,23.530729],[120.268893,23.530182],[120.266615,23.531057],[120.26457,23.532996],[120.263431,23.533543],[120.261357,23.536356],[120.259371,23.541219],[120.258115,23.54376],[120.2561,23.546082],[120.253792,23.54641],[120.248885,23.545754],[120.244358,23.544279],[120.243335,23.543623],[120.242079,23.541547],[120.242021,23.538678],[120.244036,23.532614],[120.245584,23.523298],[120.247045,23.516195],[120.246665,23.513846],[120.244766,23.511633],[120.243072,23.510103],[120.2391,23.507699],[120.237084,23.506961],[120.230892,23.505432],[120.223035,23.504312],[120.219384,23.505568],[120.218244,23.506224],[120.215762,23.506907],[120.213425,23.508218],[120.209861,23.509721],[120.206648,23.510595],[120.204983,23.511797],[120.203085,23.512043],[120.202851,23.511114],[120.201858,23.511278],[120.200982,23.511387],[120.201274,23.512453],[120.198528,23.513054],[120.198382,23.512589],[120.196746,23.512999],[120.196396,23.512343],[120.195081,23.512644],[120.193007,23.511824],[120.18994,23.510049],[120.187166,23.510568],[120.182492,23.50983],[120.180973,23.50983],[120.177059,23.51177],[120.172386,23.514693],[120.166573,23.517233],[120.165405,23.517206],[120.164558,23.515813],[120.158131,23.515922],[120.15229,23.518244],[120.148784,23.519146],[120.146389,23.520757],[120.145834,23.520839],[120.146389,23.523844],[120.145133,23.52562],[120.145367,23.526467],[120.148376,23.529773],[120.148551,23.530456],[120.150245,23.531931],[120.149135,23.533624],[120.148638,23.536903],[120.14563,23.539088],[120.144491,23.540372],[120.141716,23.544361],[120.140869,23.546],[120.140489,23.549141],[120.139583,23.549661],[120.140401,23.554332],[120.140372,23.557173],[120.140051,23.558812],[120.139058,23.55955],[120.137743,23.56138],[120.137802,23.562336],[120.14081,23.562309],[120.142066,23.564139],[120.143089,23.567636],[120.142972,23.569494],[120.143293,23.572144],[120.141365,23.572007],[120.140723,23.573073],[120.140664,23.577526],[120.140869,23.578072],[120.140986,23.582334],[120.140781,23.584301],[120.141219,23.586896],[120.141424,23.591321],[120.141687,23.592305],[120.144345,23.594135],[120.144695,23.595146],[120.144578,23.598178],[120.141891,23.598178],[120.141482,23.601511],[120.140431,23.597468],[120.14008,23.597222],[120.139437,23.599599],[120.139992,23.606756],[120.140314,23.608669],[120.140138,23.61345],[120.139175,23.614733],[120.136546,23.614733],[120.135786,23.61569],[120.133011,23.61569],[120.133508,23.619432],[120.13491,23.620334],[120.137188,23.620634],[120.137247,23.624568],[120.13786,23.627628],[120.138327,23.63178],[120.137889,23.634649],[120.137071,23.636179],[120.135728,23.636151],[120.134443,23.634212],[120.133946,23.631753],[120.132515,23.627218],[120.1312,23.62435],[120.130178,23.623148],[120.128513,23.621946],[120.125212,23.621372],[120.123518,23.621864],[120.118319,23.626644],[120.115106,23.631425],[120.114463,23.632846],[120.114405,23.63443],[120.114931,23.636261],[120.118115,23.639375],[120.122145,23.64167],[120.123956,23.643227],[120.125475,23.645713],[120.127608,23.65216],[120.130266,23.657733],[120.13231,23.660902],[120.135202,23.667131],[120.139204,23.684232],[120.141015,23.687538],[120.145367,23.691963],[120.146302,23.693794],[120.14636,23.696252],[120.145542,23.698957],[120.145893,23.700377],[120.146769,23.700733],[120.147207,23.701853],[120.14636,23.703464],[120.146915,23.70677],[120.14896,23.708163],[120.151063,23.711278],[120.152698,23.713135],[120.155736,23.71543],[120.156174,23.715457],[120.155824,23.719446],[120.165814,23.741902],[120.166807,23.755588],[120.167771,23.756954]]],[[[120.081077,23.524118],[120.082946,23.52368],[120.083764,23.52297],[120.085897,23.522779],[120.087678,23.521959],[120.088175,23.520512],[120.090804,23.520266],[120.09352,23.517889],[120.093842,23.516468],[120.095214,23.515458],[120.094747,23.514365],[120.094952,23.512125],[120.096149,23.511496],[120.095799,23.51054],[120.093549,23.51065],[120.091505,23.512097],[120.090745,23.511469],[120.089197,23.511524],[120.088818,23.512152],[120.086831,23.512179],[120.084816,23.511524],[120.083501,23.511797],[120.0828,23.512534],[120.082129,23.511852],[120.083034,23.510786],[120.082392,23.510349],[120.082625,23.508628],[120.081661,23.508409],[120.080785,23.50912],[120.079295,23.508956],[120.076608,23.507344],[120.077046,23.505841],[120.076141,23.50535],[120.075089,23.503],[120.077572,23.502645],[120.075352,23.501388],[120.074096,23.501935],[120.072373,23.501962],[120.07135,23.504011],[120.069919,23.503765],[120.071087,23.503137],[120.070912,23.501826],[120.070153,23.502754],[120.068605,23.502181],[120.068605,23.501416],[120.067232,23.500815],[120.066998,23.500186],[120.070971,23.499203],[120.074096,23.498793],[120.072928,23.497427],[120.070679,23.4974],[120.070007,23.498711],[120.066472,23.498657],[120.066034,23.497263],[120.065187,23.496662],[120.065713,23.496198],[120.069744,23.496635],[120.069364,23.495214],[120.071584,23.494368],[120.071847,23.493821],[120.070328,23.493903],[120.06913,23.493193],[120.069276,23.491253],[120.067845,23.490133],[120.066852,23.49169],[120.065275,23.491936],[120.065421,23.494641],[120.064399,23.494368],[120.064106,23.493193],[120.061916,23.492947],[120.062792,23.492046],[120.057271,23.491526],[120.055431,23.49251],[120.053971,23.492346],[120.054,23.4918],[120.055957,23.491253],[120.056161,23.490243],[120.058615,23.489997],[120.059842,23.48956],[120.062792,23.48945],[120.064545,23.487319],[120.064632,23.486418],[120.063698,23.486582],[120.063289,23.485516],[120.063873,23.484833],[120.063289,23.484014],[120.063785,23.482757],[120.062412,23.482675],[120.060368,23.481227],[120.062208,23.480981],[120.062529,23.480462],[120.060631,23.479616],[120.059637,23.479616],[120.058527,23.478878],[120.05695,23.478878],[120.055636,23.479698],[120.054905,23.478823],[120.053942,23.478851],[120.052861,23.479643],[120.054175,23.481063],[120.056424,23.481091],[120.057651,23.481719],[120.058323,23.482703],[120.05657,23.48344],[120.055811,23.48426],[120.056833,23.484915],[120.056833,23.48579],[120.055928,23.48609],[120.054321,23.488057],[120.052656,23.487948],[120.052043,23.487074],[120.053328,23.486855],[120.052306,23.485571],[120.053533,23.485079],[120.053562,23.483358],[120.052247,23.483795],[120.052101,23.481582],[120.049502,23.479534],[120.047983,23.480217],[120.048012,23.479342],[120.048976,23.476802],[120.048479,23.476884],[120.047223,23.478687],[120.046756,23.477813],[120.045938,23.477976],[120.04515,23.477266],[120.043777,23.477403],[120.043076,23.47672],[120.042316,23.477703],[120.042024,23.479943],[120.042959,23.481364],[120.044244,23.482457],[120.045588,23.484232],[120.045529,23.487511],[120.046844,23.489396],[120.046727,23.489969],[120.049034,23.492018],[120.050933,23.491882],[120.051459,23.49281],[120.049619,23.493767],[120.047662,23.493767],[120.047253,23.495187],[120.046113,23.493712],[120.045003,23.493575],[120.04512,23.492127],[120.044624,23.491608],[120.045588,23.490816],[120.045442,23.489669],[120.044653,23.489177],[120.04477,23.486937],[120.043777,23.48415],[120.042316,23.484014],[120.042404,23.482948],[120.041382,23.481282],[120.040388,23.480927],[120.040009,23.480025],[120.040681,23.478359],[120.038753,23.478796],[120.037584,23.478577],[120.03849,23.48008],[120.037614,23.48038],[120.037029,23.482511],[120.035423,23.483003],[120.034897,23.482102],[120.03627,23.481364],[120.035949,23.480353],[120.03662,23.479807],[120.035452,23.479069],[120.035803,23.477539],[120.034955,23.477375],[120.034342,23.478851],[120.033028,23.479643],[120.029785,23.479616],[120.02888,23.47926],[120.028675,23.478332],[120.027069,23.477867],[120.027303,23.475982],[120.02555,23.475791],[120.024703,23.474616],[120.025901,23.473059],[120.024703,23.471611],[120.022921,23.470901],[120.022571,23.469644],[120.02517,23.468961],[120.025725,23.46836],[120.02409,23.467431],[120.023476,23.465738],[120.02371,23.465191],[120.025287,23.464945],[120.024557,23.46388],[120.024732,23.461886],[120.024499,23.460274],[120.023856,23.459536],[120.022629,23.460247],[120.021782,23.460083],[120.020117,23.458717],[120.019153,23.459427],[120.017634,23.458689],[120.015268,23.45899],[120.013895,23.459973],[120.015239,23.461066],[120.014684,23.462296],[120.015502,23.465219],[120.016174,23.46571],[120.0167,23.468032],[120.018861,23.468032],[120.019562,23.468825],[120.018452,23.468797],[120.018014,23.469535],[120.01594,23.469344],[120.012289,23.467841],[120.012698,23.466912],[120.009631,23.464863],[120.008755,23.46276],[120.007557,23.461776],[120.007586,23.461066],[120.009018,23.459318],[120.009923,23.458908],[120.012377,23.454182],[120.01445,23.452789],[120.014801,23.450494],[120.015823,23.449674],[120.016028,23.44809],[120.018803,23.444784],[120.019913,23.444238],[120.018949,23.443555],[120.018744,23.442326],[120.020088,23.442244],[120.020906,23.441042],[120.020818,23.43943],[120.022249,23.438501],[120.020322,23.435715],[120.019153,23.436288],[120.017956,23.438938],[120.017255,23.441288],[120.01667,23.44126],[120.015882,23.439867],[120.014188,23.441807],[120.015473,23.443828],[120.013866,23.445112],[120.013019,23.444648],[120.012961,23.446642],[120.011968,23.447462],[120.012026,23.448363],[120.008112,23.451969],[120.004432,23.460329],[120.003351,23.461449],[120.000313,23.463033],[119.996896,23.465792],[119.998473,23.468278],[120.000313,23.47295],[120.001744,23.474015],[120.004169,23.474206],[120.00928,23.478441],[120.010858,23.478741],[120.010157,23.479506],[120.011646,23.479779],[120.012493,23.480462],[120.012669,23.481856],[120.014188,23.48191],[120.014918,23.483085],[120.015882,23.483304],[120.016057,23.484205],[120.017284,23.48456],[120.019562,23.486117],[120.021519,23.48691],[120.023914,23.489204],[120.024995,23.489013],[120.025404,23.490161],[120.026456,23.490215],[120.027682,23.491581],[120.030165,23.492182],[120.030808,23.49322],[120.032473,23.493767],[120.036124,23.496007],[120.03773,23.49628],[120.037847,23.496854],[120.040272,23.498903],[120.043572,23.50076],[120.049823,23.505213],[120.052101,23.505596],[120.052277,23.507098],[120.054146,23.507644],[120.054759,23.508628],[120.056424,23.50871],[120.058002,23.509557],[120.058966,23.51095],[120.060017,23.511169],[120.060543,23.512125],[120.062617,23.512671],[120.06288,23.514174],[120.063814,23.51502],[120.066618,23.515184],[120.068897,23.517834],[120.071029,23.518217],[120.073249,23.520703],[120.074768,23.521003],[120.076082,23.52226],[120.07766,23.522205],[120.079062,23.523134],[120.078682,23.524309],[120.079704,23.524418],[120.080902,23.526303],[120.081574,23.525757],[120.081077,23.524118]]],[[[120.099421,23.541656],[120.102342,23.540236],[120.102809,23.538569],[120.104006,23.538269],[120.10424,23.537176],[120.105262,23.536029],[120.107979,23.53398],[120.107161,23.532914],[120.105496,23.534034],[120.104094,23.532286],[120.103072,23.531658],[120.103773,23.531357],[120.10719,23.532095],[120.108738,23.531849],[120.108972,23.530565],[120.110608,23.530619],[120.111455,23.529445],[120.109293,23.529144],[120.110286,23.528106],[120.109994,23.527259],[120.108884,23.527833],[120.107278,23.52745],[120.105029,23.528407],[120.104211,23.52827],[120.103598,23.529199],[120.101816,23.529636],[120.099976,23.529499],[120.098895,23.527915],[120.099421,23.527205],[120.098194,23.526085],[120.098866,23.525511],[120.098252,23.524336],[120.098895,23.523762],[120.097434,23.521386],[120.096032,23.521659],[120.095156,23.5242],[120.09352,23.52562],[120.09279,23.527013],[120.092995,23.527696],[120.091651,23.527314],[120.090921,23.529199],[120.091914,23.529691],[120.091154,23.531193],[120.092206,23.531821],[120.092644,23.534034],[120.094338,23.535428],[120.095565,23.537722],[120.096704,23.539061],[120.096295,23.540946],[120.098135,23.540864],[120.098515,23.542066],[120.099421,23.541656]]],[[[120.132427,23.546737],[120.133917,23.547366],[120.134559,23.545891],[120.134735,23.543678],[120.136575,23.543459],[120.13675,23.542612],[120.135962,23.541875],[120.135903,23.540645],[120.134297,23.539252],[120.134326,23.53764],[120.133858,23.53652],[120.132486,23.535919],[120.132281,23.534553],[120.130908,23.533351],[120.129974,23.533734],[120.129974,23.532942],[120.128922,23.532559],[120.128075,23.533215],[120.12752,23.532368],[120.12901,23.531767],[120.129915,23.530811],[120.132486,23.53051],[120.131843,23.530128],[120.127286,23.530128],[120.125738,23.531084],[120.127053,23.53286],[120.126994,23.534526],[120.126118,23.534963],[120.1279,23.536274],[120.126761,23.536957],[120.127374,23.53805],[120.128951,23.538433],[120.128075,23.539498],[120.126848,23.539471],[120.12679,23.541492],[120.128425,23.543241],[120.12641,23.543077],[120.126352,23.544443],[120.127695,23.544415],[120.128455,23.543787],[120.129477,23.544115],[120.130207,23.546437],[120.129185,23.546929],[120.130558,23.548213],[120.132281,23.547912],[120.132427,23.546737]]],[[[120.13231,23.563156],[120.130704,23.56209],[120.130762,23.560424],[120.132427,23.559523],[120.130791,23.559659],[120.130821,23.558348],[120.131668,23.557228],[120.129798,23.555042],[120.130616,23.553676],[120.13012,23.552611],[120.13047,23.551873],[120.129565,23.551108],[120.128542,23.55201],[120.129302,23.552638],[120.127841,23.553294],[120.128104,23.554359],[120.127666,23.557282],[120.126498,23.558648],[120.125505,23.55884],[120.123752,23.556982],[120.1227,23.556436],[120.1227,23.555315],[120.123869,23.555042],[120.122467,23.554305],[120.122525,23.55242],[120.121094,23.552392],[120.119487,23.550781],[120.119838,23.55018],[120.118903,23.548868],[120.118231,23.549497],[120.117297,23.54895],[120.116362,23.54936],[120.115106,23.548049],[120.115369,23.546027],[120.113091,23.546437],[120.11163,23.545754],[120.110608,23.545945],[120.109469,23.545126],[120.109615,23.542585],[120.110637,23.54182],[120.108972,23.541301],[120.108096,23.539635],[120.105642,23.540618],[120.105642,23.542421],[120.103685,23.543787],[120.104503,23.545098],[120.105058,23.547967],[120.107366,23.550863],[120.109702,23.552939],[120.111192,23.55395],[120.111338,23.555234],[120.112243,23.555725],[120.114726,23.555698],[120.11531,23.556572],[120.119984,23.556545],[120.121444,23.556108],[120.122876,23.556982],[120.121883,23.558293],[120.123577,23.55955],[120.123577,23.561025],[120.124365,23.56179],[120.124482,23.56291],[120.126381,23.563784],[120.127724,23.563265],[120.128834,23.563866],[120.130791,23.563812],[120.131463,23.563129],[120.132748,23.564385],[120.13231,23.563156]]],[[[120.130353,23.569002],[120.129828,23.569193],[120.129185,23.571597],[120.127286,23.5734],[120.128367,23.573919],[120.128951,23.575149],[120.130324,23.576679],[120.130558,23.578017],[120.132194,23.578973],[120.132661,23.578646],[120.132135,23.576378],[120.132515,23.573701],[120.131843,23.572444],[120.131814,23.57127],[120.130441,23.569822],[120.130353,23.569002]]]]}},{"type":"Feature","properties":{"COUNTYNAME":"彰化縣","COUNTYID":"N","COUNTYCODE":"10007","COUNTYENG":"Changhua County"},"geometry":{"type":"Polygon","coordinates":[[[120.302075,23.821863],[120.277247,23.828283],[120.257881,23.833419],[120.25499,23.834266],[120.249177,23.83749],[120.243773,23.841369],[120.239801,23.844592],[120.235945,23.848171],[120.23095,23.853334],[120.227475,23.857268],[120.220347,23.866229],[120.220523,23.866693],[120.222684,23.868387],[120.224291,23.870327],[120.226189,23.874151],[120.225897,23.875818],[120.226861,23.877785],[120.230746,23.880571],[120.235332,23.885243],[120.236559,23.885762],[120.238399,23.887209],[120.240619,23.887892],[120.247132,23.888439],[120.248564,23.889204],[120.250258,23.890679],[120.252215,23.891662],[120.255223,23.894176],[120.257735,23.899312],[120.256713,23.90136],[120.255808,23.902289],[120.255603,23.903382],[120.256129,23.905895],[120.256217,23.90789],[120.258729,23.911113],[120.260861,23.915047],[120.260656,23.918353],[120.261036,23.919746],[120.263753,23.921822],[120.265184,23.923734],[120.267199,23.928187],[120.269127,23.930591],[120.273976,23.932039],[120.275466,23.932094],[120.278795,23.933596],[120.279555,23.93488],[120.281629,23.943459],[120.280577,23.946026],[120.280344,23.948403],[120.281629,23.952474],[120.282826,23.954523],[120.284024,23.955779],[120.286156,23.95709],[120.288814,23.957582],[120.290245,23.958211],[120.291852,23.960478],[120.294627,23.96321],[120.298745,23.966379],[120.303127,23.969357],[120.306924,23.972225],[120.307713,23.973154],[120.308385,23.975257],[120.308297,23.983453],[120.308735,23.987114],[120.310926,23.988343],[120.31186,23.989791],[120.316476,23.999216],[120.317644,24.000937],[120.32001,24.003341],[120.322376,24.005335],[120.326786,24.008695],[120.329941,24.011482],[120.332424,24.012575],[120.334147,24.013941],[120.335286,24.015744],[120.336075,24.017902],[120.337419,24.02984],[120.337769,24.031288],[120.340369,24.035112],[120.340924,24.036424],[120.34142,24.03962],[120.341858,24.04787],[120.342443,24.053826],[120.342151,24.055492],[120.341216,24.057432],[120.340661,24.05765],[120.339726,24.059727],[120.342092,24.060136],[120.343085,24.061775],[120.34402,24.064316],[120.345247,24.066775],[120.346561,24.06855],[120.350183,24.071392],[120.352345,24.072184],[120.354857,24.072512],[120.357982,24.073604],[120.35918,24.074287],[120.361166,24.076282],[120.362714,24.079888],[120.363357,24.080844],[120.365576,24.0815],[120.370834,24.081691],[120.37726,24.083767],[120.378867,24.084914],[120.382372,24.086472],[120.384183,24.087674],[120.384796,24.089176],[120.384913,24.091881],[120.385819,24.092864],[120.386315,24.097071],[120.381817,24.09688],[120.380006,24.094503],[120.380298,24.092727],[120.379685,24.093165],[120.379918,24.095077],[120.385322,24.102016],[120.396831,24.117505],[120.397269,24.121084],[120.398437,24.123679],[120.399284,24.1248],[120.40019,24.127887],[120.401124,24.128979],[120.401183,24.129935],[120.399985,24.131738],[120.399722,24.13305],[120.399985,24.13529],[120.401855,24.138295],[120.404805,24.139251],[120.407112,24.139579],[120.409011,24.142666],[120.410238,24.147583],[120.411757,24.149386],[120.41272,24.151107],[120.412808,24.152255],[120.411727,24.15332],[120.408865,24.153894],[120.408193,24.154276],[120.408339,24.155697],[120.410442,24.156735],[120.412282,24.156899],[120.41497,24.157555],[120.415262,24.158374],[120.414853,24.160805],[120.415232,24.164002],[120.416021,24.166051],[120.41608,24.16952],[120.416372,24.170476],[120.418329,24.173673],[120.421162,24.175612],[120.423353,24.176131],[120.424726,24.177579],[120.426157,24.179683],[120.424375,24.181868],[120.424696,24.183289],[120.42972,24.184518],[120.431093,24.185201],[120.4327,24.186649],[120.434774,24.186567],[120.439155,24.18572],[120.440206,24.186294],[120.442339,24.188507],[120.443945,24.188944],[120.44634,24.192495],[120.4471,24.194325],[120.448765,24.196238],[120.450634,24.197877],[120.453175,24.202057],[120.453497,24.203641],[120.456535,24.207193],[120.494244,24.194571],[120.504379,24.191129],[120.508089,24.187168],[120.511127,24.180639],[120.512587,24.176951],[120.517524,24.16534],[120.518984,24.163128],[120.519685,24.161461],[120.520795,24.158511],[120.523395,24.153839],[120.524534,24.152419],[120.525848,24.148539],[120.525673,24.146053],[120.524417,24.14242],[120.523278,24.140945],[120.523687,24.13947],[120.527601,24.13417],[120.529908,24.130755],[120.530726,24.129007],[120.532245,24.126903],[120.534085,24.125564],[120.540336,24.12398],[120.545243,24.116631],[120.546587,24.116085],[120.549596,24.113927],[120.551991,24.113517],[120.553685,24.112807],[120.558037,24.112533],[120.565602,24.109829],[120.572613,24.108326],[120.575534,24.109037],[120.576614,24.109583],[120.581784,24.109556],[120.583508,24.109556],[120.585523,24.107561],[120.586925,24.106769],[120.588941,24.106086],[120.59487,24.104884],[120.599953,24.105185],[120.601063,24.104666],[120.602231,24.103191],[120.603078,24.10289],[120.608044,24.102726],[120.608861,24.102098],[120.612367,24.102589],[120.612483,24.099175],[120.613243,24.098109],[120.613418,24.095323],[120.614528,24.092154],[120.614908,24.089996],[120.615171,24.084286],[120.61666,24.080926],[120.616982,24.079423],[120.618647,24.075107],[120.619669,24.073058],[120.620691,24.07232],[120.621976,24.072648],[120.623963,24.071474],[120.625336,24.068933],[120.625336,24.065354],[120.625657,24.062076],[120.625511,24.059727],[120.625686,24.057022],[120.623554,24.053279],[120.623437,24.051968],[120.624459,24.049373],[120.624488,24.04828],[120.625774,24.046723],[120.625744,24.044073],[120.626007,24.041614],[120.627702,24.040221],[120.62811,24.038363],[120.626299,24.035768],[120.624459,24.033774],[120.624167,24.031616],[120.625131,24.030195],[120.628665,24.029621],[120.631382,24.030168],[120.633982,24.031097],[120.636143,24.031069],[120.637107,24.028857],[120.63883,24.027736],[120.640262,24.027272],[120.641926,24.027354],[120.643212,24.026343],[120.644847,24.025933],[120.646191,24.026671],[120.646162,24.028337],[120.644409,24.032326],[120.645081,24.034266],[120.646542,24.033938],[120.649229,24.030742],[120.649638,24.030769],[120.651887,24.028583],[120.655713,24.030687],[120.658138,24.028228],[120.661234,24.025715],[120.663483,24.024977],[120.664797,24.023284],[120.668419,24.020716],[120.678643,24.014023],[120.677416,24.012083],[120.676248,24.010854],[120.673034,24.01028],[120.670698,24.010635],[120.671048,24.00987],[120.673064,24.008777],[120.673706,24.007712],[120.672567,24.005827],[120.671253,24.006565],[120.670376,24.006291],[120.667572,24.006892],[120.666141,24.007739],[120.661409,24.008313],[120.650835,24.008477],[120.649492,24.008094],[120.647301,24.008422],[120.646366,24.009132],[120.643299,24.00834],[120.642452,24.008941],[120.641547,24.008149],[120.640349,24.005718],[120.638071,24.007411],[120.638217,24.004106],[120.637837,24.002576],[120.636114,23.998396],[120.636347,23.9955],[120.637487,23.993725],[120.643562,23.990829],[120.645315,23.989627],[120.650105,23.984901],[120.650047,23.982961],[120.646834,23.975394],[120.646308,23.972963],[120.646951,23.971624],[120.646863,23.966925],[120.646571,23.96504],[120.646834,23.963374],[120.644234,23.96209],[120.642861,23.959522],[120.642657,23.958265],[120.64032,23.956162],[120.639561,23.955151],[120.636756,23.952692],[120.635267,23.952392],[120.634128,23.954195],[120.63147,23.955588],[120.630944,23.956353],[120.629659,23.956107],[120.626971,23.956435],[120.627789,23.955834],[120.630885,23.954468],[120.632784,23.954413],[120.633835,23.953375],[120.634069,23.952255],[120.63182,23.95343],[120.629396,23.952119],[120.628315,23.952638],[120.627555,23.952037],[120.628987,23.949824],[120.632726,23.945999],[120.634595,23.943786],[120.633368,23.942885],[120.631703,23.943786],[120.630739,23.94477],[120.630155,23.943049],[120.632726,23.941191],[120.633835,23.939579],[120.635296,23.93876],[120.636873,23.937121],[120.636873,23.935755],[120.6355,23.937448],[120.635354,23.936902],[120.632755,23.935645],[120.632696,23.93417],[120.632112,23.932886],[120.630915,23.932149],[120.630389,23.932613],[120.629775,23.93122],[120.62849,23.931384],[120.627818,23.931165],[120.628519,23.930154],[120.630973,23.929335],[120.631703,23.928488],[120.632755,23.928379],[120.634215,23.92663],[120.635822,23.925947],[120.637282,23.924554],[120.636961,23.923461],[120.637253,23.921904],[120.635384,23.921686],[120.636581,23.919964],[120.636523,23.919445],[120.634858,23.920074],[120.634887,23.917752],[120.633894,23.917724],[120.63439,23.916959],[120.63404,23.915594],[120.633368,23.915238],[120.634712,23.913108],[120.633047,23.9142],[120.633543,23.912452],[120.632141,23.910676],[120.629834,23.911195],[120.629863,23.910376],[120.631762,23.910458],[120.633018,23.909529],[120.631732,23.908764],[120.630506,23.908627],[120.633573,23.908026],[120.633514,23.906387],[120.632112,23.906742],[120.632638,23.905731],[120.632171,23.904529],[120.633018,23.904229],[120.631616,23.902808],[120.633485,23.902644],[120.63404,23.901634],[120.634858,23.901497],[120.633719,23.900377],[120.635062,23.898601],[120.63404,23.897727],[120.634361,23.896744],[120.63293,23.896744],[120.633134,23.895569],[120.634186,23.895241],[120.633806,23.894012],[120.634361,23.893411],[120.633134,23.893192],[120.632346,23.892045],[120.63404,23.891881],[120.632258,23.890433],[120.631966,23.889422],[120.630447,23.889832],[120.629542,23.889422],[120.627351,23.889668],[120.629425,23.889094],[120.629542,23.886882],[120.628958,23.885707],[120.6296,23.884805],[120.628198,23.883467],[120.627526,23.883603],[120.62703,23.882347],[120.626679,23.879424],[120.62481,23.877074],[120.625744,23.875244],[120.625803,23.873468],[120.625073,23.872075],[120.623758,23.871474],[120.623934,23.868933],[120.621538,23.869835],[120.621392,23.868769],[120.619903,23.868305],[120.620604,23.86795],[120.620078,23.865382],[120.620604,23.863715],[120.621947,23.863552],[120.623525,23.861967],[120.623028,23.860465],[120.624459,23.859727],[120.624868,23.85847],[120.626446,23.858607],[120.626679,23.857487],[120.627789,23.857487],[120.626066,23.855793],[120.62627,23.854127],[120.625949,23.852078],[120.624401,23.851996],[120.624839,23.851067],[120.623057,23.84981],[120.622707,23.848718],[120.621392,23.849373],[120.619464,23.849646],[120.620604,23.848991],[120.619581,23.84869],[120.62294,23.848007],[120.62332,23.846723],[120.621597,23.846587],[120.621334,23.844592],[120.620282,23.84421],[120.618325,23.844347],[120.61964,23.843472],[120.618267,23.842571],[120.619786,23.842516],[120.618851,23.841697],[120.616076,23.841205],[120.61555,23.840631],[120.616806,23.840058],[120.616339,23.839429],[120.61742,23.838746],[120.617157,23.837626],[120.618325,23.838965],[120.618588,23.840495],[120.621129,23.841751],[120.622152,23.840877],[120.620925,23.840221],[120.620867,23.839456],[120.622999,23.839839],[120.621889,23.838774],[120.623963,23.839675],[120.624459,23.840604],[120.626007,23.841915],[120.626329,23.840522],[120.628227,23.838446],[120.628344,23.837899],[120.62554,23.837653],[120.625043,23.836561],[120.626884,23.837189],[120.630155,23.837107],[120.628256,23.83585],[120.631031,23.835632],[120.629133,23.834403],[120.630739,23.834703],[120.633573,23.834403],[120.633456,23.833883],[120.628753,23.832135],[120.624927,23.831889],[120.623934,23.831479],[120.62294,23.83025],[120.624284,23.829431],[120.627497,23.831316],[120.62814,23.831206],[120.630506,23.832436],[120.630389,23.831206],[120.633222,23.8329],[120.634537,23.833201],[120.636932,23.832873],[120.638363,23.831397],[120.636055,23.831643],[120.63442,23.831261],[120.636435,23.830878],[120.636786,23.830059],[120.638158,23.828912],[120.636085,23.827873],[120.637457,23.827327],[120.639444,23.827436],[120.639181,23.826753],[120.63772,23.826398],[120.639911,23.82577],[120.639823,23.82506],[120.637019,23.825852],[120.63404,23.825852],[120.636347,23.825551],[120.636902,23.824759],[120.639181,23.824513],[120.637808,23.823694],[120.638713,23.822628],[120.637866,23.821699],[120.639239,23.822136],[120.640466,23.82129],[120.640028,23.820306],[120.642511,23.819323],[120.644555,23.817547],[120.646542,23.817246],[120.648761,23.816044],[120.650076,23.814351],[120.650719,23.812739],[120.651916,23.812466],[120.653318,23.812794],[120.655596,23.812821],[120.658634,23.814515],[120.660416,23.814624],[120.662431,23.815361],[120.66506,23.815034],[120.664739,23.816318],[120.667572,23.816591],[120.667981,23.817356],[120.669938,23.81853],[120.67137,23.818722],[120.674524,23.82006],[120.676364,23.819295],[120.678818,23.81629],[120.677971,23.814077],[120.678526,23.811154],[120.678409,23.808395],[120.678993,23.805964],[120.679753,23.805773],[120.682498,23.806073],[120.683404,23.805417],[120.6839,23.803369],[120.683813,23.801347],[120.679899,23.80162],[120.675108,23.79979],[120.673034,23.798205],[120.669646,23.796129],[120.666638,23.793561],[120.664184,23.792305],[120.662373,23.791731],[120.658138,23.791048],[120.652091,23.789081],[120.6466,23.787141],[120.644672,23.786786],[120.64254,23.785748],[120.640378,23.786049],[120.635033,23.786759],[120.633134,23.78889],[120.630243,23.789791],[120.624664,23.790092],[120.617858,23.790829],[120.614995,23.791376],[120.612513,23.791157],[120.60816,23.791184],[120.593731,23.791103],[120.592592,23.791075],[120.586692,23.792004],[120.583625,23.793261],[120.58269,23.793752],[120.578016,23.795282],[120.573284,23.796375],[120.567297,23.797249],[120.560286,23.798151],[120.558183,23.799435],[120.554766,23.800336],[120.550735,23.801156],[120.548778,23.801128],[120.545915,23.801484],[120.540599,23.801019],[120.537941,23.801265],[120.534903,23.801238],[120.529091,23.799216],[120.527805,23.79908],[120.52135,23.799763],[120.513347,23.799981],[120.509988,23.8002],[120.507505,23.800746],[120.501166,23.802549],[120.498392,23.803614],[120.493543,23.804489],[120.487263,23.805827],[120.483173,23.806565],[120.475258,23.809024],[120.465706,23.812875],[120.458112,23.816126],[120.455337,23.816673],[120.451949,23.817274],[120.450634,23.818667],[120.447334,23.820689],[120.444004,23.822136],[120.440937,23.825032],[120.439535,23.82689],[120.433109,23.830141],[120.425923,23.830332],[120.424959,23.830168],[120.418445,23.827027],[120.412837,23.826726],[120.410325,23.826398],[120.393618,23.827682],[120.38281,23.828529],[120.375157,23.828611],[120.370338,23.828556],[120.360114,23.823257],[120.357427,23.822847],[120.352374,23.822328],[120.350592,23.822273],[120.33885,23.822191],[120.333125,23.822273],[120.316417,23.82006],[120.308122,23.820306],[120.302075,23.821863]]]}},{"type":"Feature","properties":{"COUNTYNAME":"苗栗縣","COUNTYID":"K","COUNTYCODE":"10005","COUNTYENG":"Miaoli County"},"geometry":{"type":"Polygon","coordinates":[[[120.977017,24.673631],[120.977572,24.673959],[120.979879,24.673412],[120.981748,24.671773],[120.98169,24.67109],[120.98318,24.669833],[120.98318,24.667184],[120.985429,24.666583],[120.98575,24.66508],[120.986743,24.663769],[120.988876,24.663004],[120.990102,24.664752],[120.990687,24.664752],[120.990453,24.66172],[120.990628,24.660381],[120.991563,24.659589],[120.994659,24.659534],[120.996119,24.658086],[120.995506,24.657267],[120.99609,24.655491],[120.997113,24.654672],[121.000267,24.654781],[121.003305,24.656256],[121.004327,24.65642],[121.006051,24.655273],[121.006956,24.655764],[121.010198,24.656256],[121.01087,24.654508],[121.010753,24.652595],[121.009497,24.65153],[121.008738,24.651557],[121.008066,24.650355],[121.008942,24.647569],[121.008154,24.644782],[121.008154,24.644755],[121.008125,24.644564],[121.008125,24.644482],[121.008154,24.6444],[121.008183,24.644372],[121.01014,24.643935],[121.011805,24.642515],[121.014375,24.640848],[121.018465,24.640766],[121.022758,24.641805],[121.025329,24.641258],[121.025942,24.639728],[121.025154,24.637816],[121.025738,24.636177],[121.028133,24.63421],[121.02936,24.632871],[121.033566,24.631997],[121.036954,24.629784],[121.039262,24.629347],[121.040547,24.626971],[121.043117,24.627271],[121.044111,24.626342],[121.044753,24.62484],[121.0456,24.624485],[121.046389,24.622463],[121.049339,24.618611],[121.050361,24.618392],[121.051705,24.617272],[121.05153,24.615142],[121.053195,24.615387],[121.054918,24.616835],[121.055502,24.617955],[121.056904,24.618338],[121.058452,24.61995],[121.060293,24.620824],[121.061519,24.62178],[121.062571,24.621753],[121.063914,24.61954],[121.064732,24.619458],[121.065901,24.618256],[121.066923,24.616152],[121.068091,24.614841],[121.071509,24.613967],[121.073787,24.613202],[121.075452,24.61129],[121.076095,24.60864],[121.075248,24.605553],[121.075598,24.603832],[121.076358,24.603067],[121.079834,24.601592],[121.081265,24.600581],[121.082375,24.595527],[121.082842,24.594653],[121.082579,24.592549],[121.083047,24.589763],[121.08106,24.588451],[121.079366,24.587768],[121.078957,24.584244],[121.077468,24.582414],[121.075481,24.581021],[121.07516,24.578862],[121.074342,24.575448],[121.072736,24.57277],[121.072005,24.56788],[121.070662,24.564384],[121.070574,24.563373],[121.067682,24.561898],[121.062805,24.557499],[121.062542,24.557445],[121.061402,24.559985],[121.058423,24.560641],[121.058189,24.557936],[121.05889,24.557171],[121.062191,24.556161],[121.062805,24.555068],[121.066573,24.553156],[121.069961,24.550588],[121.073466,24.54944],[121.074459,24.548402],[121.074255,24.547145],[121.076066,24.544031],[121.080243,24.541436],[121.080564,24.540862],[121.080126,24.537912],[121.079162,24.53589],[121.077789,24.534251],[121.078665,24.532503],[121.078402,24.529224],[121.077409,24.528214],[121.075598,24.527777],[121.072181,24.526356],[121.06704,24.522969],[121.066689,24.520783],[121.067507,24.51939],[121.06853,24.516439],[121.068559,24.512451],[121.069318,24.509309],[121.068208,24.506851],[121.070311,24.506086],[121.071158,24.504228],[121.072064,24.503436],[121.072093,24.501332],[121.071684,24.500513],[121.071889,24.498382],[121.075219,24.499447],[121.078899,24.499065],[121.083952,24.501223],[121.085559,24.501332],[121.087136,24.500349],[121.087749,24.499393],[121.090437,24.497863],[121.092452,24.497426],[121.094555,24.496579],[121.097739,24.496387],[121.098498,24.496606],[121.099784,24.497972],[121.100894,24.498382],[121.102471,24.498245],[121.103055,24.499119],[121.104603,24.49983],[121.105304,24.500622],[121.10805,24.500677],[121.109189,24.501196],[121.110708,24.502944],[121.113337,24.506468],[121.117338,24.50849],[121.120727,24.50838],[121.123706,24.510074],[121.125605,24.50838],[121.127445,24.508271],[121.129665,24.506714],[121.133258,24.506796],[121.136996,24.506659],[121.139742,24.508244],[121.145029,24.511932],[121.145701,24.510156],[121.147103,24.508708],[121.150579,24.506086],[121.154493,24.506823],[121.157063,24.506086],[121.157939,24.505239],[121.161912,24.50349],[121.164336,24.503545],[121.169331,24.502616],[121.170587,24.504119],[121.172164,24.50461],[121.174326,24.504774],[121.176108,24.505867],[121.177919,24.50767],[121.179847,24.508053],[121.182855,24.507998],[121.184345,24.506523],[121.186711,24.505375],[121.191764,24.507479],[121.195269,24.507042],[121.198073,24.508817],[121.200527,24.511467],[121.202396,24.511741],[121.203156,24.512505],[121.204733,24.512205],[121.205405,24.512779],[121.206982,24.512861],[121.208063,24.511713],[121.209932,24.511631],[121.213992,24.5148],[121.215248,24.515456],[121.216534,24.515237],[121.217556,24.514035],[121.217643,24.511303],[121.217351,24.509883],[121.219805,24.508353],[121.222142,24.507506],[121.223369,24.506714],[121.223456,24.506004],[121.222113,24.505047],[121.221003,24.502725],[121.220973,24.501441],[121.219834,24.500868],[121.218666,24.498272],[121.221411,24.496442],[121.223485,24.494366],[121.228626,24.492508],[121.229736,24.489858],[121.230525,24.488547],[121.233417,24.487454],[121.234643,24.487727],[121.234643,24.483848],[121.238441,24.481362],[121.2392,24.480242],[121.242296,24.478494],[121.243319,24.477292],[121.243961,24.475571],[121.244516,24.471719],[121.24437,24.470052],[121.246415,24.468768],[121.249044,24.466009],[121.252841,24.464561],[121.254885,24.464425],[121.258069,24.46325],[121.258128,24.457322],[121.259997,24.456366],[121.261516,24.455983],[121.262626,24.455136],[121.260932,24.452486],[121.260669,24.450082],[121.26137,24.448197],[121.262159,24.448115],[121.260873,24.445629],[121.261604,24.444045],[121.260464,24.442269],[121.258916,24.440712],[121.258916,24.438035],[121.258858,24.427708],[121.257631,24.425031],[121.250007,24.424895],[121.24916,24.423775],[121.246648,24.423037],[121.245626,24.422354],[121.243903,24.420087],[121.243289,24.418229],[121.243611,24.41659],[121.242734,24.414732],[121.242004,24.413995],[121.24291,24.41282],[121.243377,24.41088],[121.24291,24.409104],[121.243581,24.405717],[121.242588,24.40457],[121.240135,24.403531],[121.238207,24.401619],[121.238002,24.400281],[121.235753,24.398587],[121.234673,24.39733],[121.234965,24.393915],[121.234643,24.391129],[121.231576,24.387523],[121.232131,24.384299],[121.231343,24.383671],[121.227107,24.382988],[121.225618,24.383015],[121.222171,24.381977],[121.218169,24.381158],[121.216796,24.380502],[121.215891,24.379464],[121.213437,24.382086],[121.21332,24.384354],[121.211247,24.38837],[121.210429,24.391894],[121.21075,24.393587],[121.210604,24.395718],[121.208822,24.396565],[121.207187,24.397904],[121.204353,24.397849],[121.203272,24.397549],[121.200731,24.397603],[121.197168,24.396593],[121.196905,24.392003],[121.195298,24.390009],[121.192991,24.385829],[121.191151,24.383944],[121.190216,24.381622],[121.186594,24.381185],[121.184724,24.381485],[121.183293,24.380994],[121.181658,24.378863],[121.178503,24.377907],[121.176955,24.37665],[121.174676,24.373836],[121.173304,24.373099],[121.173041,24.370667],[121.174151,24.369028],[121.17307,24.368372],[121.172457,24.366788],[121.171084,24.366132],[121.168981,24.364329],[121.168864,24.361515],[121.167958,24.360723],[121.166498,24.360587],[121.164658,24.360969],[121.162262,24.360559],[121.159429,24.360778],[121.155515,24.359057],[121.150929,24.358729],[121.149264,24.357964],[121.145993,24.357937],[121.144123,24.358292],[121.14094,24.35963],[121.13796,24.35627],[121.137785,24.354631],[121.136441,24.353129],[121.13355,24.351681],[121.131184,24.349277],[121.130191,24.344714],[121.128117,24.341901],[121.126247,24.3416],[121.125313,24.341983],[121.124144,24.340562],[121.122041,24.336355],[121.121428,24.333842],[121.121837,24.331847],[121.121574,24.3307],[121.118536,24.330372],[121.114856,24.328651],[121.108634,24.331001],[121.106151,24.328487],[121.105275,24.328159],[121.103698,24.326712],[121.102266,24.324581],[121.099667,24.323788],[121.098236,24.323706],[121.095227,24.321985],[121.094351,24.3198],[121.091926,24.318625],[121.090086,24.318707],[121.088275,24.318325],[121.087516,24.317532],[121.08661,24.317587],[121.085062,24.319691],[121.083397,24.321302],[121.081586,24.324062],[121.07887,24.322914],[121.075306,24.322614],[121.073057,24.322832],[121.0737,24.321384],[121.073904,24.319527],[121.07259,24.318434],[121.071626,24.316959],[121.070194,24.315757],[121.069347,24.315538],[121.065609,24.315675],[121.064265,24.31521],[121.06149,24.313407],[121.058394,24.312724],[121.057605,24.311413],[121.055298,24.310293],[121.054918,24.30767],[121.052552,24.304228],[121.052114,24.301879],[121.052085,24.29901],[121.051354,24.297808],[121.049427,24.296115],[121.04709,24.296115],[121.045191,24.29535],[121.041073,24.296115],[121.038123,24.296361],[121.035289,24.29718],[121.033128,24.298819],[121.031697,24.302015],[121.02936,24.304693],[121.026205,24.306742],[121.020042,24.309255],[121.018027,24.311276],[121.015748,24.317532],[121.014492,24.3201],[121.01236,24.322341],[121.011571,24.32398],[121.008212,24.326848],[121.004707,24.331957],[121.002283,24.332804],[121.000472,24.332667],[120.998398,24.330755],[120.997259,24.330072],[120.992527,24.329662],[120.991037,24.329771],[120.985429,24.33182],[120.983852,24.334443],[120.981982,24.335918],[120.979937,24.33447],[120.977221,24.334743],[120.972343,24.333514],[120.966238,24.333514],[120.962646,24.33477],[120.960163,24.335044],[120.959199,24.336655],[120.956804,24.339278],[120.954087,24.338595],[120.952305,24.33906],[120.946522,24.339087],[120.944915,24.33977],[120.942462,24.339114],[120.93995,24.339988],[120.937964,24.341791],[120.935656,24.342911],[120.932823,24.342065],[120.928733,24.339688],[120.926309,24.33865],[120.919649,24.337147],[120.916991,24.335727],[120.916349,24.334197],[120.91667,24.332694],[120.917926,24.329635],[120.918101,24.328596],[120.919649,24.324198],[120.920496,24.3201],[120.920642,24.318133],[120.920058,24.31521],[120.920087,24.311195],[120.920584,24.308654],[120.921986,24.306277],[120.922453,24.303573],[120.92149,24.302043],[120.919883,24.300704],[120.916758,24.29901],[120.911734,24.293984],[120.909806,24.293984],[120.908871,24.293929],[120.905862,24.292618],[120.904957,24.29229],[120.902007,24.292263],[120.899845,24.292754],[120.895347,24.293328],[120.891579,24.294093],[120.884832,24.294394],[120.881619,24.294885],[120.8775,24.295077],[120.874901,24.294913],[120.868854,24.293629],[120.865729,24.2927],[120.857229,24.289094],[120.854804,24.288793],[120.849459,24.288547],[120.844172,24.288766],[120.841485,24.289203],[120.838155,24.289258],[120.83354,24.29046],[120.832109,24.292071],[120.829451,24.293656],[120.828166,24.295049],[120.825332,24.29677],[120.822849,24.299584],[120.81952,24.303818],[120.817563,24.307425],[120.815313,24.308736],[120.811837,24.31155],[120.809793,24.312752],[120.807456,24.315156],[120.805499,24.315975],[120.802315,24.316221],[120.799073,24.316194],[120.796152,24.316385],[120.792034,24.317587],[120.791303,24.317369],[120.78774,24.318352],[120.786659,24.318133],[120.783796,24.318352],[120.782394,24.319172],[120.777692,24.320619],[120.774625,24.321111],[120.771441,24.322586],[120.767468,24.325346],[120.766505,24.325701],[120.764489,24.325728],[120.763233,24.325919],[120.75964,24.32846],[120.758501,24.328651],[120.75374,24.332394],[120.752221,24.334169],[120.748628,24.336164],[120.743283,24.340507],[120.74156,24.342529],[120.738464,24.34507],[120.734462,24.347938],[120.730402,24.351817],[120.728386,24.352828],[120.724326,24.354085],[120.723129,24.354658],[120.718251,24.355833],[120.711007,24.357008],[120.707268,24.357882],[120.707443,24.361652],[120.703412,24.361789],[120.700082,24.363182],[120.698271,24.364848],[120.693364,24.366761],[120.691962,24.368263],[120.691232,24.371214],[120.689771,24.374492],[120.688515,24.374956],[120.687347,24.376978],[120.685682,24.378945],[120.67727,24.384163],[120.678643,24.387086],[120.67689,24.387796],[120.672246,24.391347],[120.67137,24.391047],[120.670114,24.391948],[120.669033,24.394489],[120.667572,24.395992],[120.667397,24.397822],[120.666141,24.398915],[120.665703,24.400281],[120.663629,24.402302],[120.659102,24.405717],[120.656882,24.407165],[120.651945,24.408312],[120.650456,24.409378],[120.648732,24.409542],[120.648119,24.410115],[120.648294,24.411153],[120.646045,24.412191],[120.645256,24.414541],[120.643884,24.414869],[120.64292,24.416863],[120.643182,24.421753],[120.641079,24.423146],[120.640203,24.424348],[120.639648,24.427763],[120.631791,24.432762],[120.630973,24.43462],[120.629425,24.43615],[120.628607,24.438035],[120.626299,24.439128],[120.62186,24.440275],[120.625423,24.443034],[120.627906,24.445684],[120.631353,24.447624],[120.632579,24.449782],[120.634186,24.450957],[120.635238,24.452486],[120.63775,24.45418],[120.639619,24.456666],[120.63959,24.459999],[120.64032,24.460709],[120.643767,24.462594],[120.645432,24.464343],[120.648499,24.467484],[120.650456,24.468768],[120.652646,24.470735],[120.658488,24.477319],[120.659481,24.47874],[120.660095,24.480625],[120.661818,24.483794],[120.665382,24.483602],[120.665002,24.484477],[120.665294,24.486771],[120.666083,24.488848],[120.665265,24.489776],[120.667748,24.49341],[120.667631,24.496524],[120.668419,24.49983],[120.670493,24.501004],[120.671282,24.502097],[120.674261,24.509528],[120.67765,24.514527],[120.679373,24.515756],[120.681038,24.517778],[120.682528,24.51898],[120.684689,24.521411],[120.687522,24.52876],[120.688077,24.530454],[120.688048,24.533186],[120.688691,24.536682],[120.691057,24.539032],[120.69132,24.54078],[120.693335,24.548867],[120.694182,24.550123],[120.695847,24.551161],[120.695613,24.553101],[120.696636,24.553401],[120.696869,24.555778],[120.698242,24.558455],[120.701163,24.561542],[120.70201,24.569],[120.704551,24.572852],[120.704668,24.573836],[120.703909,24.575174],[120.705019,24.575885],[120.70534,24.577606],[120.707209,24.580392],[120.708057,24.582441],[120.709079,24.58755],[120.709108,24.588861],[120.709751,24.591019],[120.711328,24.592959],[120.712672,24.593505],[120.71346,24.594871],[120.715797,24.600963],[120.720266,24.604159],[120.721668,24.606154],[120.723771,24.608203],[120.725991,24.609432],[120.729964,24.610853],[120.73268,24.613311],[120.734958,24.617382],[120.738201,24.620878],[120.742816,24.621206],[120.745824,24.621753],[120.74892,24.62596],[120.752367,24.627408],[120.753886,24.630249],[120.754003,24.631205],[120.755931,24.631478],[120.756369,24.632544],[120.756865,24.636313],[120.75707,24.640138],[120.757683,24.641531],[120.760867,24.643143],[120.762474,24.646913],[120.763554,24.649071],[120.764197,24.649536],[120.766475,24.649754],[120.76779,24.650437],[120.768929,24.651967],[120.76925,24.65377],[120.771295,24.655518],[120.776436,24.6609],[120.778714,24.662567],[120.782248,24.664479],[120.784381,24.665217],[120.788587,24.666992],[120.791566,24.667812],[120.793377,24.667648],[120.797905,24.66844],[120.802812,24.669096],[120.806521,24.670598],[120.809384,24.671254],[120.813853,24.671746],[120.820834,24.672838],[120.823054,24.672675],[120.824368,24.673631],[120.827552,24.676854],[120.829947,24.679914],[120.832576,24.6824],[120.837921,24.686416],[120.840375,24.687864],[120.846159,24.694502],[120.851562,24.699447],[120.855301,24.701578],[120.856148,24.702507],[120.857725,24.706686],[120.857609,24.708954],[120.85828,24.71256],[120.859244,24.714636],[120.859712,24.716903],[120.861552,24.721111],[120.861318,24.72163],[120.86237,24.723596],[120.864794,24.72723],[120.867481,24.730426],[120.870402,24.733322],[120.873119,24.736354],[120.874521,24.738321],[120.881035,24.733295],[120.883693,24.734497],[120.884803,24.732803],[120.887577,24.733841],[120.890936,24.731765],[120.892339,24.733158],[120.893624,24.732311],[120.897217,24.733377],[120.90151,24.736354],[120.903759,24.73895],[120.904782,24.739414],[120.905862,24.740698],[120.90782,24.74108],[120.90855,24.740589],[120.908375,24.737283],[120.909046,24.735753],[120.910507,24.734387],[120.912055,24.732311],[120.912814,24.730399],[120.913136,24.728432],[120.914187,24.727066],[120.913749,24.724307],[120.916261,24.72152],[120.915589,24.720045],[120.91445,24.719116],[120.91372,24.717532],[120.914917,24.716821],[120.917838,24.71622],[120.919591,24.716958],[120.920993,24.716548],[120.922629,24.7148],[120.923855,24.714554],[120.925228,24.715428],[120.926893,24.715046],[120.928032,24.715756],[120.92885,24.715292],[120.93034,24.716548],[120.930661,24.715182],[120.933027,24.713297],[120.934254,24.713161],[120.935422,24.712614],[120.936503,24.710839],[120.93735,24.710839],[120.937788,24.709773],[120.93995,24.708298],[120.941936,24.707342],[120.945178,24.707943],[120.945441,24.709746],[120.946347,24.709773],[120.948158,24.711221],[120.949793,24.711194],[120.950757,24.709746],[120.950962,24.707697],[120.951955,24.707506],[120.95251,24.706358],[120.953299,24.706085],[120.952948,24.704118],[120.954788,24.704364],[120.956804,24.706577],[120.959549,24.706878],[120.960922,24.709282],[120.962295,24.709691],[120.962295,24.710893],[120.963931,24.711549],[120.964749,24.710511],[120.966355,24.709691],[120.968575,24.711221],[120.970328,24.710866],[120.970678,24.711986],[120.971759,24.712423],[120.973774,24.711877],[120.975293,24.710729],[120.975761,24.709309],[120.974563,24.708626],[120.976666,24.706522],[120.975819,24.704938],[120.974651,24.704364],[120.973365,24.704555],[120.972168,24.703271],[120.973132,24.702315],[120.974037,24.699392],[120.973541,24.69677],[120.971817,24.696715],[120.971613,24.695895],[120.970561,24.695212],[120.969802,24.693737],[120.968429,24.693164],[120.967903,24.691962],[120.966472,24.691279],[120.966005,24.690377],[120.966443,24.689312],[120.965187,24.688],[120.966735,24.686197],[120.965683,24.684804],[120.964982,24.684804],[120.964398,24.683629],[120.967056,24.684367],[120.969948,24.684476],[120.97059,24.68423],[120.971671,24.685514],[120.97357,24.685788],[120.974329,24.684859],[120.975556,24.684586],[120.976432,24.683138],[120.976403,24.680925],[120.976724,24.679258],[120.977513,24.678193],[120.97652,24.675434],[120.977017,24.673631]]]}},{"type":"Feature","properties":{"COUNTYNAME":"新竹縣","COUNTYID":"J","COUNTYCODE":"10004","COUNTYENG":"Hsinchu County"},"geometry":{"type":"Polygon","coordinates":[[[121.008183,24.644372],[121.008154,24.6444],[121.008125,24.644482],[121.008125,24.644564],[121.008154,24.644755],[121.008154,24.644782],[121.008942,24.647569],[121.008066,24.650355],[121.008738,24.651557],[121.009497,24.65153],[121.010753,24.652595],[121.01087,24.654508],[121.010198,24.656256],[121.006956,24.655764],[121.006051,24.655273],[121.004327,24.65642],[121.003305,24.656256],[121.000267,24.654781],[120.997113,24.654672],[120.99609,24.655491],[120.995506,24.657267],[120.996119,24.658086],[120.994659,24.659534],[120.991563,24.659589],[120.990628,24.660381],[120.990453,24.66172],[120.990687,24.664752],[120.990102,24.664752],[120.988876,24.663004],[120.986743,24.663769],[120.98575,24.66508],[120.985429,24.666583],[120.98318,24.667184],[120.98318,24.669833],[120.98169,24.67109],[120.981748,24.671773],[120.979879,24.673412],[120.977572,24.673959],[120.977017,24.673631],[120.97652,24.675434],[120.977513,24.678193],[120.976724,24.679258],[120.976403,24.680925],[120.976432,24.683138],[120.975556,24.684586],[120.974329,24.684859],[120.97357,24.685788],[120.971671,24.685514],[120.97059,24.68423],[120.969948,24.684476],[120.967056,24.684367],[120.964398,24.683629],[120.964982,24.684804],[120.965683,24.684804],[120.966735,24.686197],[120.965187,24.688],[120.966443,24.689312],[120.966005,24.690377],[120.966472,24.691279],[120.967903,24.691962],[120.968429,24.693164],[120.969802,24.693737],[120.970561,24.695212],[120.971613,24.695895],[120.971817,24.696715],[120.973541,24.69677],[120.974037,24.699392],[120.973132,24.702315],[120.972168,24.703271],[120.973365,24.704555],[120.974651,24.704364],[120.975819,24.704938],[120.976666,24.706522],[120.974563,24.708626],[120.975761,24.709309],[120.975293,24.710729],[120.973774,24.711877],[120.971759,24.712423],[120.970678,24.711986],[120.970328,24.710866],[120.968575,24.711221],[120.966355,24.709691],[120.964749,24.710511],[120.963931,24.711549],[120.962295,24.710893],[120.962295,24.709691],[120.960922,24.709282],[120.959549,24.706878],[120.956804,24.706577],[120.954788,24.704364],[120.952948,24.704118],[120.953299,24.706085],[120.95251,24.706358],[120.951955,24.707506],[120.950962,24.707697],[120.950757,24.709746],[120.949793,24.711194],[120.948158,24.711221],[120.946347,24.709773],[120.945441,24.709746],[120.945178,24.707943],[120.941936,24.707342],[120.93995,24.708298],[120.937788,24.709773],[120.93735,24.710839],[120.936503,24.710839],[120.935422,24.712614],[120.936036,24.714691],[120.938606,24.716603],[120.938139,24.718324],[120.93884,24.720428],[120.938343,24.721165],[120.939015,24.722613],[120.938694,24.724962],[120.939249,24.725427],[120.938548,24.72682],[120.938869,24.72764],[120.938051,24.729579],[120.939658,24.72947],[120.940622,24.728432],[120.941819,24.728541],[120.942316,24.730426],[120.941118,24.731929],[120.939891,24.732502],[120.940709,24.734032],[120.941673,24.735016],[120.94179,24.737283],[120.943221,24.739059],[120.943835,24.74373],[120.944273,24.744413],[120.946142,24.745287],[120.946493,24.74485],[120.948099,24.745233],[120.949122,24.744441],[120.951108,24.744523],[120.953883,24.743403],[120.956307,24.745096],[120.957505,24.745287],[120.957797,24.746107],[120.957183,24.748265],[120.957475,24.749631],[120.958556,24.749221],[120.960776,24.750888],[120.961536,24.75138],[120.961886,24.752827],[120.96358,24.755559],[120.964369,24.755204],[120.965304,24.756215],[120.96653,24.75586],[120.967407,24.756488],[120.967524,24.760586],[120.968633,24.762225],[120.969013,24.763755],[120.969831,24.765148],[120.970999,24.765722],[120.971613,24.764684],[120.973307,24.764219],[120.974417,24.764984],[120.974943,24.764028],[120.97652,24.764411],[120.977133,24.763127],[120.97947,24.763318],[120.980463,24.76411],[120.980609,24.765449],[120.982157,24.767525],[120.984027,24.768017],[120.987006,24.768426],[120.988379,24.768071],[120.987006,24.770202],[120.986305,24.772661],[120.986451,24.773344],[120.984874,24.775994],[120.985838,24.776922],[120.988175,24.777442],[120.989197,24.77695],[120.990599,24.777168],[120.99168,24.779026],[120.992936,24.780556],[120.995973,24.779982],[120.999712,24.778261],[121.00459,24.775174],[121.006752,24.7743],[121.008183,24.774436],[121.013557,24.770912],[121.015894,24.76717],[121.017063,24.765722],[121.016946,24.764848],[121.018348,24.763782],[121.019341,24.759001],[121.020217,24.756843],[121.02086,24.75657],[121.02381,24.756816],[121.026322,24.757636],[121.02825,24.758346],[121.030587,24.761214],[121.032777,24.762061],[121.033508,24.76411],[121.033011,24.764902],[121.030499,24.765886],[121.029886,24.766459],[121.029155,24.768945],[121.029331,24.771049],[121.030324,24.772142],[121.028133,24.773152],[121.029418,24.775884],[121.029593,24.777141],[121.02863,24.776704],[121.02749,24.777223],[121.027782,24.778889],[121.026001,24.778944],[121.024949,24.779982],[121.026965,24.781184],[121.02752,24.782714],[121.024774,24.784353],[121.023255,24.784954],[121.023313,24.785664],[121.024949,24.786102],[121.024307,24.787686],[121.024511,24.78927],[121.023518,24.790527],[121.022116,24.790418],[121.020626,24.794106],[121.023138,24.796127],[121.022233,24.796701],[121.020626,24.798832],[121.022057,24.798531],[121.025709,24.799023],[121.021298,24.801618],[121.021181,24.802056],[121.019662,24.804378],[121.018143,24.807328],[121.015106,24.808557],[121.010286,24.81383],[121.008271,24.816207],[121.006869,24.817026],[121.004386,24.819266],[121.002253,24.820195],[121.000384,24.822053],[120.995535,24.823364],[120.99276,24.823446],[120.991037,24.82402],[120.987678,24.825577],[120.985429,24.829402],[120.983881,24.830576],[120.981456,24.831232],[120.979207,24.830003],[120.977572,24.829675],[120.974621,24.829948],[120.969188,24.832188],[120.967348,24.832652],[120.963288,24.832489],[120.960309,24.832953],[120.957914,24.833663],[120.957037,24.833581],[120.955285,24.834374],[120.947486,24.839892],[120.944799,24.841067],[120.944068,24.844154],[120.943163,24.846503],[120.940446,24.849945],[120.935656,24.85224],[120.933933,24.852704],[120.931245,24.852622],[120.925228,24.854835],[120.926952,24.855409],[120.927507,24.856802],[120.927361,24.858988],[120.927828,24.859534],[120.930895,24.860244],[120.933524,24.861665],[120.939249,24.867183],[120.942958,24.872183],[120.943835,24.87475],[120.946522,24.878657],[120.946726,24.88016],[120.94734,24.883848],[120.951721,24.890677],[120.951984,24.893928],[120.952598,24.895376],[120.957943,24.901277],[120.958878,24.902861],[120.962091,24.910565],[120.964515,24.915783],[120.966268,24.921848],[120.969685,24.928459],[120.974738,24.93324],[120.980434,24.938321],[120.982011,24.939987],[120.983121,24.939769],[120.983209,24.939741],[120.987357,24.939059],[120.988642,24.937829],[120.989898,24.936026],[120.991797,24.935015],[120.99276,24.93507],[120.992673,24.9369],[120.994192,24.93914],[120.996733,24.939769],[120.99758,24.940534],[120.99907,24.940943],[121.002224,24.93996],[121.00313,24.940261],[121.004269,24.943129],[121.007044,24.946216],[121.009556,24.944249],[121.011951,24.944795],[121.012681,24.943129],[121.015953,24.941572],[121.01788,24.941736],[121.01937,24.940424],[121.021181,24.941353],[121.02232,24.941353],[121.025942,24.940588],[121.02641,24.942173],[121.028162,24.94403],[121.028776,24.945096],[121.029739,24.945069],[121.030937,24.943921],[121.031609,24.944358],[121.034559,24.944905],[121.037918,24.94638],[121.038648,24.945997],[121.039174,24.944522],[121.040839,24.943293],[121.042387,24.944167],[121.044519,24.943511],[121.046301,24.943539],[121.046243,24.942391],[121.047966,24.941244],[121.048112,24.939933],[121.050244,24.938649],[121.051763,24.938621],[121.05372,24.937174],[121.055444,24.936245],[121.057109,24.936846],[121.058335,24.936846],[121.05854,24.935152],[121.057693,24.933294],[121.058306,24.932557],[121.057547,24.930562],[121.058365,24.930071],[121.05965,24.925782],[121.06076,24.924525],[121.060672,24.921657],[121.060088,24.920673],[121.060847,24.920318],[121.05965,24.916548],[121.058219,24.913898],[121.058131,24.910347],[121.059183,24.908052],[121.059124,24.907178],[121.057576,24.905812],[121.061432,24.903817],[121.062454,24.90461],[121.064207,24.903817],[121.068033,24.903189],[121.070311,24.902069],[121.070954,24.900976],[121.071042,24.899501],[121.073612,24.899911],[121.076153,24.899392],[121.076942,24.898709],[121.078724,24.898736],[121.080885,24.898408],[121.081966,24.898982],[121.083456,24.898845],[121.085588,24.897753],[121.086552,24.896523],[121.089443,24.895376],[121.091254,24.893354],[121.092598,24.893409],[121.101302,24.895157],[121.10472,24.896168],[121.109072,24.897753],[121.110124,24.896086],[121.111,24.891005],[121.109277,24.887454],[121.107816,24.886006],[121.108722,24.885951],[121.112198,24.883738],[121.113483,24.882564],[121.115002,24.882564],[121.116258,24.881717],[121.117105,24.881799],[121.122041,24.880269],[121.123969,24.879941],[121.125926,24.880597],[121.128146,24.880952],[121.129723,24.879668],[121.131242,24.880078],[121.13352,24.879504],[121.134397,24.878329],[121.135624,24.878001],[121.135682,24.879039],[121.136792,24.880979],[121.138866,24.882372],[121.141056,24.881471],[121.142605,24.881689],[121.144562,24.880241],[121.145584,24.880815],[121.149264,24.881225],[121.149673,24.880624],[121.150842,24.881006],[121.15236,24.880214],[121.154318,24.880187],[121.155661,24.880706],[121.157005,24.878165],[121.157881,24.877264],[121.158173,24.875324],[121.15791,24.87445],[121.156245,24.874477],[121.156946,24.87363],[121.157063,24.872346],[121.157647,24.872374],[121.158787,24.870461],[121.160043,24.866555],[121.160159,24.864643],[121.160773,24.86314],[121.159897,24.862457],[121.160276,24.861009],[121.161357,24.859589],[121.156771,24.856119],[121.156304,24.85377],[121.157063,24.852568],[121.156041,24.852076],[121.155457,24.849863],[121.153792,24.848989],[121.153529,24.847405],[121.152828,24.846175],[121.149965,24.844372],[121.152068,24.843798],[121.15423,24.844154],[121.154726,24.842296],[121.15607,24.841886],[121.156275,24.840848],[121.158173,24.839264],[121.159517,24.838581],[121.160189,24.837324],[121.161678,24.837488],[121.165826,24.835876],[121.166527,24.836177],[121.168835,24.833991],[121.169419,24.834783],[121.172077,24.834182],[121.173859,24.833445],[121.174472,24.832325],[121.176283,24.831997],[121.174063,24.828855],[121.173771,24.827653],[121.176838,24.827298],[121.179613,24.826123],[121.183118,24.825058],[121.185893,24.823829],[121.189077,24.82208],[121.192056,24.819977],[121.196496,24.817818],[121.196934,24.816671],[121.19892,24.814923],[121.199709,24.815169],[121.199329,24.81607],[121.200848,24.817846],[121.203302,24.817327],[121.202309,24.816698],[121.203126,24.815715],[121.203419,24.81413],[121.205638,24.813065],[121.205726,24.812191],[121.204266,24.811918],[121.20301,24.810798],[121.202834,24.809896],[121.20447,24.808339],[121.204645,24.807246],[121.205901,24.807492],[121.207654,24.806973],[121.209582,24.809514],[121.211597,24.810388],[121.212824,24.810497],[121.214898,24.811972],[121.21703,24.812437],[121.219688,24.811699],[121.219717,24.810934],[121.218783,24.809541],[121.218753,24.808503],[121.219922,24.807437],[121.21963,24.804077],[121.220857,24.802984],[121.221528,24.799515],[121.225179,24.800936],[121.228042,24.802766],[121.230028,24.803066],[121.231021,24.803613],[121.23441,24.804268],[121.238236,24.804651],[121.239755,24.805662],[121.240894,24.80588],[121.242267,24.807055],[121.243085,24.808694],[121.243172,24.808721],[121.245422,24.806946],[121.245363,24.806153],[121.246473,24.805225],[121.247437,24.803503],[121.247554,24.801072],[121.246619,24.800171],[121.246853,24.798477],[121.247846,24.796619],[121.250387,24.795663],[121.251059,24.794488],[121.253571,24.793641],[121.254681,24.79386],[121.257806,24.792822],[121.259734,24.793669],[121.260289,24.793204],[121.261195,24.790336],[121.260435,24.787905],[121.258595,24.786402],[121.258478,24.785063],[121.259647,24.783752],[121.260056,24.781922],[121.263269,24.781157],[121.26505,24.781239],[121.266014,24.779791],[121.267796,24.779955],[121.271184,24.777879],[121.271301,24.774819],[121.27355,24.7746],[121.275215,24.773316],[121.276734,24.77124],[121.277435,24.770912],[121.282459,24.770421],[121.284299,24.770366],[121.285993,24.769847],[121.288184,24.768536],[121.291718,24.768044],[121.292653,24.767525],[121.293062,24.765367],[121.294172,24.763864],[121.298612,24.762935],[121.300277,24.763564],[121.301533,24.763017],[121.301854,24.761487],[121.303811,24.757909],[121.305593,24.756106],[121.307696,24.754986],[121.306703,24.752718],[121.305973,24.75209],[121.305096,24.750205],[121.305564,24.7475],[121.305301,24.746271],[121.301533,24.742638],[121.300832,24.741408],[121.300189,24.73772],[121.298437,24.734551],[121.298115,24.73324],[121.29867,24.730699],[121.300657,24.729661],[121.301445,24.728623],[121.30387,24.726547],[121.305301,24.72611],[121.305651,24.724061],[121.307608,24.719908],[121.307229,24.716958],[121.306615,24.715182],[121.306411,24.713106],[121.305651,24.711412],[121.303285,24.70838],[121.303023,24.70573],[121.302175,24.703872],[121.302263,24.701906],[121.300335,24.698409],[121.299488,24.695568],[121.300803,24.693956],[121.303899,24.692918],[121.306791,24.694065],[121.309741,24.695895],[121.313217,24.697671],[121.314735,24.698054],[121.318182,24.697999],[121.319409,24.69636],[121.321015,24.69554],[121.32306,24.695376],[121.326361,24.693655],[121.329399,24.691333],[121.331151,24.689394],[121.335737,24.683793],[121.338979,24.679067],[121.339359,24.67568],[121.339125,24.674997],[121.339651,24.673166],[121.339856,24.670134],[121.339301,24.669342],[121.339622,24.668249],[121.339096,24.666746],[121.340411,24.666419],[121.342426,24.66885],[121.344032,24.669314],[121.34485,24.666719],[121.345756,24.666473],[121.348297,24.667812],[121.349465,24.667703],[121.351335,24.666063],[121.353526,24.667785],[121.353642,24.666473],[121.353029,24.665435],[121.353642,24.665107],[121.353292,24.662922],[121.353526,24.661884],[121.353087,24.660217],[121.353818,24.659043],[121.352854,24.656229],[121.353496,24.655655],[121.352328,24.654043],[121.352211,24.652759],[121.353,24.648798],[121.35224,24.645083],[121.352386,24.643526],[121.353934,24.641996],[121.355921,24.641067],[121.357381,24.637597],[121.357381,24.634866],[121.358082,24.633527],[121.361003,24.6338],[121.363457,24.632462],[121.366407,24.631779],[121.36556,24.63085],[121.365355,24.628336],[121.364771,24.626451],[121.363252,24.622982],[121.363048,24.620687],[121.361909,24.620742],[121.358842,24.617382],[121.359484,24.613858],[121.361149,24.612464],[121.361237,24.610088],[121.363661,24.607875],[121.364304,24.605881],[121.363311,24.603121],[121.365969,24.60069],[121.367342,24.598778],[121.370876,24.597521],[121.371957,24.596838],[121.37219,24.594898],[121.372775,24.593724],[121.376835,24.592249],[121.383056,24.589435],[121.387554,24.586484],[121.391322,24.586484],[121.394594,24.58744],[121.395733,24.588943],[121.399822,24.590364],[121.401429,24.591511],[121.403035,24.591702],[121.403035,24.591074],[121.404525,24.587741],[121.409199,24.581212],[121.410455,24.578917],[121.412149,24.574546],[121.412149,24.573098],[121.409053,24.571623],[121.407329,24.569875],[121.405664,24.569793],[121.403941,24.568973],[121.403386,24.567634],[121.401692,24.565531],[121.401195,24.563974],[121.401487,24.562662],[121.401137,24.56187],[121.399297,24.561133],[121.397632,24.559657],[121.396493,24.557663],[121.394682,24.555587],[121.395558,24.5528],[121.398304,24.54944],[121.398742,24.548211],[121.398216,24.545151],[121.396989,24.541682],[121.396755,24.539824],[121.397194,24.538349],[121.398274,24.53671],[121.398333,24.534115],[121.399151,24.532148],[121.401517,24.530208],[121.401633,24.529252],[121.399589,24.52652],[121.397807,24.524908],[121.394127,24.524662],[121.391848,24.524116],[121.390505,24.522914],[121.38957,24.519936],[121.388548,24.517805],[121.387817,24.517232],[121.385101,24.516822],[121.385539,24.514582],[121.385276,24.51338],[121.383699,24.510347],[121.382005,24.509746],[121.380369,24.50991],[121.379288,24.509528],[121.376046,24.510047],[121.373359,24.509883],[121.372804,24.506823],[121.372512,24.502206],[121.371723,24.499256],[121.370642,24.497863],[121.367312,24.496469],[121.365034,24.495841],[121.363836,24.49494],[121.362785,24.493382],[121.362697,24.492126],[121.361704,24.490541],[121.359017,24.488219],[121.357732,24.486607],[121.356446,24.486116],[121.352766,24.485515],[121.35002,24.484285],[121.347129,24.484832],[121.345668,24.48434],[121.344237,24.482728],[121.342397,24.481717],[121.341696,24.479587],[121.341608,24.478029],[121.340089,24.474833],[121.338307,24.47415],[121.335941,24.472374],[121.335562,24.471691],[121.335941,24.470298],[121.335971,24.467348],[121.332495,24.465545],[121.331034,24.465272],[121.329837,24.464261],[121.329574,24.462649],[121.328435,24.462021],[121.326098,24.460026],[121.32379,24.456721],[121.32195,24.451558],[121.320198,24.448006],[121.319555,24.445028],[121.318737,24.444072],[121.317656,24.441504],[121.316313,24.439838],[121.31383,24.437407],[121.312749,24.436724],[121.310325,24.436396],[121.308251,24.434729],[121.307754,24.43391],[121.305447,24.432571],[121.302234,24.433063],[121.297648,24.43309],[121.294669,24.432544],[121.293179,24.431069],[121.29128,24.431151],[121.286081,24.43044],[121.284621,24.43055],[121.2791,24.42943],[121.27688,24.429266],[121.27136,24.429593],[121.271067,24.427954],[121.269899,24.427381],[121.26765,24.428118],[121.264525,24.428719],[121.260815,24.428637],[121.259793,24.429375],[121.259121,24.430877],[121.259617,24.431533],[121.259939,24.43462],[121.259793,24.436997],[121.258916,24.438035],[121.258916,24.440712],[121.260464,24.442269],[121.261604,24.444045],[121.260873,24.445629],[121.262159,24.448115],[121.26137,24.448197],[121.260669,24.450082],[121.260932,24.452486],[121.262626,24.455136],[121.261516,24.455983],[121.259997,24.456366],[121.258128,24.457322],[121.258069,24.46325],[121.254885,24.464425],[121.252841,24.464561],[121.249044,24.466009],[121.246415,24.468768],[121.24437,24.470052],[121.244516,24.471719],[121.243961,24.475571],[121.243319,24.477292],[121.242296,24.478494],[121.2392,24.480242],[121.238441,24.481362],[121.234643,24.483848],[121.234643,24.487727],[121.233417,24.487454],[121.230525,24.488547],[121.229736,24.489858],[121.228626,24.492508],[121.223485,24.494366],[121.221411,24.496442],[121.218666,24.498272],[121.219834,24.500868],[121.220973,24.501441],[121.221003,24.502725],[121.222113,24.505047],[121.223456,24.506004],[121.223369,24.506714],[121.222142,24.507506],[121.219805,24.508353],[121.217351,24.509883],[121.217643,24.511303],[121.217556,24.514035],[121.216534,24.515237],[121.215248,24.515456],[121.213992,24.5148],[121.209932,24.511631],[121.208063,24.511713],[121.206982,24.512861],[121.205405,24.512779],[121.204733,24.512205],[121.203156,24.512505],[121.202396,24.511741],[121.200527,24.511467],[121.198073,24.508817],[121.195269,24.507042],[121.191764,24.507479],[121.186711,24.505375],[121.184345,24.506523],[121.182855,24.507998],[121.179847,24.508053],[121.177919,24.50767],[121.176108,24.505867],[121.174326,24.504774],[121.172164,24.50461],[121.170587,24.504119],[121.169331,24.502616],[121.164336,24.503545],[121.161912,24.50349],[121.157939,24.505239],[121.157063,24.506086],[121.154493,24.506823],[121.150579,24.506086],[121.147103,24.508708],[121.145701,24.510156],[121.145029,24.511932],[121.139742,24.508244],[121.136996,24.506659],[121.133258,24.506796],[121.129665,24.506714],[121.127445,24.508271],[121.125605,24.50838],[121.123706,24.510074],[121.120727,24.50838],[121.117338,24.50849],[121.113337,24.506468],[121.110708,24.502944],[121.109189,24.501196],[121.10805,24.500677],[121.105304,24.500622],[121.104603,24.49983],[121.103055,24.499119],[121.102471,24.498245],[121.100894,24.498382],[121.099784,24.497972],[121.098498,24.496606],[121.097739,24.496387],[121.094555,24.496579],[121.092452,24.497426],[121.090437,24.497863],[121.087749,24.499393],[121.087136,24.500349],[121.085559,24.501332],[121.083952,24.501223],[121.078899,24.499065],[121.075219,24.499447],[121.071889,24.498382],[121.071684,24.500513],[121.072093,24.501332],[121.072064,24.503436],[121.071158,24.504228],[121.070311,24.506086],[121.068208,24.506851],[121.069318,24.509309],[121.068559,24.512451],[121.06853,24.516439],[121.067507,24.51939],[121.066689,24.520783],[121.06704,24.522969],[121.072181,24.526356],[121.075598,24.527777],[121.077409,24.528214],[121.078402,24.529224],[121.078665,24.532503],[121.077789,24.534251],[121.079162,24.53589],[121.080126,24.537912],[121.080564,24.540862],[121.080243,24.541436],[121.076066,24.544031],[121.074255,24.547145],[121.074459,24.548402],[121.073466,24.54944],[121.069961,24.550588],[121.066573,24.553156],[121.062805,24.555068],[121.062191,24.556161],[121.05889,24.557171],[121.058189,24.557936],[121.058423,24.560641],[121.061402,24.559985],[121.062542,24.557445],[121.062805,24.557499],[121.067682,24.561898],[121.070574,24.563373],[121.070662,24.564384],[121.072005,24.56788],[121.072736,24.57277],[121.074342,24.575448],[121.07516,24.578862],[121.075481,24.581021],[121.077468,24.582414],[121.078957,24.584244],[121.079366,24.587768],[121.08106,24.588451],[121.083047,24.589763],[121.082579,24.592549],[121.082842,24.594653],[121.082375,24.595527],[121.081265,24.600581],[121.079834,24.601592],[121.076358,24.603067],[121.075598,24.603832],[121.075248,24.605553],[121.076095,24.60864],[121.075452,24.61129],[121.073787,24.613202],[121.071509,24.613967],[121.068091,24.614841],[121.066923,24.616152],[121.065901,24.618256],[121.064732,24.619458],[121.063914,24.61954],[121.062571,24.621753],[121.061519,24.62178],[121.060293,24.620824],[121.058452,24.61995],[121.056904,24.618338],[121.055502,24.617955],[121.054918,24.616835],[121.053195,24.615387],[121.05153,24.615142],[121.051705,24.617272],[121.050361,24.618392],[121.049339,24.618611],[121.046389,24.622463],[121.0456,24.624485],[121.044753,24.62484],[121.044111,24.626342],[121.043117,24.627271],[121.040547,24.626971],[121.039262,24.629347],[121.036954,24.629784],[121.033566,24.631997],[121.02936,24.632871],[121.028133,24.63421],[121.025738,24.636177],[121.025154,24.637816],[121.025942,24.639728],[121.025329,24.641258],[121.022758,24.641805],[121.018465,24.640766],[121.014375,24.640848],[121.011805,24.642515],[121.01014,24.643935],[121.008183,24.644372]]]}},{"type":"Feature","properties":{"COUNTYNAME":"嘉義縣","COUNTYID":"Q","COUNTYCODE":"10010","COUNTYENG":"Chiayi County"},"geometry":{"type":"MultiPolygon","coordinates":[[[[120.533706,23.336466],[120.531544,23.336821],[120.530288,23.338078],[120.527572,23.338569],[120.526929,23.339389],[120.525848,23.339198],[120.524534,23.338324],[120.523804,23.340045],[120.523103,23.340673],[120.521233,23.340591],[120.520678,23.341957],[120.518604,23.341957],[120.516969,23.342531],[120.515508,23.34376],[120.510251,23.344033],[120.509608,23.343378],[120.507709,23.34305],[120.506599,23.344197],[120.505081,23.344825],[120.505548,23.3457],[120.504467,23.346547],[120.504701,23.34906],[120.503708,23.349497],[120.503591,23.351027],[120.504788,23.354797],[120.505694,23.355398],[120.507505,23.353895],[120.508031,23.352748],[120.510864,23.354005],[120.512354,23.355671],[120.512149,23.358212],[120.512412,23.359823],[120.511273,23.360534],[120.511098,23.362419],[120.510221,23.36332],[120.510543,23.364358],[120.508907,23.364604],[120.507038,23.366079],[120.506658,23.367063],[120.504847,23.367473],[120.504818,23.368893],[120.503474,23.368893],[120.502598,23.369521],[120.502189,23.368156],[120.5014,23.367746],[120.499472,23.368019],[120.498713,23.368675],[120.497282,23.36892],[120.496172,23.369904],[120.49439,23.369467],[120.491411,23.372472],[120.490096,23.371133],[120.489454,23.372854],[120.488256,23.373018],[120.487088,23.371051],[120.485393,23.369822],[120.483904,23.369576],[120.483875,23.370614],[120.482998,23.371652],[120.482998,23.373073],[120.483524,23.374685],[120.483378,23.375805],[120.483845,23.378263],[120.484371,23.379493],[120.485364,23.380258],[120.489337,23.38187],[120.490301,23.383072],[120.491235,23.382634],[120.494507,23.384301],[120.495792,23.383891],[120.496814,23.384246],[120.497895,23.385476],[120.499209,23.38788],[120.497106,23.389382],[120.497515,23.39124],[120.495587,23.393179],[120.495149,23.393207],[120.493747,23.394982],[120.490914,23.395556],[120.489979,23.395392],[120.489892,23.394627],[120.488665,23.393617],[120.48922,23.392524],[120.487935,23.393016],[120.486971,23.39236],[120.48627,23.393125],[120.485247,23.39277],[120.485656,23.391431],[120.483816,23.391267],[120.482648,23.389464],[120.48072,23.389191],[120.479405,23.387606],[120.478412,23.389573],[120.477448,23.390721],[120.475608,23.39083],[120.475258,23.391376],[120.476076,23.394054],[120.474323,23.395966],[120.47406,23.397332],[120.473242,23.398179],[120.472162,23.398069],[120.471022,23.398944],[120.469533,23.399408],[120.468832,23.400528],[120.467517,23.401129],[120.466875,23.400583],[120.464947,23.400774],[120.462201,23.402167],[120.460828,23.403724],[120.460945,23.404708],[120.459076,23.404681],[120.457323,23.405418],[120.455483,23.406675],[120.453789,23.406975],[120.454139,23.406265],[120.452679,23.406784],[120.451773,23.408314],[120.450079,23.409243],[120.447392,23.409789],[120.444383,23.4111],[120.442981,23.412384],[120.441579,23.413177],[120.440411,23.413067],[120.439827,23.413723],[120.439389,23.412958],[120.438366,23.413395],[120.437081,23.412357],[120.436088,23.412794],[120.434481,23.412193],[120.434598,23.411292],[120.433196,23.411292],[120.432115,23.410691],[120.43159,23.407768],[120.430509,23.406593],[120.429691,23.406456],[120.428786,23.407303],[120.427646,23.406402],[120.425982,23.406866],[120.423411,23.406429],[120.422067,23.407112],[120.421133,23.406074],[120.420344,23.403834],[120.419585,23.403779],[120.418358,23.406292],[120.418124,23.40815],[120.416284,23.410417],[120.414006,23.411155],[120.412691,23.410554],[120.410501,23.410172],[120.40942,23.412439],[120.408105,23.413423],[120.407112,23.411893],[120.404717,23.410281],[120.396363,23.407358],[120.389937,23.405691],[120.386841,23.404763],[120.381028,23.403424],[120.375391,23.403178],[120.371886,23.403233],[120.369724,23.403041],[120.359618,23.402632],[120.35585,23.40173],[120.353425,23.401211],[120.349511,23.401348],[120.346328,23.400392],[120.344838,23.399627],[120.343027,23.398179],[120.342939,23.396676],[120.337389,23.390448],[120.334731,23.386951],[120.333183,23.385803],[120.32997,23.385394],[120.328948,23.384875],[120.328685,23.386131],[120.324099,23.384274],[120.323544,23.383645],[120.321704,23.383591],[120.319426,23.386049],[120.319893,23.386787],[120.318841,23.387197],[120.317819,23.388426],[120.314869,23.388481],[120.314635,23.387962],[120.312445,23.387005],[120.310984,23.385585],[120.311189,23.383399],[120.310312,23.383099],[120.310517,23.378564],[120.310926,23.375422],[120.307976,23.374931],[120.302893,23.375941],[120.299359,23.37534],[120.292962,23.375368],[120.289457,23.370915],[120.287237,23.368839],[120.285689,23.366926],[120.284608,23.363511],[120.283732,23.36179],[120.283819,23.358676],[120.284608,23.356245],[120.285981,23.354223],[120.286361,23.352584],[120.286215,23.350289],[120.281424,23.34824],[120.278474,23.347694],[120.276283,23.348213],[120.275758,23.350043],[120.274765,23.351737],[120.273888,23.352475],[120.270471,23.353677],[120.26828,23.353567],[120.26682,23.353103],[120.265651,23.352256],[120.264424,23.350535],[120.262438,23.347011],[120.261328,23.345891],[120.260715,23.34447],[120.263665,23.345099],[120.265271,23.344689],[120.267521,23.344743],[120.267082,23.340673],[120.266644,23.340564],[120.262847,23.337012],[120.262876,23.336848],[120.25829,23.332778],[120.257443,23.331685],[120.255136,23.33062],[120.249206,23.328926],[120.246577,23.327041],[120.245088,23.326795],[120.241086,23.327068],[120.239918,23.327533],[120.238078,23.327068],[120.236763,23.325593],[120.235536,23.323271],[120.234485,23.320239],[120.233083,23.318791],[120.231301,23.316332],[120.228059,23.309584],[120.22765,23.306771],[120.225868,23.303219],[120.222626,23.298329],[120.220873,23.29598],[120.217339,23.29445],[120.214389,23.292456],[120.212344,23.291691],[120.211906,23.292702],[120.208605,23.291281],[120.205918,23.291472],[120.204282,23.291909],[120.202588,23.293084],[120.200952,23.293466],[120.199112,23.294668],[120.191664,23.300269],[120.190904,23.300733],[120.188392,23.301252],[120.188129,23.300378],[120.186319,23.298275],[120.185793,23.296963],[120.186348,23.295215],[120.187662,23.294286],[120.189356,23.292346],[120.189532,23.290953],[120.189035,23.290216],[120.187545,23.290024],[120.18404,23.290325],[120.180535,23.290926],[120.178666,23.291718],[120.175657,23.294423],[120.173729,23.299149],[120.173905,23.299914],[120.170925,23.304585],[120.169465,23.306088],[120.166193,23.308464],[120.162659,23.309994],[120.160322,23.310623],[120.156759,23.309994],[120.155532,23.310459],[120.154305,23.313027],[120.153049,23.313272],[120.149982,23.313081],[120.14858,23.314447],[120.148229,23.316605],[120.148522,23.319747],[120.145484,23.322288],[120.141541,23.324664],[120.136604,23.328134],[120.132281,23.329773],[120.118085,23.340154],[120.119049,23.343132],[120.118377,23.343569],[120.11975,23.347831],[120.121912,23.351573],[120.122963,23.354797],[120.125534,23.359441],[120.126644,23.360698],[120.128046,23.363566],[120.129419,23.368784],[120.130879,23.37045],[120.131931,23.376242],[120.131872,23.382279],[120.131639,23.384793],[120.137597,23.384683],[120.139525,23.385284],[120.148259,23.385585],[120.150683,23.388344],[120.152056,23.38859],[120.155211,23.384711],[120.155912,23.384711],[120.156437,23.379793],[120.158424,23.381159],[120.157869,23.383181],[120.15819,23.384793],[120.157314,23.384957],[120.154013,23.388125],[120.157781,23.385803],[120.159271,23.387716],[120.155707,23.390065],[120.154977,23.389191],[120.154101,23.389164],[120.155503,23.390939],[120.157051,23.389901],[120.160731,23.388781],[120.163535,23.392934],[120.163681,23.393425],[120.161783,23.394381],[120.161607,23.397906],[120.160527,23.401594],[120.160001,23.405364],[120.159972,23.406128],[120.15413,23.404271],[120.15375,23.400555],[120.153838,23.399162],[120.152991,23.398616],[120.152202,23.399627],[120.151355,23.398589],[120.151209,23.399872],[120.150157,23.403151],[120.15007,23.404817],[120.149398,23.406156],[120.149485,23.410472],[120.149252,23.413122],[120.148259,23.415116],[120.149223,23.415663],[120.151267,23.418285],[120.150537,23.419487],[120.149515,23.419815],[120.149485,23.42282],[120.151296,23.424377],[120.151618,23.423886],[120.15559,23.427164],[120.155736,23.428584],[120.153604,23.42842],[120.151238,23.426153],[120.149281,23.425497],[120.148463,23.426044],[120.149047,23.427683],[120.145893,23.428229],[120.145513,23.428612],[120.145776,23.433283],[120.147266,23.436425],[120.146506,23.43749],[120.147207,23.438829],[120.148317,23.43872],[120.149778,23.441861],[120.154626,23.447762],[120.155619,23.448254],[120.152932,23.448472],[120.150946,23.448991],[120.151209,23.450685],[120.152582,23.453936],[120.151997,23.455165],[120.151121,23.455684],[120.149661,23.454264],[120.146126,23.453116],[120.139087,23.449702],[120.139905,23.450685],[120.138766,23.452652],[120.135377,23.45115],[120.1364,23.4485],[120.135377,23.447707],[120.134413,23.449128],[120.133245,23.451587],[120.134384,23.454073],[120.138999,23.458007],[120.144578,23.4597],[120.145279,23.462214],[120.146944,23.465191],[120.144841,23.467049],[120.144286,23.468142],[120.144082,23.470109],[120.145162,23.472076],[120.145893,23.472294],[120.14785,23.473851],[120.14709,23.474726],[120.149018,23.474753],[120.149456,23.477321],[120.149047,23.478086],[120.149924,23.478605],[120.15153,23.480681],[120.153955,23.482102],[120.154714,23.484041],[120.155795,23.484068],[120.156642,23.487538],[120.15524,23.491089],[120.158102,23.491663],[120.162162,23.491472],[120.167624,23.490734],[120.169377,23.489887],[120.169698,23.492209],[120.16853,23.492155],[120.162542,23.493166],[120.160731,23.492947],[120.158686,23.493603],[120.158949,23.494532],[120.157839,23.495023],[120.139496,23.489942],[120.138357,23.489368],[120.136312,23.48904],[120.133566,23.488139],[120.127374,23.48792],[120.124657,23.488713],[120.123401,23.489641],[120.120422,23.492974],[120.119429,23.495488],[120.119283,23.498329],[120.118932,23.515075],[120.119429,23.517179],[120.121503,23.519501],[120.124015,23.52043],[120.127228,23.520211],[120.137539,23.518271],[120.142446,23.517425],[120.142621,23.51849],[120.145834,23.51849],[120.145834,23.520839],[120.146389,23.520757],[120.148784,23.519146],[120.15229,23.518244],[120.158131,23.515922],[120.164558,23.515813],[120.165405,23.517206],[120.166573,23.517233],[120.172386,23.514693],[120.177059,23.51177],[120.180973,23.50983],[120.182492,23.50983],[120.187166,23.510568],[120.18994,23.510049],[120.193007,23.511824],[120.195081,23.512644],[120.196396,23.512343],[120.196746,23.512999],[120.198382,23.512589],[120.198528,23.513054],[120.201274,23.512453],[120.200982,23.511387],[120.201858,23.511278],[120.202851,23.511114],[120.203085,23.512043],[120.204983,23.511797],[120.206648,23.510595],[120.209861,23.509721],[120.213425,23.508218],[120.215762,23.506907],[120.218244,23.506224],[120.219384,23.505568],[120.223035,23.504312],[120.230892,23.505432],[120.237084,23.506961],[120.2391,23.507699],[120.243072,23.510103],[120.244766,23.511633],[120.246665,23.513846],[120.247045,23.516195],[120.245584,23.523298],[120.244036,23.532614],[120.242021,23.538678],[120.242079,23.541547],[120.243335,23.543623],[120.244358,23.544279],[120.248885,23.545754],[120.253792,23.54641],[120.2561,23.546082],[120.258115,23.54376],[120.259371,23.541219],[120.261357,23.536356],[120.263431,23.533543],[120.26457,23.532996],[120.266615,23.531057],[120.268893,23.530182],[120.271902,23.530729],[120.272574,23.531466],[120.273596,23.534198],[120.274326,23.537941],[120.276021,23.542967],[120.277014,23.54406],[120.280197,23.545863],[120.282593,23.546027],[120.286711,23.54783],[120.290888,23.550781],[120.290216,23.55384],[120.289106,23.557446],[120.289223,23.561189],[120.290012,23.562282],[120.29267,23.563975],[120.295357,23.564604],[120.297635,23.564549],[120.305697,23.562992],[120.308034,23.56332],[120.310575,23.564549],[120.310225,23.567199],[120.30672,23.571543],[120.30634,23.573236],[120.307567,23.574684],[120.31078,23.575067],[120.31186,23.574958],[120.31703,23.573291],[120.31814,23.572635],[120.32039,23.572417],[120.3248,23.573209],[120.326991,23.574165],[120.331577,23.577444],[120.333125,23.579219],[120.333417,23.582361],[120.333651,23.591786],[120.335257,23.593015],[120.338353,23.592196],[120.340719,23.591895],[120.343319,23.591922],[120.352461,23.593124],[120.356697,23.594026],[120.358595,23.594818],[120.36026,23.596129],[120.361546,23.59826],[120.365168,23.601675],[120.365869,23.602986],[120.366131,23.60662],[120.366482,23.607822],[120.368118,23.607494],[120.369899,23.609024],[120.371155,23.609488],[120.375537,23.609898],[120.379772,23.609925],[120.380736,23.611756],[120.383219,23.612685],[120.382722,23.614105],[120.384154,23.61752],[120.386607,23.621017],[120.39242,23.622383],[120.392245,23.623557],[120.393092,23.624213],[120.39426,23.623994],[120.39613,23.624787],[120.402643,23.626945],[120.400861,23.632163],[120.401446,23.6329],[120.404629,23.634212],[120.405915,23.633611],[120.406411,23.632545],[120.406616,23.625278],[120.409595,23.625251],[120.412808,23.623967],[120.414122,23.623148],[120.41383,23.62241],[120.415787,23.621399],[120.416868,23.622929],[120.420081,23.625197],[120.420957,23.624759],[120.42122,23.620962],[120.422009,23.619268],[120.424141,23.618312],[120.425631,23.618066],[120.426683,23.619159],[120.428231,23.619186],[120.429925,23.618367],[120.431531,23.619842],[120.431765,23.621481],[120.433956,23.622847],[120.435621,23.621946],[120.436818,23.621809],[120.437344,23.622465],[120.436993,23.623803],[120.435329,23.624404],[120.435066,23.625169],[120.435971,23.626071],[120.438045,23.626535],[120.441141,23.625989],[120.442631,23.628912],[120.444208,23.63036],[120.445201,23.630524],[120.446691,23.629731],[120.450663,23.629622],[120.452212,23.630742],[120.454169,23.629923],[120.453351,23.628502],[120.451072,23.627081],[120.453993,23.626317],[120.455483,23.626535],[120.458462,23.627683],[120.460711,23.629404],[120.463895,23.629404],[120.466144,23.63025],[120.46854,23.630278],[120.469591,23.630223],[120.474002,23.63107],[120.476368,23.629513],[120.477478,23.629895],[120.478734,23.632791],[120.47923,23.632955],[120.482648,23.63219],[120.485832,23.630633],[120.487292,23.630551],[120.488139,23.631452],[120.487175,23.634157],[120.48735,23.635004],[120.489045,23.635905],[120.491089,23.63484],[120.492842,23.633228],[120.493543,23.633201],[120.496727,23.634512],[120.499472,23.635086],[120.5014,23.634785],[120.503562,23.635277],[120.504701,23.634922],[120.505928,23.633829],[120.507534,23.631043],[120.507651,23.630223],[120.50657,23.628447],[120.506395,23.626098],[120.507593,23.624049],[120.50768,23.622984],[120.509462,23.621782],[120.510251,23.61935],[120.512383,23.617957],[120.513055,23.616864],[120.51507,23.615143],[120.515567,23.614023],[120.516881,23.612603],[120.517611,23.611073],[120.519598,23.609051],[120.523044,23.607057],[120.523745,23.606073],[120.525965,23.604735],[120.528068,23.602741],[120.52874,23.60091],[120.5295,23.599872],[120.532274,23.598725],[120.533355,23.596812],[120.536948,23.594709],[120.538963,23.594326],[120.543578,23.594354],[120.545214,23.593917],[120.548281,23.59378],[120.551932,23.593944],[120.556577,23.592851],[120.556956,23.591158],[120.557803,23.589218],[120.559527,23.588672],[120.561834,23.588781],[120.563061,23.589628],[120.56569,23.589436],[120.567384,23.587688],[120.568728,23.587989],[120.570918,23.587934],[120.574132,23.585994],[120.575066,23.584601],[120.576351,23.584437],[120.576702,23.583563],[120.578542,23.583344],[120.580295,23.582279],[120.581405,23.582115],[120.585027,23.582989],[120.585932,23.582607],[120.587217,23.584164],[120.588824,23.585503],[120.589817,23.585721],[120.591073,23.585011],[120.593322,23.584983],[120.594841,23.585421],[120.595922,23.584765],[120.597616,23.584656],[120.599748,23.583317],[120.602494,23.58318],[120.605502,23.583672],[120.606525,23.584219],[120.607722,23.583399],[120.609796,23.582607],[120.612133,23.583563],[120.612892,23.58441],[120.615463,23.585339],[120.617887,23.584328],[120.618997,23.584164],[120.620224,23.585284],[120.620808,23.586459],[120.62294,23.587961],[120.623203,23.589983],[120.625219,23.590666],[120.627205,23.590201],[120.629571,23.590365],[120.630593,23.589955],[120.635763,23.591349],[120.636786,23.59195],[120.639794,23.592551],[120.643066,23.592578],[120.645607,23.593562],[120.647447,23.593234],[120.649083,23.592551],[120.648645,23.590256],[120.647155,23.587852],[120.647272,23.586022],[120.649258,23.585721],[120.649054,23.582743],[120.648294,23.581541],[120.646133,23.579547],[120.644701,23.579465],[120.643504,23.578208],[120.643475,23.575722],[120.644146,23.575285],[120.645578,23.575804],[120.646571,23.576761],[120.647827,23.576351],[120.649316,23.574794],[120.649521,23.573291],[120.650835,23.572444],[120.655713,23.572226],[120.658079,23.572881],[120.658225,23.57351],[120.660679,23.576296],[120.664184,23.57717],[120.665265,23.577689],[120.668565,23.577799],[120.669792,23.578755],[120.670785,23.578482],[120.672596,23.576296],[120.673531,23.573182],[120.674875,23.57127],[120.676248,23.570723],[120.679431,23.571433],[120.680892,23.571515],[120.682849,23.572362],[120.685624,23.574548],[120.686821,23.57504],[120.688866,23.575121],[120.691349,23.576105],[120.694007,23.576515],[120.695818,23.576214],[120.698914,23.576351],[120.700725,23.576078],[120.704318,23.575012],[120.709108,23.575586],[120.709517,23.574275],[120.709488,23.572089],[120.710043,23.571188],[120.711299,23.57086],[120.712613,23.571352],[120.714716,23.570832],[120.716089,23.571078],[120.716732,23.569385],[120.717959,23.569057],[120.72085,23.570505],[120.724297,23.571898],[120.728153,23.570313],[120.730431,23.570778],[120.733673,23.570996],[120.736156,23.570477],[120.735893,23.573592],[120.7349,23.575367],[120.732154,23.577143],[120.732183,23.579028],[120.732797,23.58105],[120.733644,23.582416],[120.733907,23.584738],[120.73233,23.587825],[120.732709,23.589191],[120.732037,23.590775],[120.729934,23.593452],[120.730168,23.594326],[120.732738,23.597031],[120.732563,23.597332],[120.728532,23.599162],[120.727831,23.601375],[120.724618,23.603642],[120.726751,23.607439],[120.728941,23.608778],[120.729555,23.610226],[120.730869,23.6108],[120.734549,23.610062],[120.735835,23.609543],[120.739018,23.610144],[120.741764,23.612439],[120.744393,23.612685],[120.74635,23.612493],[120.747489,23.611155],[120.748979,23.612029],[120.750469,23.614078],[120.752951,23.61487],[120.755405,23.614187],[120.758063,23.612493],[120.764285,23.612247],[120.766913,23.609761],[120.769659,23.608068],[120.770214,23.605964],[120.773281,23.605664],[120.774566,23.605199],[120.776728,23.603833],[120.777312,23.602659],[120.779561,23.601593],[120.783738,23.600719],[120.787448,23.601265],[120.790865,23.600938],[120.794137,23.598233],[120.794925,23.59725],[120.798051,23.597441],[120.801088,23.596621],[120.803746,23.596812],[120.805119,23.598615],[120.809793,23.598697],[120.811283,23.600145],[120.813795,23.600938],[120.81765,23.599599],[120.818585,23.598233],[120.816891,23.595583],[120.817679,23.594299],[120.818643,23.593725],[120.81987,23.590447],[120.820688,23.589546],[120.823696,23.587142],[120.825391,23.586541],[120.824631,23.585339],[120.82469,23.584219],[120.823726,23.584109],[120.821301,23.581241],[120.821623,23.580093],[120.820308,23.578809],[120.81987,23.577471],[120.819549,23.574876],[120.820454,23.572827],[120.821886,23.570914],[120.821068,23.570013],[120.821477,23.568237],[120.819928,23.564522],[120.820659,23.562637],[120.819023,23.560506],[120.816657,23.558539],[120.815898,23.557392],[120.813999,23.555998],[120.814583,23.55466],[120.815898,23.553676],[120.814612,23.551791],[120.811516,23.551081],[120.811312,23.549442],[120.809997,23.547885],[120.809939,23.547038],[120.808829,23.545863],[120.808186,23.542148],[120.808332,23.539307],[120.808975,23.537613],[120.808624,23.536192],[120.810961,23.534499],[120.81248,23.532532],[120.814203,23.5298],[120.814379,23.529035],[120.817183,23.525402],[120.818147,23.523462],[120.820367,23.521276],[120.819111,23.519528],[120.819753,23.517479],[120.819549,23.515594],[120.81987,23.514556],[120.823171,23.51095],[120.822791,23.509038],[120.823171,23.507289],[120.823959,23.505814],[120.824076,23.50412],[120.82355,23.501252],[120.82282,23.49893],[120.823755,23.49699],[120.824631,23.496608],[120.825449,23.494805],[120.825303,23.489696],[120.826179,23.488494],[120.827056,23.483386],[120.828224,23.481856],[120.829889,23.480708],[120.831671,23.477676],[120.832635,23.474726],[120.834884,23.473687],[120.835994,23.472567],[120.838973,23.471229],[120.841456,23.472922],[120.842537,23.47325],[120.844085,23.472813],[120.846567,23.473086],[120.848729,23.472158],[120.849927,23.472212],[120.852994,23.473168],[120.856207,23.473414],[120.858134,23.472868],[120.862428,23.473496],[120.863567,23.473469],[120.866693,23.472321],[120.868328,23.470628],[120.871162,23.469617],[120.87309,23.468524],[120.876536,23.467814],[120.880801,23.467623],[120.881882,23.468278],[120.882057,23.470027],[120.883196,23.472158],[120.884131,23.473168],[120.884277,23.474288],[120.887139,23.4756],[120.891784,23.475682],[120.894617,23.475545],[120.896019,23.475873],[120.898297,23.475791],[120.899641,23.475354],[120.901978,23.476091],[120.90668,23.476037],[120.908053,23.475818],[120.910215,23.476228],[120.911325,23.476064],[120.914655,23.474698],[120.915443,23.474671],[120.917488,23.475682],[120.919211,23.474862],[120.92073,23.474944],[120.923534,23.473687],[120.926484,23.472977],[120.930778,23.47071],[120.932385,23.471147],[120.934663,23.473114],[120.937934,23.47295],[120.939336,23.47213],[120.941586,23.469835],[120.945178,23.467759],[120.947515,23.467104],[120.949122,23.467568],[120.951283,23.467513],[120.953941,23.468743],[120.956891,23.469617],[120.957534,23.469508],[120.957125,23.468388],[120.956015,23.467322],[120.952013,23.46582],[120.95029,23.464809],[120.944419,23.463443],[120.940271,23.463115],[120.938898,23.463907],[120.936649,23.463798],[120.934488,23.461449],[120.934488,23.459892],[120.935101,23.458908],[120.93402,23.458088],[120.93256,23.45787],[120.931158,23.457078],[120.930194,23.457242],[120.928325,23.456777],[120.9285,23.455493],[120.926835,23.456012],[120.926397,23.457351],[120.923855,23.458362],[120.922483,23.458143],[120.921577,23.459045],[120.920146,23.458853],[120.915911,23.458826],[120.91518,23.458007],[120.912697,23.458498],[120.911091,23.457569],[120.909923,23.457788],[120.908345,23.456723],[120.907469,23.455029],[120.906447,23.454592],[120.905658,23.453171],[120.90449,23.452925],[120.902357,23.454127],[120.900371,23.453745],[120.900605,23.452406],[120.898823,23.45115],[120.896778,23.450904],[120.895172,23.445904],[120.892864,23.445194],[120.891754,23.446615],[120.891404,23.444238],[120.890586,23.443446],[120.890703,23.442408],[120.888775,23.439129],[120.888395,23.437408],[120.887461,23.436698],[120.88711,23.435195],[120.885241,23.434977],[120.883809,23.436261],[120.882816,23.435414],[120.881998,23.43331],[120.878931,23.432136],[120.875339,23.432764],[120.875543,23.431562],[120.873761,23.429841],[120.871746,23.429595],[120.870519,23.428366],[120.869322,23.426262],[120.868124,23.426645],[120.866255,23.426071],[120.864327,23.423886],[120.862311,23.424569],[120.85977,23.423913],[120.859332,23.424951],[120.858573,23.424896],[120.857287,23.422137],[120.856382,23.422001],[120.8546,23.423066],[120.853636,23.423039],[120.85311,23.421946],[120.850189,23.420607],[120.849167,23.419487],[120.849518,23.417739],[120.849284,23.41651],[120.849518,23.412876],[120.849109,23.411756],[120.847911,23.41121],[120.847707,23.410144],[120.844756,23.408232],[120.843939,23.403916],[120.843092,23.403287],[120.842566,23.402003],[120.841047,23.40102],[120.840083,23.399381],[120.838418,23.398233],[120.838447,23.396977],[120.839703,23.396075],[120.840959,23.396157],[120.840988,23.394928],[120.838885,23.394491],[120.83687,23.393398],[120.835702,23.390038],[120.834095,23.389655],[120.834095,23.388699],[120.834913,23.387743],[120.834358,23.386596],[120.832897,23.387224],[120.83097,23.386623],[120.829363,23.383153],[120.829772,23.381569],[120.829392,23.379985],[120.829392,23.377444],[120.828516,23.374958],[120.826033,23.373729],[120.825303,23.372882],[120.825274,23.371625],[120.823375,23.37198],[120.821184,23.370532],[120.819578,23.371161],[120.815868,23.371379],[120.814846,23.370204],[120.812977,23.369303],[120.811896,23.369685],[120.809851,23.369549],[120.808508,23.368374],[120.807018,23.36933],[120.805791,23.370915],[120.804594,23.370805],[120.803279,23.369467],[120.804681,23.367199],[120.802052,23.365096],[120.800826,23.363293],[120.800796,23.360943],[120.799102,23.361107],[120.797437,23.359714],[120.797174,23.35843],[120.79624,23.356873],[120.795276,23.356764],[120.793465,23.357529],[120.792209,23.357447],[120.791654,23.3566],[120.792034,23.35395],[120.790836,23.353158],[120.78847,23.352802],[120.788266,23.35201],[120.788674,23.349442],[120.788528,23.348268],[120.787594,23.346137],[120.78552,23.345618],[120.78476,23.344825],[120.783738,23.342585],[120.783212,23.342203],[120.780437,23.342285],[120.778568,23.342667],[120.777108,23.343541],[120.774946,23.343214],[120.77334,23.34182],[120.771149,23.342449],[120.768462,23.343897],[120.766943,23.34335],[120.7663,23.342476],[120.764869,23.341684],[120.763934,23.34182],[120.763029,23.342777],[120.760692,23.343924],[120.758063,23.344279],[120.757508,23.342995],[120.758472,23.340864],[120.757479,23.339553],[120.757216,23.33816],[120.75856,23.337313],[120.758443,23.335482],[120.756427,23.332778],[120.754733,23.33174],[120.752835,23.331385],[120.752163,23.330183],[120.753243,23.328188],[120.75263,23.326713],[120.750469,23.325511],[120.75006,23.324063],[120.747869,23.321905],[120.746379,23.321605],[120.742232,23.321468],[120.740391,23.32043],[120.74007,23.31778],[120.738726,23.316414],[120.736302,23.316004],[120.734316,23.315157],[120.7323,23.313873],[120.730168,23.310759],[120.730226,23.309393],[120.730811,23.307809],[120.730635,23.305623],[120.72605,23.306634],[120.72196,23.308137],[120.720646,23.308355],[120.717988,23.308082],[120.716294,23.307617],[120.712175,23.30871],[120.711211,23.307454],[120.7094,23.306088],[120.706771,23.304722],[120.705428,23.302809],[120.704376,23.30199],[120.702828,23.297564],[120.702331,23.294095],[120.702857,23.2918],[120.702565,23.291035],[120.703529,23.289451],[120.702624,23.287948],[120.701397,23.28691],[120.701163,23.285571],[120.699557,23.284424],[120.696606,23.284342],[120.69351,23.284533],[120.691787,23.285134],[120.689888,23.285298],[120.687172,23.286609],[120.6839,23.287129],[120.681914,23.287648],[120.680162,23.288576],[120.678409,23.288877],[120.677357,23.287866],[120.67616,23.288604],[120.675955,23.29027],[120.673736,23.291117],[120.671428,23.28997],[120.67026,23.290735],[120.66988,23.292019],[120.66839,23.291964],[120.667309,23.29404],[120.665615,23.294095],[120.665382,23.293166],[120.663921,23.293849],[120.662665,23.293548],[120.661818,23.295024],[120.659657,23.294778],[120.658751,23.295925],[120.657407,23.295269],[120.655334,23.291937],[120.653902,23.291308],[120.651975,23.291172],[120.65066,23.291745],[120.649054,23.293412],[120.64733,23.297209],[120.646775,23.297482],[120.643767,23.296089],[120.642423,23.293794],[120.642102,23.292456],[120.64292,23.291691],[120.643679,23.290052],[120.643416,23.288904],[120.641868,23.287484],[120.643036,23.286609],[120.644088,23.281938],[120.642628,23.280217],[120.641926,23.27855],[120.642131,23.277403],[120.643153,23.275983],[120.641722,23.274562],[120.640583,23.274016],[120.641255,23.27153],[120.640963,23.270929],[120.639006,23.270437],[120.638509,23.268825],[120.6407,23.26653],[120.64105,23.264044],[120.642131,23.260629],[120.641897,23.257734],[120.642102,23.256805],[120.644263,23.254428],[120.644351,23.253663],[120.645724,23.252543],[120.647739,23.249593],[120.64806,23.248473],[120.64917,23.247079],[120.648528,23.245987],[120.648645,23.243064],[120.64917,23.242708],[120.6492,23.240496],[120.650865,23.23801],[120.650543,23.237108],[120.651303,23.235824],[120.650456,23.234841],[120.650485,23.232956],[120.64955,23.23047],[120.649492,23.228639],[120.650543,23.227191],[120.651828,23.226235],[120.653435,23.224542],[120.651361,23.224104],[120.648002,23.225798],[120.64809,23.226454],[120.646892,23.227137],[120.644176,23.225306],[120.642715,23.225607],[120.638889,23.227956],[120.6355,23.228448],[120.634361,23.229158],[120.633397,23.228612],[120.631061,23.229541],[120.629571,23.229049],[120.628227,23.229432],[120.626183,23.228557],[120.624956,23.227273],[120.619581,23.225771],[120.618588,23.225744],[120.616748,23.223558],[120.612863,23.223968],[120.611636,23.22282],[120.609709,23.222739],[120.60819,23.224678],[120.606028,23.22588],[120.602698,23.226071],[120.600303,23.227547],[120.598784,23.227984],[120.597411,23.228885],[120.596389,23.231726],[120.596623,23.23312],[120.596418,23.235032],[120.595717,23.23689],[120.593789,23.239403],[120.592358,23.239731],[120.592124,23.237327],[120.591686,23.236125],[120.590138,23.233885],[120.589934,23.231426],[120.58897,23.230278],[120.586545,23.224104],[120.58491,23.223258],[120.582924,23.221373],[120.58196,23.220089],[120.579681,23.218996],[120.579214,23.21692],[120.57825,23.214789],[120.577812,23.215554],[120.574686,23.217767],[120.572525,23.217821],[120.571035,23.218204],[120.568991,23.219433],[120.567355,23.219815],[120.565281,23.22099],[120.563791,23.220225],[120.561367,23.217439],[120.558066,23.216838],[120.557511,23.217247],[120.554853,23.217575],[120.554298,23.21875],[120.553627,23.218832],[120.552429,23.220334],[120.55053,23.220717],[120.549771,23.221345],[120.548719,23.223831],[120.543987,23.22659],[120.54241,23.227],[120.541505,23.22782],[120.539752,23.227656],[120.536218,23.229186],[120.534056,23.228994],[120.531982,23.229677],[120.531194,23.231836],[120.529412,23.232519],[120.527864,23.232],[120.526812,23.230934],[120.525732,23.231535],[120.523482,23.234103],[120.523161,23.23495],[120.520591,23.237654],[120.519802,23.237818],[120.519013,23.239266],[120.519422,23.239485],[120.520883,23.240441],[120.5243,23.242107],[120.527893,23.245358],[120.52912,23.247243],[120.529967,23.247954],[120.530872,23.251068],[120.531544,23.251997],[120.531544,23.253445],[120.532304,23.255138],[120.530726,23.25604],[120.53058,23.257297],[120.529237,23.258007],[120.528419,23.262214],[120.526666,23.264017],[120.526082,23.266503],[120.522548,23.269235],[120.522168,23.2703],[120.520415,23.271775],[120.522226,23.273988],[120.521701,23.275819],[120.521876,23.276611],[120.521116,23.279944],[120.522694,23.281446],[120.522898,23.284615],[120.521964,23.287402],[120.522577,23.289314],[120.523775,23.290106],[120.524476,23.291554],[120.525994,23.292237],[120.526257,23.29587],[120.525702,23.298247],[120.524563,23.30128],[120.523891,23.3024],[120.524096,23.303356],[120.523366,23.306361],[120.523366,23.30871],[120.522752,23.310103],[120.522606,23.311879],[120.523891,23.313354],[120.52728,23.314638],[120.528331,23.31595],[120.531486,23.317889],[120.531953,23.32114],[120.533764,23.321987],[120.535955,23.324282],[120.537065,23.326522],[120.539986,23.327861],[120.538379,23.330073],[120.536802,23.33327],[120.534027,23.335783],[120.533706,23.336466]],[[120.408806,23.506579],[120.405681,23.503711],[120.403812,23.503738],[120.400978,23.501853],[120.40019,23.499968],[120.40019,23.498766],[120.399284,23.498766],[120.394961,23.500733],[120.391514,23.500268],[120.389324,23.498602],[120.389966,23.497946],[120.389178,23.497154],[120.389265,23.493985],[120.389791,23.491363],[120.394698,23.490762],[120.39391,23.488931],[120.394056,23.486855],[120.393618,23.486227],[120.393355,23.482511],[120.394406,23.480763],[120.396918,23.480435],[120.396889,23.479534],[120.398057,23.479534],[120.39908,23.478414],[120.398525,23.476802],[120.398817,23.475682],[120.398495,23.473988],[120.399284,23.471065],[120.397999,23.470355],[120.396626,23.467732],[120.395253,23.467431],[120.394202,23.466175],[120.394143,23.462514],[120.397181,23.462596],[120.40019,23.463252],[120.403724,23.463306],[120.406528,23.463607],[120.408105,23.464372],[120.409245,23.46429],[120.411289,23.464782],[120.413042,23.463661],[120.413013,23.462432],[120.415145,23.460274],[120.424083,23.461367],[120.42604,23.460738],[120.429282,23.461039],[120.430129,23.452543],[120.432846,23.450111],[120.434481,23.450712],[120.434627,23.449948],[120.437023,23.446423],[120.437753,23.446697],[120.438571,23.445713],[120.438279,23.444866],[120.435942,23.444211],[120.437811,23.441697],[120.438717,23.441206],[120.439564,23.439566],[120.441667,23.440167],[120.447129,23.443418],[120.449612,23.443418],[120.451657,23.444047],[120.452854,23.444894],[120.454607,23.448308],[120.454724,23.45033],[120.455425,23.45033],[120.456827,23.452133],[120.458988,23.454209],[120.460244,23.454482],[120.461062,23.455329],[120.46445,23.455575],[120.464509,23.458252],[120.468656,23.461585],[120.475404,23.462132],[120.476981,23.461913],[120.480778,23.459864],[120.481713,23.458088],[120.484429,23.456422],[120.489395,23.452352],[120.490155,23.452106],[120.495179,23.452843],[120.496142,23.454674],[120.497077,23.455329],[120.496902,23.456122],[120.497544,23.45787],[120.498508,23.458416],[120.500465,23.460547],[120.500436,23.463033],[120.499618,23.465164],[120.501225,23.466038],[120.501751,23.466912],[120.503766,23.467158],[120.505051,23.469617],[120.506541,23.470081],[120.507242,23.471802],[120.508556,23.471365],[120.509199,23.47213],[120.509228,23.474835],[120.507125,23.476583],[120.507008,23.47713],[120.504964,23.478823],[120.503708,23.478905],[120.504087,23.480954],[120.501897,23.4809],[120.502481,23.482894],[120.503065,23.483249],[120.503386,23.485434],[120.501897,23.486336],[120.500962,23.488576],[120.501313,23.489805],[120.500144,23.49068],[120.497165,23.490598],[120.496055,23.490106],[120.494244,23.490188],[120.493601,23.491117],[120.489424,23.491363],[120.486094,23.493357],[120.483904,23.495734],[120.483699,23.498247],[120.484576,23.498875],[120.484663,23.501388],[120.484021,23.503847],[120.483173,23.505377],[120.481304,23.504394],[120.479668,23.504394],[120.47812,23.504913],[120.474761,23.506825],[120.473505,23.506852],[120.47257,23.505213],[120.470818,23.50382],[120.470117,23.500214],[120.469241,23.499449],[120.467459,23.498793],[120.465502,23.498739],[120.463837,23.499422],[120.462639,23.50076],[120.462084,23.503273],[120.460069,23.507043],[120.457761,23.508901],[120.456301,23.51177],[120.456213,23.512835],[120.457382,23.513655],[120.457352,23.515294],[120.456301,23.516004],[120.453263,23.515867],[120.451131,23.516851],[120.449378,23.517097],[120.448035,23.518189],[120.446779,23.518435],[120.445172,23.518135],[120.444471,23.517315],[120.442485,23.51808],[120.440615,23.518299],[120.442134,23.513327],[120.440499,23.511933],[120.439067,23.512234],[120.437139,23.514037],[120.437344,23.515157],[120.435066,23.517261],[120.43378,23.517206],[120.434043,23.516004],[120.433547,23.514365],[120.432583,23.513436],[120.433722,23.511414],[120.43378,23.50983],[120.433196,23.508901],[120.431531,23.508737],[120.42788,23.509229],[120.426274,23.508737],[120.424988,23.506442],[120.424258,23.506197],[120.420987,23.50606],[120.416605,23.505268],[120.415408,23.50382],[120.413421,23.502399],[120.412253,23.499176],[120.409595,23.498438],[120.408456,23.498438],[120.407842,23.502591],[120.408806,23.506579]]],[[[120.15191,23.392742],[120.151004,23.392169],[120.151589,23.391158],[120.152436,23.391076],[120.151589,23.389464],[120.150186,23.389164],[120.14969,23.391349],[120.147704,23.398534],[120.143877,23.402878],[120.141803,23.408314],[120.140839,23.411456],[120.141511,23.412384],[120.142826,23.409461],[120.143614,23.40662],[120.144724,23.403779],[120.149778,23.398534],[120.15191,23.392742]]]]}},{"type":"Feature","properties":{"COUNTYNAME":"高雄市","COUNTYID":"E","COUNTYCODE":"64000","COUNTYENG":"Kaohsiung City"},"geometry":{"type":"Polygon","coordinates":[[[120.43527,22.628832],[120.433722,22.624597],[120.433459,22.620855],[120.433693,22.617604],[120.434627,22.613424],[120.436643,22.608889],[120.437548,22.607277],[120.439009,22.605802],[120.440645,22.60501],[120.442718,22.603343],[120.444851,22.600748],[120.445785,22.598836],[120.446633,22.594465],[120.446983,22.58952],[120.447012,22.586187],[120.445639,22.579221],[120.44488,22.573238],[120.444121,22.56884],[120.443449,22.567146],[120.442689,22.562311],[120.442017,22.560071],[120.440732,22.557639],[120.439038,22.555017],[120.437753,22.552012],[120.436585,22.547559],[120.435095,22.546603],[120.43305,22.545865],[120.431268,22.544663],[120.430655,22.543488],[120.429165,22.538571],[120.427471,22.534282],[120.425134,22.52849],[120.424579,22.52442],[120.422856,22.518464],[120.422798,22.51494],[120.423031,22.511006],[120.423645,22.506526],[120.424813,22.501472],[120.425748,22.498167],[120.425222,22.494069],[120.425076,22.491146],[120.423937,22.479972],[120.424433,22.468717],[120.420841,22.468471],[120.413889,22.470466],[120.410939,22.470739],[120.40755,22.471722],[120.405535,22.472678],[120.401855,22.47388],[120.400891,22.474946],[120.398408,22.475574],[120.395662,22.477022],[120.393705,22.479044],[120.389703,22.481666],[120.386899,22.483059],[120.384913,22.48489],[120.380999,22.486966],[120.37948,22.487567],[120.377523,22.488824],[120.373229,22.491228],[120.371477,22.492867],[120.364291,22.498221],[120.359881,22.50109],[120.358917,22.500735],[120.358917,22.502182],[120.355937,22.504286],[120.354915,22.50598],[120.350972,22.509531],[120.346561,22.512372],[120.343494,22.514749],[120.341946,22.515213],[120.339054,22.517235],[120.333738,22.521415],[120.336075,22.523682],[120.336922,22.525103],[120.333359,22.528791],[120.325326,22.523464],[120.326261,22.529993],[120.329912,22.532998],[120.331431,22.532861],[120.329503,22.53379],[120.325238,22.530102],[120.324245,22.522781],[120.312445,22.514886],[120.288639,22.543871],[120.288843,22.544007],[120.293429,22.538434],[120.296964,22.540948],[120.30374,22.532697],[120.307625,22.535457],[120.316797,22.524229],[120.32185,22.527807],[120.307537,22.545209],[120.303594,22.545619],[120.301783,22.54581],[120.298541,22.547504],[120.300673,22.551301],[120.303419,22.554334],[120.302835,22.557776],[120.285776,22.577855],[120.284491,22.578101],[120.282388,22.580751],[120.278357,22.584357],[120.271289,22.592798],[120.269828,22.595639],[120.267637,22.598098],[120.26679,22.60001],[120.263782,22.601895],[120.263022,22.601376],[120.263227,22.603616],[120.263694,22.605146],[120.265271,22.606622],[120.266002,22.608807],[120.265622,22.610747],[120.264191,22.611402],[120.263198,22.610364],[120.263256,22.61285],[120.262263,22.613998],[120.256129,22.617713],[120.256509,22.619598],[120.256684,22.620937],[120.263314,22.624105],[120.26346,22.626209],[120.262993,22.62793],[120.262467,22.628258],[120.261007,22.631536],[120.260072,22.632028],[120.259342,22.633913],[120.256129,22.636262],[120.255077,22.63965],[120.253997,22.640469],[120.253763,22.641589],[120.251689,22.645168],[120.251105,22.649293],[120.249937,22.650741],[120.249878,22.651697],[120.250579,22.652571],[120.250754,22.654948],[120.250316,22.656533],[120.25093,22.65962],[120.251426,22.660549],[120.251163,22.661942],[120.252653,22.664045],[120.252974,22.665029],[120.25534,22.666914],[120.256363,22.668608],[120.257502,22.668853],[120.259254,22.669045],[120.262555,22.672733],[120.263636,22.673224],[120.264454,22.675219],[120.264424,22.680846],[120.264103,22.68254],[120.26311,22.684015],[120.26346,22.686255],[120.262818,22.689042],[120.261825,22.689288],[120.258057,22.689315],[120.258057,22.693604],[120.258057,22.695571],[120.260072,22.6965],[120.261007,22.696281],[120.262234,22.698248],[120.261562,22.701472],[120.258699,22.708821],[120.25683,22.712427],[120.257093,22.714339],[120.255837,22.714148],[120.25683,22.714858],[120.256275,22.718546],[120.254931,22.719584],[120.253763,22.722808],[120.25277,22.724119],[120.251368,22.723709],[120.249849,22.724201],[120.249411,22.726086],[120.250345,22.726851],[120.249732,22.72849],[120.245321,22.737833],[120.245438,22.738816],[120.24316,22.743925],[120.242225,22.745373],[120.239334,22.751465],[120.238165,22.752831],[120.236208,22.756901],[120.233959,22.760371],[120.232907,22.759988],[120.231243,22.760726],[120.23095,22.761928],[120.23244,22.762529],[120.232732,22.764578],[120.232206,22.766436],[120.230629,22.768976],[120.229052,22.773292],[120.227737,22.775396],[120.225664,22.780204],[120.222859,22.785531],[120.222626,22.786679],[120.220581,22.790558],[120.220114,22.79247],[120.219237,22.793781],[120.219179,22.79471],[120.217631,22.797879],[120.215937,22.80195],[120.215499,22.803452],[120.215382,22.804163],[120.214213,22.804873],[120.212315,22.807605],[120.197915,22.805255],[120.1933,22.807441],[120.190174,22.813615],[120.190495,22.815281],[120.205976,22.820171],[120.207203,22.821045],[120.207232,22.822903],[120.20621,22.825444],[120.205129,22.825225],[120.20361,22.829924],[120.200456,22.838475],[120.201303,22.838693],[120.199025,22.843501],[120.198119,22.843556],[120.198148,22.844567],[120.196513,22.844758],[120.19292,22.848473],[120.195344,22.850167],[120.194556,22.85279],[120.19292,22.856368],[120.192774,22.857133],[120.191576,22.858335],[120.189415,22.85798],[120.18921,22.85839],[120.19327,22.859319],[120.193037,22.859974],[120.191343,22.859838],[120.189736,22.860712],[120.190291,22.86399],[120.192861,22.864783],[120.19219,22.867187],[120.190116,22.873251],[120.186377,22.881611],[120.186202,22.88254],[120.184391,22.886118],[120.184011,22.887758],[120.182959,22.889479],[120.181849,22.892347],[120.180185,22.895352],[120.179016,22.899368],[120.178344,22.900707],[120.177088,22.904531],[120.174664,22.910323],[120.174752,22.911716],[120.176767,22.912344],[120.17887,22.914339],[120.182463,22.91707],[120.18775,22.920239],[120.189181,22.920676],[120.190992,22.920458],[120.192044,22.921196],[120.19587,22.919638],[120.201799,22.915704],[120.203932,22.914858],[120.206035,22.914694],[120.208079,22.91524],[120.211088,22.912508],[120.214389,22.910487],[120.218128,22.90964],[120.220114,22.909612],[120.222538,22.911361],[120.226657,22.916278],[120.228672,22.916988],[120.230425,22.916688],[120.23171,22.915404],[120.231447,22.91229],[120.231564,22.908656],[120.232148,22.906689],[120.2332,22.905405],[120.236179,22.905105],[120.240093,22.904285],[120.242868,22.90352],[120.245292,22.90128],[120.2476,22.898193],[120.249615,22.896636],[120.252565,22.89486],[120.254143,22.894259],[120.256479,22.894013],[120.258787,22.895352],[120.258583,22.897237],[120.256947,22.898958],[120.256918,22.900078],[120.25794,22.901635],[120.26054,22.901745],[120.263694,22.899914],[120.266703,22.898658],[120.269828,22.896691],[120.272749,22.895489],[120.274297,22.895243],[120.276605,22.895516],[120.2764,22.89609],[120.278182,22.896199],[120.279496,22.896308],[120.279263,22.898357],[120.277978,22.901335],[120.277715,22.903575],[120.277978,22.904422],[120.279876,22.904886],[120.28455,22.904722],[120.293312,22.902919],[120.299125,22.901089],[120.30339,22.900433],[120.309115,22.90057],[120.313525,22.899914],[120.315687,22.899122],[120.316505,22.898466],[120.318316,22.895953],[120.320068,22.894997],[120.320945,22.895625],[120.324041,22.900215],[120.324859,22.900461],[120.327049,22.898466],[120.328627,22.894696],[120.330759,22.890708],[120.332482,22.88926],[120.335023,22.889451],[120.341303,22.889315],[120.342822,22.88967],[120.34513,22.889451],[120.348898,22.890599],[120.349687,22.890407],[120.350972,22.889151],[120.351118,22.888222],[120.352111,22.887676],[120.351614,22.88896],[120.352053,22.889369],[120.354535,22.890025],[120.354594,22.891008],[120.353367,22.89109],[120.353367,22.892429],[120.355178,22.891828],[120.354623,22.892511],[120.35512,22.893795],[120.356434,22.89273],[120.357719,22.894587],[120.357982,22.895871],[120.361049,22.89792],[120.361516,22.898904],[120.36137,22.900679],[120.360465,22.899641],[120.359209,22.900215],[120.359472,22.901417],[120.360874,22.901526],[120.361984,22.900925],[120.36248,22.901991],[120.363357,22.902318],[120.364174,22.901772],[120.365985,22.902236],[120.365693,22.904531],[120.367329,22.905187],[120.368235,22.903957],[120.368965,22.905706],[120.371068,22.907208],[120.371623,22.906443],[120.372528,22.906717],[120.372382,22.907973],[120.373142,22.909339],[120.37171,22.910842],[120.371185,22.91229],[120.37174,22.912781],[120.372937,22.912372],[120.373814,22.914147],[120.376793,22.914885],[120.376472,22.916087],[120.377143,22.916715],[120.377552,22.918218],[120.380356,22.918628],[120.380502,22.920103],[120.381817,22.919912],[120.381875,22.921086],[120.383248,22.919939],[120.385118,22.918873],[120.38687,22.9183],[120.388652,22.920622],[120.389236,22.920321],[120.390726,22.921687],[120.392186,22.922288],[120.393939,22.92207],[120.395896,22.922753],[120.399021,22.922288],[120.399868,22.921441],[120.400423,22.919037],[120.401913,22.91819],[120.40533,22.918163],[120.405915,22.916633],[120.40571,22.915786],[120.406324,22.914639],[120.40866,22.912344],[120.409741,22.913792],[120.413275,22.915295],[120.415174,22.915595],[120.416518,22.91636],[120.417744,22.918655],[120.417598,22.919693],[120.418884,22.922015],[120.419964,22.922999],[120.419935,22.924146],[120.420841,22.925075],[120.422067,22.927533],[120.422009,22.929336],[120.422768,22.930948],[120.424901,22.933188],[120.42455,22.933735],[120.425777,22.936166],[120.425485,22.937969],[120.426157,22.939362],[120.428377,22.940482],[120.428406,22.942149],[120.429341,22.943979],[120.430713,22.94846],[120.431677,22.949552],[120.4327,22.952557],[120.432963,22.955945],[120.434073,22.957283],[120.43527,22.959442],[120.436526,22.9616],[120.437286,22.96231],[120.437782,22.964605],[120.439243,22.967801],[120.439739,22.968293],[120.440878,22.971161],[120.442193,22.97392],[120.442164,22.975833],[120.442631,22.977308],[120.443653,22.977909],[120.444267,22.979302],[120.445201,22.979493],[120.449612,22.977226],[120.451803,22.978619],[120.453,22.977745],[120.453146,22.978592],[120.454665,22.980641],[120.454782,22.98258],[120.453205,22.984793],[120.453643,22.985558],[120.453526,22.987334],[120.455308,22.991131],[120.456856,22.990885],[120.457937,22.990202],[120.459631,22.989929],[120.46115,22.990885],[120.461091,22.992251],[120.460273,22.992852],[120.460449,22.993672],[120.459105,22.995857],[120.460215,22.99736],[120.4615,22.998125],[120.460536,23.00031],[120.459602,23.000693],[120.45966,23.00184],[120.460361,23.003397],[120.461705,23.004053],[120.462668,23.003206],[120.463457,23.003534],[120.466115,23.003315],[120.467225,23.003561],[120.468218,23.002632],[120.470526,23.002386],[120.475053,23.003233],[120.477478,23.003151],[120.478296,23.003534],[120.480048,23.002987],[120.479376,23.004954],[120.480369,23.006266],[120.481509,23.012194],[120.482677,23.015581],[120.485773,23.018368],[120.491995,23.021236],[120.495003,23.023285],[120.497574,23.024132],[120.498538,23.025361],[120.500261,23.025935],[120.50216,23.027602],[120.503737,23.02864],[120.505373,23.030552],[120.505519,23.031235],[120.508673,23.034814],[120.510513,23.035579],[120.512295,23.0373],[120.512441,23.037846],[120.514194,23.039021],[120.516297,23.041835],[120.519043,23.043965],[120.520153,23.045304],[120.522197,23.045632],[120.523687,23.047681],[120.523044,23.049566],[120.526257,23.052188],[120.526988,23.053418],[120.528127,23.054046],[120.53023,23.055904],[120.533092,23.057133],[120.535137,23.057406],[120.536568,23.058499],[120.537707,23.058854],[120.538029,23.060766],[120.539723,23.061941],[120.541417,23.062214],[120.542381,23.063362],[120.543812,23.063307],[120.545652,23.064127],[120.546499,23.065493],[120.54831,23.066012],[120.551932,23.067787],[120.552809,23.067842],[120.554503,23.068853],[120.556168,23.07082],[120.557102,23.071421],[120.559206,23.073907],[120.55868,23.075327],[120.560374,23.077185],[120.562681,23.078387],[120.563441,23.080053],[120.565398,23.080709],[120.567063,23.081993],[120.568027,23.083714],[120.569107,23.084342],[120.573109,23.089806],[120.574774,23.091418],[120.574073,23.094641],[120.575621,23.095598],[120.57641,23.097073],[120.577228,23.09945],[120.581113,23.105105],[120.582515,23.106006],[120.583186,23.108055],[120.586896,23.112153],[120.588181,23.114311],[120.588444,23.118545],[120.588911,23.119966],[120.588415,23.122425],[120.590489,23.127178],[120.592913,23.13021],[120.594812,23.131822],[120.595367,23.133598],[120.595191,23.134445],[120.596272,23.136876],[120.597557,23.137395],[120.598989,23.141056],[120.600537,23.142832],[120.601121,23.14417],[120.603779,23.144935],[120.605736,23.146738],[120.605473,23.148377],[120.607401,23.148268],[120.609008,23.149279],[120.610497,23.150945],[120.611841,23.15171],[120.612337,23.153622],[120.611111,23.15589],[120.612513,23.15731],[120.613447,23.15925],[120.614937,23.159496],[120.61593,23.160889],[120.616631,23.163129],[120.620516,23.162801],[120.62297,23.163922],[120.624576,23.166025],[120.625219,23.167773],[120.62703,23.167992],[120.627789,23.168648],[120.631061,23.170423],[120.630652,23.171926],[120.629454,23.173264],[120.629162,23.174193],[120.629863,23.174494],[120.632667,23.174467],[120.633952,23.174986],[120.635296,23.174712],[120.636172,23.175122],[120.63664,23.17698],[120.637428,23.178537],[120.637282,23.180395],[120.638334,23.181569],[120.641109,23.182935],[120.640174,23.183372],[120.638392,23.185694],[120.637691,23.187907],[120.636581,23.19012],[120.636961,23.191322],[120.638976,23.192743],[120.639561,23.19542],[120.6407,23.197523],[120.640963,23.19878],[120.642657,23.200173],[120.643124,23.201075],[120.643329,23.203342],[120.644701,23.204708],[120.646191,23.207058],[120.647389,23.207331],[120.648353,23.208587],[120.65142,23.208506],[120.651741,23.210199],[120.653084,23.211838],[120.653961,23.215554],[120.655071,23.216209],[120.656268,23.217657],[120.655918,23.221236],[120.655158,23.223476],[120.653435,23.224542],[120.651828,23.226235],[120.650543,23.227191],[120.649492,23.228639],[120.64955,23.23047],[120.650485,23.232956],[120.650456,23.234841],[120.651303,23.235824],[120.650543,23.237108],[120.650865,23.23801],[120.6492,23.240496],[120.64917,23.242708],[120.648645,23.243064],[120.648528,23.245987],[120.64917,23.247079],[120.64806,23.248473],[120.647739,23.249593],[120.645724,23.252543],[120.644351,23.253663],[120.644263,23.254428],[120.642102,23.256805],[120.641897,23.257734],[120.642131,23.260629],[120.64105,23.264044],[120.6407,23.26653],[120.638509,23.268825],[120.639006,23.270437],[120.640963,23.270929],[120.641255,23.27153],[120.640583,23.274016],[120.641722,23.274562],[120.643153,23.275983],[120.642131,23.277403],[120.641926,23.27855],[120.642628,23.280217],[120.644088,23.281938],[120.643036,23.286609],[120.641868,23.287484],[120.643416,23.288904],[120.643679,23.290052],[120.64292,23.291691],[120.642102,23.292456],[120.642423,23.293794],[120.643767,23.296089],[120.646775,23.297482],[120.64733,23.297209],[120.649054,23.293412],[120.65066,23.291745],[120.651975,23.291172],[120.653902,23.291308],[120.655334,23.291937],[120.657407,23.295269],[120.658751,23.295925],[120.659657,23.294778],[120.661818,23.295024],[120.662665,23.293548],[120.663921,23.293849],[120.665382,23.293166],[120.665615,23.294095],[120.667309,23.29404],[120.66839,23.291964],[120.66988,23.292019],[120.67026,23.290735],[120.671428,23.28997],[120.673736,23.291117],[120.675955,23.29027],[120.67616,23.288604],[120.677357,23.287866],[120.678409,23.288877],[120.680162,23.288576],[120.681914,23.287648],[120.6839,23.287129],[120.687172,23.286609],[120.689888,23.285298],[120.691787,23.285134],[120.69351,23.284533],[120.696606,23.284342],[120.699557,23.284424],[120.701163,23.285571],[120.701397,23.28691],[120.702624,23.287948],[120.703529,23.289451],[120.702565,23.291035],[120.702857,23.2918],[120.702331,23.294095],[120.702828,23.297564],[120.704376,23.30199],[120.705428,23.302809],[120.706771,23.304722],[120.7094,23.306088],[120.711211,23.307454],[120.712175,23.30871],[120.716294,23.307617],[120.717988,23.308082],[120.720646,23.308355],[120.72196,23.308137],[120.72605,23.306634],[120.730635,23.305623],[120.730811,23.307809],[120.730226,23.309393],[120.730168,23.310759],[120.7323,23.313873],[120.734316,23.315157],[120.736302,23.316004],[120.738726,23.316414],[120.74007,23.31778],[120.740391,23.32043],[120.742232,23.321468],[120.746379,23.321605],[120.747869,23.321905],[120.75006,23.324063],[120.750469,23.325511],[120.75263,23.326713],[120.753243,23.328188],[120.752163,23.330183],[120.752835,23.331385],[120.754733,23.33174],[120.756427,23.332778],[120.758443,23.335482],[120.75856,23.337313],[120.757216,23.33816],[120.757479,23.339553],[120.758472,23.340864],[120.757508,23.342995],[120.758063,23.344279],[120.760692,23.343924],[120.763029,23.342777],[120.763934,23.34182],[120.764869,23.341684],[120.7663,23.342476],[120.766943,23.34335],[120.768462,23.343897],[120.771149,23.342449],[120.77334,23.34182],[120.774946,23.343214],[120.777108,23.343541],[120.778568,23.342667],[120.780437,23.342285],[120.783212,23.342203],[120.783738,23.342585],[120.78476,23.344825],[120.78552,23.345618],[120.787594,23.346137],[120.788528,23.348268],[120.788674,23.349442],[120.788266,23.35201],[120.78847,23.352802],[120.790836,23.353158],[120.792034,23.35395],[120.791654,23.3566],[120.792209,23.357447],[120.793465,23.357529],[120.795276,23.356764],[120.79624,23.356873],[120.797174,23.35843],[120.797437,23.359714],[120.799102,23.361107],[120.800796,23.360943],[120.800826,23.363293],[120.802052,23.365096],[120.804681,23.367199],[120.803279,23.369467],[120.804594,23.370805],[120.805791,23.370915],[120.807018,23.36933],[120.808508,23.368374],[120.809851,23.369549],[120.811896,23.369685],[120.812977,23.369303],[120.814846,23.370204],[120.815868,23.371379],[120.819578,23.371161],[120.821184,23.370532],[120.823375,23.37198],[120.825274,23.371625],[120.825303,23.372882],[120.826033,23.373729],[120.828516,23.374958],[120.829392,23.377444],[120.829392,23.379985],[120.829772,23.381569],[120.829363,23.383153],[120.83097,23.386623],[120.832897,23.387224],[120.834358,23.386596],[120.834913,23.387743],[120.834095,23.388699],[120.834095,23.389655],[120.835702,23.390038],[120.83687,23.393398],[120.838885,23.394491],[120.840988,23.394928],[120.840959,23.396157],[120.839703,23.396075],[120.838447,23.396977],[120.838418,23.398233],[120.840083,23.399381],[120.841047,23.40102],[120.842566,23.402003],[120.843092,23.403287],[120.843939,23.403916],[120.844756,23.408232],[120.847707,23.410144],[120.847911,23.41121],[120.849109,23.411756],[120.849518,23.412876],[120.849284,23.41651],[120.849518,23.417739],[120.849167,23.419487],[120.850189,23.420607],[120.85311,23.421946],[120.853636,23.423039],[120.8546,23.423066],[120.856382,23.422001],[120.857287,23.422137],[120.858573,23.424896],[120.859332,23.424951],[120.85977,23.423913],[120.862311,23.424569],[120.864327,23.423886],[120.866255,23.426071],[120.868124,23.426645],[120.869322,23.426262],[120.870519,23.428366],[120.871746,23.429595],[120.873761,23.429841],[120.875543,23.431562],[120.875339,23.432764],[120.878931,23.432136],[120.881998,23.43331],[120.882816,23.435414],[120.883809,23.436261],[120.885241,23.434977],[120.88711,23.435195],[120.887461,23.436698],[120.888395,23.437408],[120.888775,23.439129],[120.890703,23.442408],[120.890586,23.443446],[120.891404,23.444238],[120.891754,23.446615],[120.892864,23.445194],[120.895172,23.445904],[120.896778,23.450904],[120.898823,23.45115],[120.900605,23.452406],[120.900371,23.453745],[120.902357,23.454127],[120.90449,23.452925],[120.905658,23.453171],[120.906447,23.454592],[120.907469,23.455029],[120.908345,23.456723],[120.909923,23.457788],[120.911091,23.457569],[120.912697,23.458498],[120.91518,23.458007],[120.915911,23.458826],[120.920146,23.458853],[120.921577,23.459045],[120.922483,23.458143],[120.923855,23.458362],[120.926397,23.457351],[120.926835,23.456012],[120.9285,23.455493],[120.928325,23.456777],[120.930194,23.457242],[120.931158,23.457078],[120.93256,23.45787],[120.93402,23.458088],[120.935101,23.458908],[120.934488,23.459892],[120.934488,23.461449],[120.936649,23.463798],[120.938898,23.463907],[120.940271,23.463115],[120.944419,23.463443],[120.95029,23.464809],[120.952013,23.46582],[120.956015,23.467322],[120.957125,23.468388],[120.957534,23.469508],[120.958878,23.469644],[120.96139,23.470764],[120.965216,23.47071],[120.966706,23.47172],[120.967816,23.471529],[120.969276,23.470573],[120.970649,23.469043],[120.971846,23.46918],[120.97652,23.468989],[120.979061,23.469371],[120.980522,23.469207],[120.982187,23.46847],[120.983559,23.467022],[120.986393,23.466284],[120.98981,23.465],[120.991008,23.464863],[120.993958,23.463771],[120.996616,23.463361],[120.999712,23.462159],[121.003831,23.462951],[121.007102,23.462897],[121.008446,23.462077],[121.010432,23.459591],[121.011717,23.457187],[121.014638,23.454646],[121.015836,23.451614],[121.015544,23.450549],[121.014346,23.44921],[121.012886,23.448746],[121.010637,23.446478],[121.010374,23.443364],[121.010578,23.441233],[121.012214,23.439403],[121.014142,23.4379],[121.015252,23.435414],[121.014463,23.435004],[121.013908,23.433775],[121.012886,23.433092],[121.014142,23.430934],[121.016595,23.430961],[121.017326,23.430469],[121.01899,23.430333],[121.021064,23.429377],[121.02235,23.427355],[121.02232,23.425525],[121.0227,23.424814],[121.02603,23.424131],[121.027432,23.423203],[121.029243,23.422793],[121.029389,23.420225],[121.028367,23.418531],[121.027753,23.416264],[121.026293,23.415062],[121.02492,23.414597],[121.027081,23.412767],[121.026877,23.411838],[121.027432,23.40968],[121.027286,23.408095],[121.026673,23.406046],[121.028104,23.404517],[121.028337,23.403752],[121.027081,23.402987],[121.025971,23.402932],[121.022642,23.400282],[121.021502,23.400036],[121.02124,23.400747],[121.019166,23.401457],[121.016712,23.398834],[121.015456,23.397086],[121.014638,23.396567],[121.011747,23.395911],[121.010461,23.395119],[121.008796,23.395529],[121.008037,23.396594],[121.00646,23.39654],[121.004999,23.395993],[121.003217,23.394791],[121.001114,23.391759],[121.003714,23.388918],[121.007015,23.387361],[121.007686,23.386678],[121.007716,23.384656],[121.00532,23.383399],[121.002925,23.383072],[121.000092,23.382361],[120.999333,23.381132],[120.997609,23.379985],[120.996762,23.378755],[120.99387,23.375941],[120.991183,23.371434],[120.990073,23.370915],[120.988116,23.370669],[120.986772,23.365779],[120.986539,23.363429],[120.987094,23.358731],[120.988992,23.358266],[120.991212,23.357201],[120.992235,23.357173],[120.994659,23.356381],[120.998836,23.356764],[121.000034,23.356518],[121.002867,23.355015],[121.003334,23.354524],[121.00757,23.352038],[121.008008,23.350426],[121.00754,23.349169],[121.008826,23.347093],[121.010111,23.345891],[121.011688,23.345836],[121.015193,23.346328],[121.017559,23.348076],[121.018289,23.350262],[121.020071,23.350398],[121.022262,23.348268],[121.022379,23.346082],[121.024745,23.339853],[121.026994,23.337641],[121.028221,23.337204],[121.029973,23.337286],[121.031492,23.336411],[121.032164,23.334526],[121.032777,23.333925],[121.036428,23.333488],[121.037889,23.332095],[121.039437,23.329145],[121.041803,23.327997],[121.043643,23.328079],[121.045629,23.327478],[121.048171,23.325866],[121.048988,23.324664],[121.048755,23.322916],[121.047178,23.319993],[121.047849,23.316879],[121.048112,23.314584],[121.047762,23.313027],[121.046944,23.312043],[121.046447,23.30912],[121.045746,23.308191],[121.044198,23.307481],[121.041715,23.307044],[121.040489,23.30606],[121.036224,23.303738],[121.034296,23.304203],[121.031901,23.303656],[121.032018,23.302591],[121.031375,23.300433],[121.029886,23.298356],[121.028308,23.297127],[121.025592,23.296007],[121.024657,23.29445],[121.023752,23.293712],[121.02013,23.294587],[121.01899,23.293439],[121.017209,23.292838],[121.010783,23.292783],[121.009848,23.29251],[121.008358,23.291254],[121.006898,23.291199],[121.005642,23.290598],[121.001377,23.287374],[120.999274,23.28691],[120.994016,23.284451],[120.991125,23.284233],[120.990365,23.283905],[120.987766,23.280845],[120.986071,23.280326],[120.984144,23.281064],[120.980872,23.281556],[120.978974,23.282266],[120.977221,23.281911],[120.973657,23.281801],[120.972606,23.282184],[120.970298,23.280627],[120.968663,23.277868],[120.966092,23.276584],[120.964719,23.274726],[120.963376,23.272103],[120.959666,23.270847],[120.959111,23.269809],[120.958147,23.265383],[120.957388,23.264154],[120.954847,23.262159],[120.953561,23.260793],[120.951079,23.259509],[120.949735,23.257734],[120.949005,23.255876],[120.94769,23.254865],[120.946697,23.253117],[120.945909,23.252762],[120.941264,23.251969],[120.939629,23.249183],[120.938343,23.247544],[120.937876,23.244949],[120.935276,23.24391],[120.93402,23.243801],[120.931742,23.242572],[120.929581,23.242818],[120.927215,23.244648],[120.926075,23.244375],[120.92368,23.241807],[120.921723,23.24167],[120.921314,23.241069],[120.919416,23.240987],[120.91778,23.239594],[120.917167,23.238337],[120.915472,23.237518],[120.914304,23.232519],[120.911763,23.228421],[120.911558,23.227191],[120.912113,23.225143],[120.911704,23.220854],[120.912026,23.217029],[120.911704,23.210227],[120.911383,23.208888],[120.910448,23.20815],[120.907644,23.207058],[120.906564,23.205364],[120.906505,23.203342],[120.907148,23.201129],[120.905746,23.199545],[120.906447,23.196731],[120.90817,23.194655],[120.909689,23.193535],[120.910887,23.192169],[120.912464,23.18676],[120.911529,23.185367],[120.911266,23.182799],[120.909864,23.180231],[120.909076,23.179794],[120.905921,23.180586],[120.901686,23.178592],[120.900196,23.177116],[120.898443,23.176242],[120.898619,23.174002],[120.898297,23.173128],[120.896399,23.172308],[120.895844,23.171434],[120.895464,23.168456],[120.895552,23.165588],[120.894851,23.162556],[120.895026,23.160725],[120.892017,23.159059],[120.890557,23.158567],[120.887373,23.158239],[120.886526,23.155808],[120.883342,23.153458],[120.879399,23.152666],[120.876682,23.151546],[120.876595,23.150945],[120.879545,23.148568],[120.881064,23.14652],[120.883634,23.145126],[120.88562,23.144635],[120.886555,23.14081],[120.88784,23.137067],[120.887899,23.136384],[120.886234,23.131877],[120.885854,23.129527],[120.886467,23.126167],[120.88784,23.123244],[120.887753,23.121769],[120.885036,23.12002],[120.885095,23.118545],[120.886292,23.116469],[120.886789,23.113601],[120.889388,23.110459],[120.889096,23.107126],[120.888162,23.10423],[120.889155,23.100488],[120.88784,23.09669],[120.886643,23.094915],[120.885562,23.09262],[120.885766,23.089642],[120.885153,23.088331],[120.883605,23.086555],[120.882583,23.083332],[120.881327,23.08213],[120.880538,23.080818],[120.879428,23.079944],[120.878084,23.078223],[120.876916,23.075737],[120.875952,23.070519],[120.875339,23.068552],[120.873148,23.065902],[120.870519,23.061422],[120.869322,23.05992],[120.869964,23.057789],[120.871571,23.054756],[120.873732,23.053445],[120.874608,23.052134],[120.874462,23.051123],[120.878669,23.048992],[120.879749,23.04779],[120.880158,23.045687],[120.881268,23.044184],[120.881356,23.041917],[120.88083,23.040004],[120.880129,23.03607],[120.879486,23.03465],[120.876361,23.034213],[120.872651,23.034486],[120.870081,23.033502],[120.866196,23.032328],[120.864327,23.032546],[120.863421,23.032273],[120.86161,23.030771],[120.860968,23.029405],[120.860676,23.02599],[120.861961,23.022056],[120.861902,23.018969],[120.861406,23.017903],[120.861552,23.016674],[120.86126,23.013205],[120.8605,23.010473],[120.860646,23.008041],[120.858251,23.005064],[120.856323,23.004818],[120.854454,23.005392],[120.853841,23.004927],[120.851007,23.005036],[120.85203,23.003343],[120.852088,22.9999],[120.850803,22.998234],[120.850131,22.996431],[120.848641,22.9943],[120.847677,22.993972],[120.847035,22.992852],[120.842186,22.991186],[120.841368,22.989929],[120.841923,22.987853],[120.841719,22.984985],[120.841164,22.984001],[120.83871,22.98269],[120.835848,22.981816],[120.834504,22.98075],[120.832897,22.98075],[120.832255,22.980067],[120.830707,22.975833],[120.829392,22.975177],[120.828925,22.973538],[120.830181,22.970314],[120.830152,22.969987],[120.827815,22.968347],[120.825712,22.967282],[120.824982,22.96649],[120.822178,22.964632],[120.822324,22.963703],[120.820863,22.962365],[120.820922,22.960944],[120.822849,22.956382],[120.823054,22.954934],[120.824193,22.953896],[120.824777,22.952448],[120.82358,22.950536],[120.822645,22.948241],[120.821769,22.945127],[120.822002,22.943187],[120.821535,22.938871],[120.822148,22.936685],[120.821944,22.934991],[120.823521,22.933188],[120.825391,22.929746],[120.826617,22.928572],[120.827815,22.925621],[120.829159,22.920786],[120.831057,22.920157],[120.831554,22.919584],[120.832605,22.913819],[120.833277,22.91229],[120.832284,22.911006],[120.830765,22.910487],[120.829977,22.90953],[120.828545,22.905214],[120.828662,22.903985],[120.830648,22.901745],[120.832138,22.901007],[120.83354,22.899805],[120.83319,22.898248],[120.834241,22.896172],[120.835205,22.892757],[120.836899,22.891473],[120.838243,22.889888],[120.838739,22.887676],[120.838856,22.884643],[120.839878,22.882622],[120.841982,22.881228],[120.847911,22.879617],[120.852088,22.878087],[120.855155,22.878715],[120.859741,22.87836],[120.861201,22.876147],[120.862516,22.875136],[120.864999,22.872213],[120.865554,22.869673],[120.86421,22.866668],[120.862194,22.865711],[120.859157,22.863471],[120.861639,22.861395],[120.869438,22.857953],[120.869292,22.856587],[120.867218,22.854675],[120.866634,22.853363],[120.868182,22.851314],[120.86827,22.850495],[120.865583,22.847107],[120.864882,22.845304],[120.86456,22.843064],[120.863567,22.844075],[120.862516,22.846807],[120.859741,22.848774],[120.859361,22.849457],[120.859945,22.851451],[120.856995,22.853008],[120.856207,22.855139],[120.854512,22.856123],[120.853198,22.857625],[120.851445,22.855604],[120.848963,22.853309],[120.848349,22.851943],[120.847152,22.85197],[120.843851,22.853445],[120.842975,22.85421],[120.841193,22.85727],[120.841602,22.858909],[120.84093,22.860384],[120.83725,22.864236],[120.834854,22.864837],[120.833014,22.866258],[120.828312,22.865793],[120.826121,22.866394],[120.824339,22.866367],[120.822966,22.865711],[120.820133,22.863061],[120.819081,22.862351],[120.815898,22.862133],[120.814174,22.860439],[120.813707,22.859018],[120.813795,22.857652],[120.811837,22.857051],[120.807076,22.854866],[120.805061,22.853363],[120.802637,22.85238],[120.801088,22.851014],[120.799832,22.851014],[120.797963,22.851697],[120.793348,22.852025],[120.791683,22.848391],[120.792092,22.845222],[120.792997,22.842299],[120.792676,22.841125],[120.790223,22.840141],[120.785841,22.839895],[120.782073,22.836453],[120.77997,22.83536],[120.778714,22.835196],[120.777341,22.835716],[120.774829,22.837273],[120.774187,22.837956],[120.772901,22.841097],[120.771529,22.84189],[120.769893,22.844539],[120.76852,22.845195],[120.76592,22.848719],[120.763993,22.849293],[120.763759,22.851724],[120.762999,22.854593],[120.762182,22.856806],[120.758764,22.860931],[120.756544,22.862242],[120.755317,22.864427],[120.753944,22.865165],[120.752309,22.864701],[120.749242,22.865684],[120.746584,22.867788],[120.74635,22.869154],[120.744189,22.871175],[120.74267,22.873552],[120.741092,22.874098],[120.73747,22.874289],[120.733264,22.875328],[120.730927,22.876256],[120.727013,22.879016],[120.725027,22.880819],[120.722077,22.88131],[120.720529,22.881993],[120.717111,22.880983],[120.713519,22.880846],[120.70978,22.881092],[120.708261,22.881638],[120.704551,22.880655],[120.702536,22.879234],[120.701368,22.876502],[120.698856,22.874317],[120.697892,22.87306],[120.691991,22.868471],[120.691962,22.867651],[120.69056,22.864865],[120.686208,22.864646],[120.684046,22.863499],[120.679168,22.862952],[120.678876,22.862706],[120.678117,22.859483],[120.676744,22.857243],[120.674787,22.856696],[120.672129,22.856368],[120.66988,22.85686],[120.668565,22.858718],[120.664301,22.8588],[120.660913,22.859674],[120.659481,22.861941],[120.659335,22.864154],[120.658634,22.866067],[120.659657,22.869973],[120.658401,22.874344],[120.658313,22.878469],[120.658079,22.879699],[120.656502,22.881338],[120.654866,22.881474],[120.652325,22.879453],[120.65104,22.87724],[120.649112,22.876967],[120.647944,22.877868],[120.647681,22.879562],[120.647564,22.880655],[120.646483,22.883796],[120.645023,22.885162],[120.640437,22.883113],[120.637049,22.882321],[120.63439,22.880737],[120.630389,22.879917],[120.626007,22.878278],[120.622502,22.876256],[120.620633,22.875601],[120.616748,22.87683],[120.615112,22.876748],[120.612951,22.876092],[120.605824,22.873197],[120.602348,22.870683],[120.598083,22.866886],[120.595191,22.863608],[120.58564,22.856505],[120.574803,22.848227],[120.570685,22.844376],[120.569575,22.843146],[120.566683,22.838338],[120.563587,22.835251],[120.561513,22.833831],[120.557599,22.832109],[120.554181,22.828804],[120.552283,22.828285],[120.548018,22.828421],[120.544075,22.829787],[120.542206,22.82935],[120.541417,22.829569],[120.536451,22.829268],[120.535049,22.829705],[120.533998,22.830552],[120.531018,22.830826],[120.529792,22.8317],[120.53058,22.832984],[120.527513,22.832191],[120.52433,22.831973],[120.523482,22.832874],[120.520094,22.832355],[120.519948,22.831427],[120.515654,22.831563],[120.513551,22.830826],[120.509988,22.828503],[120.508936,22.829569],[120.505548,22.831099],[120.505256,22.831454],[120.503416,22.831727],[120.499969,22.831263],[120.49772,22.831727],[120.496405,22.832547],[120.493952,22.836754],[120.492667,22.8373],[120.49144,22.836945],[120.492754,22.835688],[120.490826,22.835251],[120.488285,22.835798],[120.485393,22.835524],[120.482268,22.835961],[120.481684,22.837327],[120.480369,22.837737],[120.479055,22.836754],[120.477302,22.838038],[120.476251,22.838174],[120.474177,22.83689],[120.472162,22.833967],[120.469971,22.831508],[120.468773,22.830662],[120.469211,22.825034],[120.467546,22.822357],[120.467313,22.818368],[120.467371,22.815472],[120.465502,22.812768],[120.465064,22.807495],[120.464363,22.804163],[120.464041,22.800283],[120.46261,22.796623],[120.461412,22.794519],[120.459952,22.790531],[120.457469,22.785477],[120.45598,22.780177],[120.455746,22.775096],[120.455366,22.773675],[120.454315,22.771763],[120.453818,22.769577],[120.453818,22.767528],[120.454431,22.764195],[120.453789,22.761491],[120.454023,22.757885],[120.45373,22.756573],[120.454198,22.753568],[120.454285,22.74876],[120.454607,22.747668],[120.454928,22.739636],[120.455687,22.734118],[120.45598,22.730566],[120.456009,22.722972],[120.455746,22.718491],[120.45487,22.714038],[120.453,22.70658],[120.452796,22.704176],[120.451277,22.700079],[120.451102,22.697975],[120.448852,22.6912],[120.448064,22.689424],[120.447538,22.688304],[120.444763,22.686419],[120.442631,22.684562],[120.439651,22.678551],[120.440177,22.67459],[120.440002,22.673033],[120.43787,22.66705],[120.436614,22.665001],[120.436059,22.661341],[120.435883,22.655986],[120.436059,22.65167],[120.436205,22.648146],[120.435329,22.640251],[120.435358,22.633776],[120.435854,22.6317],[120.43527,22.628832]]]}},{"type":"Feature","properties":{"COUNTYNAME":"宜蘭縣","COUNTYID":"G","COUNTYCODE":"10002","COUNTYENG":"Yilan County"},"geometry":{"type":"MultiPolygon","coordinates":[[[[121.845149,24.644673],[121.852101,24.628009],[121.853298,24.626315],[121.853736,24.625031],[121.855401,24.621917],[121.85841,24.617819],[121.858731,24.616699],[121.860922,24.614568],[121.862411,24.613612],[121.866121,24.609924],[121.868458,24.608913],[121.870064,24.608667],[121.870999,24.609186],[121.873394,24.608722],[121.8743,24.607738],[121.875118,24.605717],[121.878068,24.605143],[121.8802,24.605744],[121.880843,24.60558],[121.881806,24.603722],[121.88499,24.603367],[121.883734,24.602247],[121.883647,24.601373],[121.88464,24.600663],[121.885867,24.600526],[121.885662,24.599461],[121.88499,24.599625],[121.882157,24.599187],[121.882303,24.598723],[121.879207,24.599133],[121.873453,24.59662],[121.879207,24.591047],[121.874621,24.585337],[121.872635,24.585255],[121.872197,24.58419],[121.872664,24.58367],[121.873686,24.584545],[121.874796,24.582796],[121.875264,24.581376],[121.876929,24.580939],[121.877279,24.579764],[121.878301,24.58001],[121.879762,24.579655],[121.878593,24.578699],[121.876987,24.578097],[121.87649,24.579026],[121.875702,24.579026],[121.875556,24.577524],[121.873365,24.577251],[121.872051,24.578207],[121.869831,24.576103],[121.869217,24.572743],[121.869217,24.571295],[121.870269,24.569137],[121.871203,24.563291],[121.870795,24.561433],[121.870765,24.558073],[121.871203,24.552363],[121.872051,24.551161],[121.872868,24.547173],[121.874095,24.54537],[121.872313,24.541627],[121.872372,24.539114],[121.872898,24.53813],[121.873686,24.534634],[121.872459,24.532831],[121.872547,24.531082],[121.870123,24.529989],[121.869539,24.529361],[121.869714,24.528104],[121.867786,24.527585],[121.866851,24.527968],[121.865654,24.527367],[121.860922,24.527176],[121.859111,24.525728],[121.857271,24.524853],[121.856248,24.523925],[121.851107,24.522832],[121.849647,24.522094],[121.844944,24.521712],[121.843192,24.521193],[121.841906,24.520264],[121.83992,24.516521],[121.838898,24.512314],[121.838314,24.50849],[121.838226,24.50655],[121.838577,24.500786],[121.840212,24.498054],[121.841644,24.49748],[121.845003,24.497262],[121.846434,24.496579],[121.847456,24.497398],[121.84804,24.495814],[121.850494,24.494666],[121.850786,24.49341],[121.849764,24.492645],[121.85029,24.490569],[121.850377,24.48811],[121.850903,24.48729],[121.850494,24.486198],[121.850698,24.484914],[121.852509,24.483657],[121.856686,24.483384],[121.858556,24.483848],[121.860221,24.483657],[121.861448,24.482646],[121.862411,24.481198],[121.861418,24.479668],[121.859666,24.478576],[121.858643,24.478767],[121.85546,24.48057],[121.851575,24.479532],[121.848595,24.479013],[121.846113,24.476937],[121.843893,24.476882],[121.841235,24.475598],[121.839862,24.474041],[121.838489,24.47303],[121.838284,24.472265],[121.83697,24.471855],[121.836181,24.470763],[121.834224,24.469643],[121.832647,24.46743],[121.827623,24.465818],[121.826864,24.465217],[121.824644,24.464616],[121.823534,24.463359],[121.821314,24.46243],[121.820379,24.46142],[121.820058,24.458524],[121.82146,24.456885],[121.82184,24.455874],[121.820963,24.453934],[121.820175,24.453798],[121.818042,24.45153],[121.817137,24.450219],[121.817137,24.448334],[121.816231,24.446613],[121.815618,24.447897],[121.814771,24.446531],[121.812347,24.443553],[121.812171,24.442706],[121.810828,24.44145],[121.807848,24.439756],[121.803379,24.436177],[121.801831,24.434347],[121.800488,24.431369],[121.798677,24.427982],[121.796486,24.422463],[121.793945,24.416317],[121.791783,24.410416],[121.791141,24.408258],[121.790323,24.402794],[121.789008,24.397494],[121.788482,24.39244],[121.788512,24.388042],[121.787986,24.384709],[121.787869,24.381513],[121.787402,24.375557],[121.787022,24.372525],[121.785036,24.369356],[121.783721,24.366515],[121.782261,24.361625],[121.779311,24.357281],[121.778142,24.354385],[121.777996,24.352336],[121.777295,24.351189],[121.773586,24.343731],[121.772797,24.340262],[121.771629,24.337584],[121.770898,24.332585],[121.771395,24.328952],[121.772885,24.324854],[121.773936,24.319609],[121.774053,24.315292],[121.772739,24.313626],[121.770139,24.313134],[121.767773,24.313407],[121.765758,24.313353],[121.761668,24.314036],[121.759127,24.314227],[121.757316,24.315402],[121.755213,24.316276],[121.753665,24.317587],[121.751328,24.318789],[121.748057,24.321057],[121.744727,24.32286],[121.740024,24.32357],[121.735175,24.323078],[121.727785,24.325974],[121.723462,24.325482],[121.714349,24.326712],[121.706463,24.329088],[121.702665,24.330891],[121.699628,24.33264],[121.697291,24.334251],[121.694983,24.334852],[121.69361,24.334852],[121.689492,24.333596],[121.688148,24.333814],[121.687272,24.33488],[121.687272,24.336683],[121.686805,24.339141],[121.685724,24.340671],[121.684001,24.340781],[121.678334,24.338076],[121.675939,24.337475],[121.674391,24.338213],[121.673544,24.339824],[121.674069,24.342283],[121.673982,24.343403],[121.672872,24.343786],[121.670068,24.342829],[121.669279,24.342966],[121.66776,24.344796],[121.667614,24.345862],[121.666475,24.347528],[121.664839,24.348157],[121.663875,24.349167],[121.663233,24.352773],[121.661305,24.35291],[121.661392,24.352009],[121.660224,24.351189],[121.658647,24.351298],[121.657449,24.352937],[121.65593,24.353211],[121.653944,24.352172],[121.653389,24.353183],[121.653827,24.355369],[121.653272,24.356653],[121.651929,24.357773],[121.650673,24.359849],[121.649446,24.359658],[121.64819,24.358374],[121.647985,24.356707],[121.650001,24.354877],[121.650702,24.350943],[121.650497,24.349796],[121.648891,24.349413],[121.646613,24.351927],[121.645123,24.352364],[121.643838,24.353511],[121.64226,24.356079],[121.640625,24.357008],[121.64004,24.358265],[121.640303,24.359576],[121.638668,24.360914],[121.638317,24.362308],[121.637266,24.363155],[121.635016,24.363728],[121.635075,24.366078],[121.634753,24.366542],[121.6323,24.365941],[121.630898,24.366132],[121.630606,24.367635],[121.631657,24.369219],[121.630956,24.370558],[121.627948,24.369383],[121.626692,24.369356],[121.625027,24.368591],[121.623303,24.367198],[121.621697,24.366651],[121.621551,24.365504],[121.620645,24.364275],[121.620733,24.362554],[121.623391,24.362472],[121.623391,24.361597],[121.621492,24.359904],[121.621171,24.358128],[121.622281,24.35668],[121.624004,24.355669],[121.626254,24.354795],[121.626896,24.354112],[121.627217,24.350998],[121.626779,24.349796],[121.629321,24.349468],[121.630051,24.348457],[121.630927,24.348348],[121.632212,24.349222],[121.633235,24.349167],[121.635104,24.348375],[121.635922,24.346108],[121.635279,24.344824],[121.634023,24.344387],[121.631482,24.344277],[121.631716,24.341955],[121.632329,24.341655],[121.632972,24.339906],[121.63268,24.338349],[121.632972,24.334962],[121.632008,24.334279],[121.62935,24.333459],[121.626692,24.335645],[121.626662,24.336273],[121.628035,24.338595],[121.627451,24.341108],[121.625144,24.339852],[121.622894,24.339442],[121.621492,24.342037],[121.620295,24.345343],[121.618805,24.345397],[121.618017,24.34466],[121.616556,24.340671],[121.616118,24.338076],[121.616468,24.336929],[121.618279,24.3363],[121.618396,24.334361],[121.617345,24.333568],[121.615709,24.333213],[121.614599,24.33376],[121.613168,24.335563],[121.611298,24.336027],[121.609341,24.335344],[121.60756,24.335235],[121.606537,24.332722],[121.606479,24.330072],[121.605427,24.329334],[121.603938,24.329006],[121.603061,24.329307],[121.600462,24.331137],[121.599469,24.333377],[121.598505,24.333678],[121.596752,24.333268],[121.595701,24.331465],[121.595905,24.329361],[121.596577,24.328132],[121.598621,24.326548],[121.598884,24.325264],[121.601017,24.323706],[121.601367,24.322996],[121.601075,24.320592],[121.602185,24.319636],[121.604639,24.31827],[121.605427,24.316631],[121.605135,24.315429],[121.606625,24.313708],[121.607005,24.312642],[121.606479,24.310402],[121.60569,24.309528],[121.605106,24.310648],[121.60312,24.313161],[121.601163,24.314691],[121.59719,24.316303],[121.593744,24.31644],[121.592575,24.315593],[121.589216,24.314008],[121.587493,24.316085],[121.58425,24.316713],[121.582352,24.317806],[121.578555,24.318133],[121.577591,24.318953],[121.575838,24.319663],[121.573647,24.31939],[121.571836,24.318188],[121.569617,24.317942],[121.567397,24.319199],[121.566345,24.319172],[121.563337,24.322231],[121.560065,24.322641],[121.55878,24.324116],[121.557728,24.326001],[121.557232,24.328706],[121.556093,24.331164],[121.553697,24.332175],[121.550747,24.334197],[121.548615,24.336246],[121.544701,24.33783],[121.542481,24.337093],[121.540524,24.335918],[121.53845,24.336136],[121.535442,24.337393],[121.533251,24.337065],[121.530856,24.338595],[121.52776,24.339141],[121.525627,24.342037],[121.524546,24.342638],[121.522151,24.343021],[121.520428,24.342611],[121.518471,24.341163],[121.517361,24.340999],[121.515521,24.341819],[121.513681,24.340808],[121.510088,24.341108],[121.508657,24.341983],[121.508102,24.34313],[121.504363,24.342939],[121.501354,24.341136],[121.499631,24.339442],[121.498112,24.339223],[121.494052,24.340917],[121.492241,24.342092],[121.490751,24.344086],[121.487451,24.346053],[121.485494,24.348375],[121.482514,24.348676],[121.480937,24.349277],[121.480791,24.350014],[121.478863,24.351899],[121.475241,24.351271],[121.473196,24.352582],[121.470655,24.353374],[121.469049,24.354249],[121.464989,24.35556],[121.463411,24.357035],[121.461279,24.357882],[121.458825,24.36004],[121.454269,24.363646],[121.45202,24.364684],[121.450647,24.367963],[121.449303,24.370257],[121.448252,24.372579],[121.447959,24.37482],[121.446061,24.374082],[121.444396,24.374109],[121.442877,24.373153],[121.441679,24.375421],[121.440774,24.377825],[121.438437,24.38195],[121.438291,24.382605],[121.436948,24.382933],[121.433968,24.383234],[121.429353,24.38307],[121.425731,24.381485],[121.423336,24.381403],[121.421525,24.38072],[121.419626,24.379218],[121.418604,24.379081],[121.41653,24.379792],[121.414252,24.379409],[121.412762,24.379764],[121.410776,24.378781],[121.408527,24.378098],[121.407913,24.377551],[121.406482,24.377961],[121.404145,24.377825],[121.401896,24.3796],[121.400582,24.3796],[121.398099,24.37777],[121.395821,24.378016],[121.394594,24.377142],[121.393221,24.375311],[121.390388,24.375339],[121.38919,24.374137],[121.387905,24.370012],[121.383436,24.367744],[121.381128,24.366843],[121.37736,24.368372],[121.373563,24.368154],[121.371431,24.370476],[121.369299,24.37247],[121.369328,24.374273],[121.367458,24.377907],[121.367137,24.379218],[121.368218,24.381239],[121.369561,24.381868],[121.369708,24.382742],[121.368773,24.3849],[121.367196,24.386048],[121.364888,24.389053],[121.362084,24.38949],[121.361324,24.390145],[121.359397,24.390446],[121.355337,24.39315],[121.353672,24.393096],[121.352562,24.392304],[121.350225,24.39285],[121.344149,24.393041],[121.342397,24.392659],[121.339943,24.390992],[121.339476,24.389763],[121.338483,24.390036],[121.336964,24.392413],[121.336029,24.392795],[121.333605,24.395008],[121.332699,24.396347],[121.33232,24.397931],[121.330801,24.398505],[121.327997,24.398286],[121.326507,24.399871],[121.325981,24.401045],[121.325981,24.403641],[121.325455,24.404515],[121.324988,24.406919],[121.326361,24.409214],[121.327442,24.413011],[121.327208,24.415552],[121.327617,24.41659],[121.327763,24.418475],[121.327412,24.421562],[121.328172,24.423638],[121.328201,24.425386],[121.328698,24.427271],[121.327646,24.43044],[121.328347,24.43156],[121.328055,24.43391],[121.325601,24.435931],[121.322768,24.439401],[121.320607,24.441067],[121.317656,24.441504],[121.318737,24.444072],[121.319555,24.445028],[121.320198,24.448006],[121.32195,24.451558],[121.32379,24.456721],[121.326098,24.460026],[121.328435,24.462021],[121.329574,24.462649],[121.329837,24.464261],[121.331034,24.465272],[121.332495,24.465545],[121.335971,24.467348],[121.335941,24.470298],[121.335562,24.471691],[121.335941,24.472374],[121.338307,24.47415],[121.340089,24.474833],[121.341608,24.478029],[121.341696,24.479587],[121.342397,24.481717],[121.344237,24.482728],[121.345668,24.48434],[121.347129,24.484832],[121.35002,24.484285],[121.352766,24.485515],[121.356446,24.486116],[121.357732,24.486607],[121.359017,24.488219],[121.361704,24.490541],[121.362697,24.492126],[121.362785,24.493382],[121.363836,24.49494],[121.365034,24.495841],[121.367312,24.496469],[121.370642,24.497863],[121.371723,24.499256],[121.372512,24.502206],[121.372804,24.506823],[121.373359,24.509883],[121.376046,24.510047],[121.379288,24.509528],[121.380369,24.50991],[121.382005,24.509746],[121.383699,24.510347],[121.385276,24.51338],[121.385539,24.514582],[121.385101,24.516822],[121.387817,24.517232],[121.388548,24.517805],[121.38957,24.519936],[121.390505,24.522914],[121.391848,24.524116],[121.394127,24.524662],[121.397807,24.524908],[121.399589,24.52652],[121.401633,24.529252],[121.401517,24.530208],[121.399151,24.532148],[121.398333,24.534115],[121.398274,24.53671],[121.397194,24.538349],[121.396755,24.539824],[121.396989,24.541682],[121.398216,24.545151],[121.398742,24.548211],[121.398304,24.54944],[121.395558,24.5528],[121.394682,24.555587],[121.396493,24.557663],[121.397632,24.559657],[121.399297,24.561133],[121.401137,24.56187],[121.401487,24.562662],[121.401195,24.563974],[121.401692,24.565531],[121.403386,24.567634],[121.403941,24.568973],[121.405664,24.569793],[121.407329,24.569875],[121.409053,24.571623],[121.412149,24.573098],[121.412149,24.574546],[121.410455,24.578917],[121.409199,24.581212],[121.404525,24.587741],[121.403035,24.591074],[121.403035,24.591702],[121.403736,24.593013],[121.406803,24.596456],[121.406716,24.597111],[121.408176,24.598067],[121.408468,24.598996],[121.411827,24.600499],[121.412558,24.601482],[121.412558,24.603449],[121.413259,24.603449],[121.415274,24.601947],[121.416326,24.60222],[121.417874,24.601045],[121.420094,24.601346],[121.424563,24.603121],[121.426052,24.604952],[121.427805,24.606099],[121.430609,24.614513],[121.432245,24.615278],[121.432887,24.616289],[121.432858,24.617491],[121.433618,24.618912],[121.434523,24.619212],[121.435692,24.621561],[121.434815,24.624457],[121.43575,24.62667],[121.437736,24.630221],[121.439255,24.632598],[121.44054,24.635111],[121.443724,24.636341],[121.445009,24.637297],[121.445594,24.639892],[121.444834,24.641067],[121.44498,24.642952],[121.445973,24.644263],[121.448368,24.645656],[121.449157,24.646613],[121.449975,24.648743],[121.451377,24.651038],[121.45126,24.651667],[121.449332,24.652732],[121.44793,24.655109],[121.447521,24.657103],[121.447726,24.65836],[121.449595,24.662239],[121.453889,24.664424],[121.455028,24.667867],[121.457336,24.670926],[121.459497,24.673139],[121.461104,24.672702],[121.467033,24.672401],[121.469691,24.671937],[121.472379,24.673139],[121.473722,24.673084],[121.476439,24.673767],[121.480002,24.673849],[121.481784,24.674341],[121.482982,24.673849],[121.484997,24.673877],[121.486866,24.675161],[121.488473,24.675133],[121.489262,24.674232],[121.492708,24.673194],[121.493906,24.673549],[121.496827,24.675516],[121.497119,24.676335],[121.499164,24.678029],[121.502932,24.679395],[121.504392,24.679368],[121.505531,24.679887],[121.507459,24.682455],[121.510117,24.68322],[121.512191,24.684476],[121.513681,24.684312],[121.51482,24.683247],[121.523787,24.683302],[121.524926,24.684504],[121.526971,24.685405],[121.527117,24.688519],[121.528227,24.688875],[121.529132,24.687618],[121.531878,24.6877],[121.533309,24.68841],[121.53623,24.688246],[121.536844,24.688492],[121.537574,24.690104],[121.537749,24.692289],[121.537486,24.693792],[121.53883,24.694584],[121.538479,24.696414],[121.538567,24.69819],[121.537837,24.699747],[121.538479,24.700567],[121.540816,24.702315],[121.542948,24.704665],[121.543416,24.705757],[121.547534,24.706276],[121.550309,24.705675],[121.551215,24.705976],[121.554428,24.708353],[121.556385,24.711221],[121.558225,24.710921],[121.561818,24.712614],[121.563249,24.712806],[121.565469,24.711713],[121.567484,24.711522],[121.569471,24.712669],[121.570464,24.71398],[121.572362,24.710402],[121.574816,24.710101],[121.575634,24.711057],[121.577269,24.714855],[121.577269,24.71745],[121.577678,24.71887],[121.577824,24.721766],[121.578555,24.722449],[121.579635,24.722313],[121.583462,24.720564],[121.58574,24.720072],[121.587025,24.720127],[121.589128,24.721739],[121.590443,24.72346],[121.592634,24.724607],[121.593919,24.725837],[121.597541,24.727694],[121.597833,24.729279],[121.594065,24.729251],[121.593714,24.730453],[121.595,24.732502],[121.594211,24.734688],[121.59535,24.739113],[121.594795,24.740971],[121.591933,24.743321],[121.59167,24.744905],[121.59278,24.74597],[121.594357,24.746271],[121.596139,24.748238],[121.595175,24.748812],[121.594591,24.750178],[121.592254,24.750287],[121.590823,24.750888],[121.589946,24.751899],[121.589713,24.753592],[121.588953,24.75515],[121.589391,24.757198],[121.590823,24.758783],[121.590501,24.76075],[121.593422,24.76482],[121.595817,24.766487],[121.596256,24.767306],[121.595554,24.768973],[121.597336,24.771623],[121.59757,24.772551],[121.595701,24.775994],[121.594445,24.778807],[121.594328,24.781048],[121.593189,24.782605],[121.593422,24.784654],[121.592926,24.786238],[121.591962,24.787495],[121.594678,24.787358],[121.598884,24.787686],[121.602915,24.789434],[121.605632,24.789134],[121.607151,24.790418],[121.609633,24.793751],[121.613343,24.793204],[121.615826,24.793915],[121.617169,24.793833],[121.620441,24.792549],[121.621697,24.79274],[121.623537,24.794379],[121.62529,24.794953],[121.62602,24.79651],[121.625144,24.799433],[121.624822,24.801618],[121.626108,24.803367],[121.626429,24.805798],[121.625699,24.808585],[121.625991,24.808803],[121.628035,24.807984],[121.630051,24.80894],[121.632212,24.809213],[121.634374,24.809131],[121.637207,24.809432],[121.638784,24.810743],[121.640303,24.810306],[121.641997,24.810442],[121.644363,24.809186],[121.645736,24.809705],[121.646408,24.81077],[121.647489,24.813857],[121.648657,24.812655],[121.65041,24.812956],[121.651812,24.811699],[121.653097,24.811262],[121.660721,24.810852],[121.660954,24.811836],[121.662999,24.812628],[121.664781,24.814404],[121.665774,24.814786],[121.667293,24.816207],[121.668782,24.816944],[121.669016,24.81801],[121.671002,24.816862],[121.672638,24.815141],[121.674157,24.81413],[121.675325,24.814704],[121.676727,24.814103],[121.678889,24.815332],[121.680758,24.817518],[121.683066,24.816917],[121.68625,24.817491],[121.687214,24.816261],[121.68844,24.816207],[121.689346,24.817327],[121.688937,24.819348],[121.690105,24.821397],[121.689696,24.822708],[121.687681,24.824348],[121.687681,24.825003],[121.688908,24.826205],[121.69104,24.827216],[121.691829,24.827161],[121.694516,24.829183],[121.695947,24.829675],[121.696385,24.83044],[121.696093,24.831969],[121.696707,24.833745],[121.696385,24.834565],[121.698138,24.83421],[121.699073,24.835521],[121.699861,24.834865],[121.701731,24.834374],[121.703279,24.835193],[121.707514,24.838854],[121.70839,24.839127],[121.708975,24.840602],[121.711282,24.841449],[121.714261,24.841777],[121.715225,24.842897],[121.715576,24.844345],[121.718643,24.845656],[121.719724,24.845601],[121.719519,24.846558],[121.721914,24.849836],[121.724835,24.850628],[121.726237,24.851694],[121.727143,24.853141],[121.730502,24.8553],[121.732605,24.855846],[121.736198,24.855737],[121.738242,24.855327],[121.740404,24.853469],[121.741981,24.852458],[121.7435,24.852841],[121.745778,24.852868],[121.747356,24.853715],[121.747823,24.854917],[121.748787,24.855081],[121.750627,24.85448],[121.751182,24.85489],[121.753665,24.855163],[121.753548,24.85601],[121.757404,24.85672],[121.760967,24.856693],[121.760996,24.857704],[121.76196,24.858277],[121.761522,24.859889],[121.762661,24.8612],[121.763538,24.859916],[121.764297,24.859862],[121.765407,24.861009],[121.766108,24.862539],[121.767861,24.863796],[121.767393,24.864861],[121.769146,24.865927],[121.771161,24.864861],[121.775455,24.865134],[121.775163,24.86661],[121.777295,24.869724],[121.777383,24.870817],[121.779135,24.871418],[121.781998,24.873139],[121.783196,24.874231],[121.784539,24.873658],[121.785182,24.874149],[121.784218,24.877646],[121.782232,24.879176],[121.782378,24.880433],[121.781881,24.882427],[121.782232,24.883165],[121.78191,24.884585],[121.782202,24.887372],[121.781647,24.889393],[121.782962,24.890404],[121.784189,24.890267],[121.785795,24.890841],[121.785649,24.892316],[121.786876,24.892945],[121.788161,24.892781],[121.790001,24.893464],[121.790556,24.894584],[121.79301,24.89625],[121.793068,24.896988],[121.792075,24.897562],[121.791754,24.899528],[121.793419,24.899747],[121.795317,24.899829],[121.797041,24.901577],[121.799027,24.900894],[121.800049,24.901222],[121.802182,24.901004],[121.803116,24.901741],[121.804518,24.901168],[121.806096,24.902533],[121.808549,24.902943],[121.810477,24.903681],[121.810448,24.905211],[121.811675,24.906522],[121.813427,24.905457],[121.815384,24.904692],[121.816377,24.903681],[121.818276,24.902725],[121.819853,24.902916],[121.822395,24.904555],[121.825958,24.905238],[121.82701,24.904555],[121.827944,24.905347],[121.8318,24.90491],[121.833407,24.906713],[121.8344,24.906823],[121.83659,24.908544],[121.838022,24.910073],[121.83954,24.912641],[121.843338,24.915401],[121.844827,24.917176],[121.845587,24.919389],[121.850231,24.922476],[121.850815,24.923432],[121.852101,24.923733],[121.85397,24.925918],[121.853824,24.927913],[121.84915,24.930344],[121.849384,24.931109],[121.847807,24.934005],[121.847894,24.935289],[121.846609,24.937856],[121.845791,24.938348],[121.842432,24.939359],[121.841498,24.940998],[121.839833,24.9422],[121.839044,24.944632],[121.839219,24.946353],[121.84068,24.947882],[121.84176,24.951352],[121.841264,24.952581],[121.841381,24.954166],[121.843016,24.955176],[121.843484,24.956898],[121.845061,24.957662],[121.845528,24.95922],[121.847164,24.960367],[121.848771,24.960012],[121.850377,24.961187],[121.852539,24.959602],[121.85397,24.959957],[121.854291,24.961542],[121.858789,24.963399],[121.861243,24.963645],[121.863638,24.962143],[121.865128,24.962252],[121.869159,24.961487],[121.871525,24.960722],[121.872313,24.961323],[121.87465,24.961733],[121.876227,24.961569],[121.87798,24.962744],[121.879178,24.962716],[121.882303,24.964137],[121.884727,24.964383],[121.887561,24.963727],[121.888495,24.963181],[121.88943,24.964683],[121.891825,24.96512],[121.89609,24.96706],[121.8972,24.967087],[121.89942,24.969355],[121.89942,24.970284],[121.900325,24.971814],[121.902808,24.974381],[121.904035,24.974682],[121.905437,24.973425],[121.90681,24.975611],[121.908241,24.975884],[121.910052,24.974764],[121.91049,24.974928],[121.910841,24.976758],[121.912476,24.978288],[121.914024,24.978643],[121.914813,24.979326],[121.916244,24.979463],[121.917325,24.978807],[121.919048,24.978643],[121.920859,24.979709],[121.922291,24.978616],[121.924306,24.979381],[121.926468,24.979736],[121.926789,24.980173],[121.928541,24.979681],[121.929038,24.980419],[121.930615,24.981047],[121.933507,24.980911],[121.934442,24.983151],[121.935756,24.983424],[121.937538,24.983069],[121.938648,24.984845],[121.940576,24.984517],[121.941014,24.985582],[121.943,24.986374],[121.943906,24.987959],[121.945804,24.987795],[121.94633,24.986975],[121.947907,24.986675],[121.950361,24.988341],[121.953194,24.988013],[121.955473,24.988314],[121.958131,24.987303],[121.959766,24.988369],[121.962804,24.987768],[121.96406,24.985555],[121.966017,24.983096],[121.964294,24.982195],[121.96222,24.981758],[121.960029,24.982604],[121.958306,24.982632],[121.954509,24.980009],[121.951558,24.979627],[121.951471,24.979244],[121.948667,24.978862],[121.944256,24.976813],[121.943672,24.97501],[121.942241,24.975064],[121.941627,24.973726],[121.940985,24.97389],[121.93856,24.973234],[121.938268,24.973589],[121.93637,24.973289],[121.936224,24.973862],[121.931521,24.971786],[121.928103,24.969437],[121.925591,24.968563],[121.924219,24.965776],[121.922378,24.963208],[121.921823,24.960859],[121.919983,24.958455],[121.920538,24.95575],[121.919194,24.954849],[121.919048,24.954056],[121.916274,24.951871],[121.914696,24.951953],[121.912652,24.950642],[121.911366,24.950724],[121.908387,24.948675],[121.907949,24.947664],[121.905349,24.946598],[121.904561,24.945314],[121.904122,24.943648],[121.904677,24.939823],[121.903363,24.940616],[121.901085,24.93996],[121.899098,24.940015],[121.898251,24.940834],[121.894921,24.94067],[121.893724,24.940124],[121.893257,24.939222],[121.889401,24.937201],[121.887882,24.935097],[121.887444,24.931491],[121.88686,24.929142],[121.887561,24.927721],[121.886918,24.925044],[121.885428,24.923241],[121.88537,24.918897],[121.884903,24.917805],[121.883296,24.916411],[121.882361,24.914854],[121.879265,24.913078],[121.878126,24.91174],[121.877892,24.910592],[121.876432,24.909937],[121.874738,24.908106],[121.874767,24.907287],[121.872489,24.906167],[121.871992,24.905047],[121.8691,24.903462],[121.867377,24.902998],[121.865917,24.902014],[121.86396,24.898354],[121.86209,24.896578],[121.860454,24.894475],[121.858322,24.893382],[121.854028,24.891715],[121.851341,24.890131],[121.850815,24.88647],[121.848333,24.884531],[121.845821,24.880597],[121.842695,24.876171],[121.839599,24.869096],[121.838898,24.868167],[121.830602,24.850437],[121.82923,24.846804],[121.827944,24.842159],[121.827127,24.842351],[121.827419,24.839673],[121.826192,24.836095],[121.824293,24.828855],[121.822716,24.820578],[121.822102,24.818119],[121.820321,24.807246],[121.818977,24.797302],[121.818831,24.793641],[121.818422,24.789953],[121.817984,24.778124],[121.818013,24.773945],[121.818393,24.764902],[121.819094,24.758783],[121.820993,24.747692],[121.823475,24.739305],[121.825871,24.733021],[121.828908,24.726711],[121.831742,24.721903],[121.832764,24.719908],[121.83364,24.719034],[121.835013,24.718515],[121.838489,24.717887],[121.839132,24.717422],[121.839511,24.715838],[121.839219,24.714718],[121.837846,24.713215],[121.83659,24.710702],[121.836327,24.708243],[121.836503,24.701824],[121.836795,24.701086],[121.836795,24.698327],[121.837379,24.698299],[121.837262,24.693491],[121.837846,24.689284],[121.837583,24.68729],[121.837905,24.686552],[121.837817,24.683629],[121.838431,24.68169],[121.838168,24.672893],[121.839628,24.664015],[121.841498,24.656256],[121.844039,24.647869],[121.845149,24.644673]]],[[[121.959708,24.844946],[121.960643,24.843716],[121.960321,24.843006],[121.962804,24.841121],[121.964936,24.840493],[121.965082,24.83899],[121.964498,24.837816],[121.962921,24.835931],[121.96149,24.835275],[121.95705,24.836805],[121.954392,24.836231],[121.952698,24.83645],[121.950974,24.835849],[121.948959,24.835876],[121.948024,24.83533],[121.945717,24.835521],[121.943584,24.83634],[121.940225,24.838581],[121.939495,24.840466],[121.938297,24.842351],[121.936019,24.843662],[121.934267,24.845574],[121.934383,24.846749],[121.936048,24.847022],[121.939933,24.844973],[121.941715,24.84429],[121.943321,24.844618],[121.946155,24.849453],[121.947528,24.851256],[121.949455,24.851775],[121.953077,24.85142],[121.956174,24.850655],[121.958101,24.849453],[121.959825,24.846967],[121.959708,24.844946]]]]}},{"type":"Feature","properties":{"COUNTYNAME":"連江縣","COUNTYID":"Z","COUNTYCODE":"09007","COUNTYENG":"Lienchiang County"},"geometry":{"type":"MultiPolygon","coordinates":[[[[119.972827,26.168424],[119.972301,26.167741],[119.973119,26.167058],[119.972447,26.166621],[119.973528,26.165392],[119.972418,26.165009],[119.972681,26.164162],[119.97125,26.162141],[119.970111,26.163315],[119.970724,26.167249],[119.971776,26.168342],[119.972827,26.168424]]],[[[119.917037,26.175172],[119.918352,26.174379],[119.919929,26.175035],[119.920455,26.174325],[119.920309,26.172822],[119.921652,26.172631],[119.921769,26.171948],[119.92507,26.171538],[119.926355,26.172167],[119.928254,26.172003],[119.927728,26.170965],[119.9284,26.16979],[119.926793,26.170254],[119.925829,26.17009],[119.925654,26.168998],[119.926209,26.167905],[119.925537,26.16643],[119.923638,26.16378],[119.92396,26.162004],[119.924602,26.161212],[119.92653,26.161294],[119.926852,26.160884],[119.929013,26.160502],[119.930327,26.162059],[119.931175,26.16001],[119.930269,26.160584],[119.930123,26.158671],[119.931145,26.158152],[119.93319,26.15889],[119.934329,26.158808],[119.934972,26.159518],[119.93576,26.158507],[119.935702,26.154464],[119.937308,26.1543],[119.937162,26.154929],[119.939003,26.156185],[119.939499,26.15736],[119.940434,26.157606],[119.941865,26.158917],[119.940083,26.162141],[119.939645,26.165856],[119.944319,26.164982],[119.946247,26.165665],[119.949021,26.167495],[119.950832,26.167386],[119.951913,26.168151],[119.953228,26.167195],[119.952673,26.165583],[119.952936,26.164381],[119.953695,26.164217],[119.95498,26.165801],[119.95574,26.167659],[119.956616,26.16796],[119.960676,26.168287],[119.961494,26.167714],[119.965145,26.166594],[119.964795,26.1652],[119.963539,26.164927],[119.962954,26.163862],[119.963685,26.162113],[119.962487,26.161458],[119.962633,26.159463],[119.961932,26.158234],[119.95942,26.157551],[119.958252,26.154765],[119.957142,26.152989],[119.957288,26.152251],[119.955915,26.151924],[119.95498,26.150612],[119.954133,26.150967],[119.953987,26.152115],[119.952088,26.151541],[119.953286,26.152333],[119.952351,26.153399],[119.949956,26.153535],[119.948437,26.152087],[119.949109,26.151404],[119.948437,26.150967],[119.949051,26.150121],[119.948759,26.148563],[119.946948,26.148782],[119.946188,26.148263],[119.945984,26.146706],[119.944056,26.145804],[119.943501,26.144575],[119.941982,26.143264],[119.939412,26.143509],[119.938039,26.142881],[119.936958,26.145995],[119.935001,26.145422],[119.934417,26.145695],[119.933599,26.143974],[119.932109,26.144575],[119.931613,26.143619],[119.930065,26.14269],[119.928779,26.141433],[119.928867,26.140887],[119.930736,26.14034],[119.930357,26.139739],[119.928575,26.139439],[119.927699,26.139876],[119.924573,26.137827],[119.923317,26.13821],[119.9232,26.139576],[119.924369,26.140941],[119.923668,26.141898],[119.92101,26.142171],[119.916833,26.141078],[119.915927,26.141952],[119.914788,26.141925],[119.913737,26.142744],[119.912568,26.142608],[119.913182,26.143373],[119.913006,26.145258],[119.911926,26.145367],[119.910144,26.144138],[119.908888,26.145367],[119.909238,26.14646],[119.910465,26.147662],[119.910757,26.149738],[119.912305,26.150831],[119.91508,26.153208],[119.914175,26.154874],[119.91581,26.155584],[119.91768,26.157906],[119.917271,26.15919],[119.915255,26.160119],[119.91251,26.159573],[119.912743,26.160228],[119.914291,26.161294],[119.915051,26.162851],[119.915956,26.162332],[119.917358,26.162469],[119.917709,26.165446],[119.91841,26.165446],[119.918731,26.167905],[119.917037,26.167796],[119.915197,26.169708],[119.916891,26.171429],[119.915635,26.172385],[119.917037,26.175172]]],[[[119.964327,25.946378],[119.963831,25.94504],[119.964678,25.94381],[119.964152,25.942636],[119.963509,25.942854],[119.961581,25.941024],[119.96091,25.94239],[119.962516,25.944111],[119.962954,25.945258],[119.96202,25.945449],[119.96348,25.947007],[119.964327,25.946378]]],[[[119.984832,25.970582],[119.986176,25.97061],[119.986556,25.969818],[119.987403,25.970337],[119.98749,25.968779],[119.9886,25.968807],[119.9886,25.968151],[119.986818,25.966048],[119.98454,25.96419],[119.98492,25.962496],[119.98381,25.961677],[119.981502,25.96072],[119.980422,25.959792],[119.978581,25.959655],[119.978348,25.958972],[119.979224,25.956677],[119.978552,25.95594],[119.97715,25.956404],[119.976186,25.95512],[119.974667,25.955257],[119.975076,25.954574],[119.974521,25.953399],[119.972973,25.953727],[119.971367,25.956568],[119.971308,25.955803],[119.967423,25.951268],[119.966489,25.951596],[119.965554,25.951104],[119.964941,25.949192],[119.963013,25.948673],[119.962107,25.949957],[119.960618,25.950012],[119.960764,25.950558],[119.962136,25.950121],[119.962896,25.951487],[119.962721,25.952388],[119.963539,25.953399],[119.964386,25.955585],[119.965583,25.956268],[119.965057,25.95818],[119.963743,25.958043],[119.963685,25.958617],[119.966255,25.958398],[119.968183,25.959245],[119.969585,25.960502],[119.969614,25.961622],[119.970432,25.962223],[119.971571,25.964463],[119.971162,25.966457],[119.971542,25.967086],[119.973207,25.967414],[119.97458,25.968452],[119.976624,25.968069],[119.978727,25.96837],[119.978494,25.967195],[119.980013,25.96643],[119.981911,25.966512],[119.982934,25.967687],[119.98197,25.969025],[119.983751,25.969626],[119.984073,25.970746],[119.984832,25.970582]]],[[[119.975777,25.975937],[119.975923,25.975145],[119.977296,25.97468],[119.975836,25.971839],[119.973995,25.970309],[119.974638,25.975035],[119.975777,25.975937]]],[[[119.944582,25.982111],[119.94391,25.981865],[119.945078,25.98069],[119.947911,25.981838],[119.948466,25.981127],[119.947707,25.97815],[119.94648,25.978095],[119.946568,25.97692],[119.944845,25.97591],[119.945253,25.975554],[119.943267,25.974544],[119.941924,25.972932],[119.939704,25.973997],[119.938477,25.973396],[119.937308,25.972167],[119.937455,25.971293],[119.93836,25.970938],[119.937162,25.970255],[119.935468,25.968643],[119.93503,25.967769],[119.931554,25.967495],[119.932489,25.969135],[119.933278,25.968616],[119.93319,25.970118],[119.9317,25.97091],[119.931846,25.971566],[119.930532,25.971866],[119.929159,25.970801],[119.928838,25.972549],[119.926647,25.975117],[119.925654,25.976675],[119.925683,25.977494],[119.924252,25.979297],[119.925245,25.980936],[119.926881,25.981647],[119.928516,25.981155],[119.928867,25.981565],[119.931671,25.981619],[119.932547,25.980226],[119.933394,25.97998],[119.93725,25.981756],[119.938857,25.98069],[119.939996,25.982002],[119.942946,25.981892],[119.942712,25.982411],[119.944582,25.982111]]],[[[120.012902,26.209702],[120.01153,26.209511],[120.010887,26.210413],[120.012114,26.211505],[120.013194,26.211751],[120.014713,26.211123],[120.014597,26.210604],[120.012902,26.209702]]],[[[119.996399,26.238086],[120.00005,26.238005],[120.001073,26.235764],[120.001394,26.233907],[120.002387,26.233715],[120.00525,26.234644],[120.006359,26.233961],[120.005571,26.232186],[120.005366,26.23],[120.006535,26.229317],[120.006476,26.227869],[120.005425,26.227241],[120.003322,26.223881],[120.004695,26.223307],[120.005775,26.223362],[120.006506,26.224318],[120.006564,26.226503],[120.00931,26.228006],[120.011442,26.228498],[120.012581,26.227951],[120.0141,26.22847],[120.015414,26.226831],[120.013253,26.224509],[120.01448,26.223498],[120.012201,26.221695],[120.010507,26.221176],[120.009777,26.219674],[120.010361,26.218226],[120.011237,26.218499],[120.011646,26.217625],[120.011559,26.214319],[120.00966,26.214756],[120.009105,26.216751],[120.009222,26.218499],[120.007528,26.219401],[120.006652,26.222515],[120.003322,26.222925],[120.002679,26.222515],[120.000401,26.218745],[119.999116,26.219237],[120.000634,26.221832],[119.999349,26.222597],[119.998327,26.222624],[119.997772,26.219646],[119.996866,26.218117],[119.994267,26.21798],[119.993069,26.218636],[119.991901,26.217133],[119.991813,26.216259],[119.990616,26.21462],[119.989009,26.215084],[119.989593,26.217133],[119.989155,26.217925],[119.987578,26.218636],[119.983839,26.218636],[119.982641,26.217324],[119.97864,26.215849],[119.977822,26.21492],[119.975836,26.215193],[119.972535,26.211861],[119.972447,26.209757],[119.972886,26.209265],[119.971483,26.207544],[119.972623,26.206178],[119.972564,26.204129],[119.972886,26.201452],[119.971396,26.199376],[119.97347,26.197819],[119.973557,26.195688],[119.972886,26.195196],[119.975777,26.194623],[119.975982,26.193229],[119.974404,26.192246],[119.973557,26.1923],[119.972915,26.193776],[119.973178,26.194541],[119.97087,26.195251],[119.969351,26.194322],[119.968212,26.194404],[119.967482,26.193721],[119.966459,26.194049],[119.966226,26.196207],[119.966489,26.198393],[119.965992,26.199267],[119.966109,26.201862],[119.965554,26.202518],[119.966693,26.203528],[119.965612,26.204812],[119.966372,26.20667],[119.967423,26.206998],[119.968241,26.209293],[119.969468,26.210822],[119.97087,26.21197],[119.970987,26.212817],[119.969643,26.213773],[119.968563,26.215412],[119.968855,26.218554],[119.967394,26.2191],[119.967453,26.221258],[119.968475,26.220739],[119.969848,26.221258],[119.97125,26.220821],[119.973265,26.22246],[119.973966,26.222515],[119.97493,26.223717],[119.975865,26.223608],[119.97864,26.225984],[119.97975,26.226039],[119.980188,26.225028],[119.981765,26.224728],[119.983226,26.224974],[119.984336,26.225766],[119.985387,26.227323],[119.988366,26.230765],[119.991492,26.232432],[119.99158,26.233497],[119.993244,26.233961],[119.992923,26.234918],[119.993566,26.2353],[119.993128,26.23642],[119.995348,26.238223],[119.996399,26.238086]]],[[[120.012756,26.240518],[120.014071,26.240026],[120.014012,26.238715],[120.011997,26.237895],[120.012114,26.2356],[120.011208,26.235682],[120.010653,26.237048],[120.010858,26.238141],[120.012756,26.240518]]],[[[120.00449,26.250653],[120.006184,26.250926],[120.006359,26.249943],[120.005717,26.249151],[120.005016,26.247074],[120.003585,26.247347],[120.003263,26.245217],[120.001131,26.244998],[119.99821,26.242731],[119.997597,26.241993],[119.996195,26.241884],[119.995318,26.243414],[119.996224,26.244807],[119.996165,26.245763],[119.997334,26.247347],[119.998181,26.249451],[119.999641,26.249533],[120.000839,26.248495],[120.002708,26.249833],[120.003789,26.251363],[120.00449,26.250653]]],[[[120.009894,26.255133],[120.011822,26.254532],[120.013808,26.254778],[120.015005,26.25415],[120.012844,26.252757],[120.009835,26.25262],[120.008988,26.2518],[120.007499,26.251964],[120.008667,26.252975],[120.008579,26.253959],[120.009426,26.255434],[120.009894,26.255133]]],[[[119.989593,26.281851],[119.990411,26.282069],[119.990353,26.281141],[119.988688,26.279884],[119.989009,26.277999],[119.991141,26.27901],[119.990061,26.277234],[119.991375,26.276988],[119.992281,26.275786],[119.992222,26.274939],[119.99044,26.274065],[119.989798,26.273218],[119.988659,26.272945],[119.989214,26.271962],[119.988746,26.27106],[119.990294,26.270596],[119.990353,26.269694],[119.989272,26.268547],[119.987782,26.268082],[119.987928,26.267126],[119.985884,26.266552],[119.984861,26.267099],[119.9827,26.266334],[119.980714,26.267099],[119.980801,26.268492],[119.980013,26.268574],[119.978844,26.269694],[119.980042,26.271251],[119.978377,26.272071],[119.980217,26.272453],[119.980947,26.273273],[119.982408,26.273246],[119.983401,26.273819],[119.984423,26.275813],[119.984014,26.27707],[119.982963,26.277179],[119.981619,26.278354],[119.983897,26.279447],[119.982963,26.280266],[119.984248,26.280458],[119.984686,26.279556],[119.986818,26.280622],[119.986176,26.282343],[119.986818,26.282998],[119.988805,26.283709],[119.989564,26.28308],[119.989593,26.281851]]],[[[120.228935,26.345012],[120.226365,26.343646],[120.225956,26.342635],[120.224086,26.339821],[120.222947,26.339193],[120.223064,26.33851],[120.221516,26.33892],[120.22064,26.338264],[120.220435,26.336379],[120.219237,26.336242],[120.218945,26.335559],[120.21804,26.336761],[120.218128,26.337608],[120.219413,26.338592],[120.220026,26.341214],[120.22061,26.341843],[120.222071,26.341242],[120.224203,26.344329],[120.226452,26.345449],[120.228877,26.347361],[120.229402,26.34717],[120.229782,26.345394],[120.228935,26.345012]]],[[[120.479581,26.382984],[120.480282,26.380963],[120.482297,26.380717],[120.48256,26.379105],[120.483466,26.377193],[120.482677,26.376209],[120.481917,26.37386],[120.48221,26.37274],[120.481509,26.371237],[120.483524,26.370527],[120.4844,26.370964],[120.484926,26.369926],[120.486153,26.369981],[120.488081,26.371811],[120.488636,26.3708],[120.490534,26.371319],[120.491411,26.370554],[120.492287,26.370992],[120.492199,26.37457],[120.493426,26.377002],[120.49588,26.378641],[120.497311,26.378641],[120.498508,26.377958],[120.499618,26.37845],[120.500524,26.377548],[120.50029,26.376127],[120.499151,26.374051],[120.498508,26.373587],[120.499268,26.372467],[120.500232,26.373177],[120.501283,26.373177],[120.502481,26.372057],[120.502539,26.371101],[120.504934,26.372166],[120.505694,26.371838],[120.50584,26.372959],[120.506892,26.372767],[120.508177,26.370773],[120.508264,26.369434],[120.508965,26.369434],[120.510221,26.368369],[120.511068,26.368342],[120.510806,26.366976],[120.511331,26.365255],[120.510192,26.364654],[120.507768,26.365337],[120.506453,26.36703],[120.504964,26.365583],[120.504175,26.365583],[120.504087,26.366866],[120.502861,26.368861],[120.501283,26.36867],[120.50067,26.366839],[120.50102,26.36602],[120.49994,26.363643],[120.498801,26.363069],[120.498508,26.36184],[120.496172,26.361157],[120.495383,26.360146],[120.494624,26.358125],[120.493484,26.356895],[120.493543,26.358562],[120.492404,26.359217],[120.491148,26.358152],[120.49071,26.358507],[120.488519,26.357387],[120.488051,26.357879],[120.488636,26.359053],[120.48773,26.359627],[120.486153,26.359791],[120.485335,26.358726],[120.485715,26.357086],[120.48516,26.355912],[120.483991,26.355912],[120.483991,26.357196],[120.482034,26.358726],[120.481888,26.359682],[120.483232,26.360556],[120.483787,26.363506],[120.483057,26.364462],[120.485393,26.365473],[120.485335,26.368915],[120.484429,26.369817],[120.483612,26.369817],[120.481012,26.3708],[120.479668,26.369134],[120.477799,26.367522],[120.477273,26.369134],[120.47777,26.373915],[120.476689,26.374953],[120.477448,26.377876],[120.476543,26.379051],[120.475345,26.377002],[120.47333,26.375909],[120.472833,26.374133],[120.471665,26.372276],[120.471022,26.372412],[120.470438,26.371156],[120.470146,26.371838],[120.469387,26.371128],[120.46927,26.372467],[120.470526,26.374762],[120.469241,26.37692],[120.470234,26.378094],[120.47184,26.378176],[120.472074,26.378859],[120.473593,26.378695],[120.474761,26.379788],[120.474498,26.38211],[120.473768,26.382575],[120.474235,26.383504],[120.474878,26.383039],[120.476017,26.383695],[120.476806,26.383476],[120.477156,26.381892],[120.477887,26.381892],[120.478675,26.383094],[120.479902,26.383941],[120.479581,26.382984]]]]}},{"type":"Feature","properties":{"COUNTYNAME":"金門縣","COUNTYID":"W","COUNTYCODE":"09020","COUNTYENG":"Kinmen County"},"geometry":{"type":"MultiPolygon","coordinates":[[[[118.360557,24.426506],[118.35711,24.424949],[118.353897,24.423037],[118.352758,24.421398],[118.350947,24.421015],[118.348289,24.418365],[118.347705,24.414978],[118.346127,24.414131],[118.34604,24.412929],[118.34455,24.411263],[118.342651,24.410061],[118.34122,24.408777],[118.338708,24.404515],[118.337481,24.401838],[118.33643,24.397221],[118.335145,24.394052],[118.334239,24.391074],[118.33123,24.389681],[118.330734,24.388424],[118.329186,24.387769],[118.328777,24.388397],[118.327579,24.386976],[118.326849,24.387659],[118.325009,24.388014],[118.323724,24.386731],[118.323607,24.385966],[118.322263,24.38561],[118.319956,24.385774],[118.31981,24.386922],[118.318232,24.388397],[118.316363,24.388288],[118.315954,24.389435],[118.314464,24.389572],[118.313237,24.390364],[118.311076,24.389818],[118.309207,24.390227],[118.308798,24.391757],[118.3076,24.392167],[118.307483,24.392877],[118.306402,24.393232],[118.306286,24.394462],[118.305146,24.39479],[118.304854,24.3958],[118.302401,24.396265],[118.300006,24.396237],[118.296968,24.395691],[118.295887,24.395855],[118.296296,24.397849],[118.295595,24.39916],[118.292879,24.401155],[118.290629,24.402002],[118.291272,24.403313],[118.289958,24.404925],[118.284846,24.407657],[118.284379,24.408667],[118.28026,24.410908],[118.280289,24.411481],[118.278157,24.413038],[118.278391,24.414596],[118.280844,24.415197],[118.280377,24.416317],[118.280932,24.417027],[118.283152,24.417573],[118.288147,24.418065],[118.290921,24.418857],[118.292061,24.421452],[118.29393,24.423419],[118.295799,24.426452],[118.298458,24.429593],[118.299275,24.431506],[118.302196,24.436259],[118.302956,24.438472],[118.302985,24.441586],[118.302167,24.446203],[118.299451,24.451284],[118.296442,24.453989],[118.295537,24.456011],[118.295916,24.460545],[118.295332,24.462348],[118.291155,24.468167],[118.288702,24.469615],[118.288439,24.470681],[118.289081,24.470899],[118.287533,24.472648],[118.286219,24.474833],[118.285985,24.477073],[118.286569,24.478904],[118.289695,24.485979],[118.292002,24.488547],[118.292732,24.489913],[118.294514,24.491361],[118.29653,24.49188],[118.299772,24.49371],[118.30281,24.494721],[118.307483,24.495759],[118.310463,24.496005],[118.312858,24.495513],[118.315574,24.494147],[118.318145,24.493164],[118.322555,24.489585],[118.324279,24.4877],[118.325593,24.485733],[118.326995,24.483029],[118.328923,24.481499],[118.331347,24.479067],[118.33459,24.476964],[118.338679,24.47497],[118.341395,24.474341],[118.343644,24.474642],[118.346478,24.474095],[118.350421,24.471664],[118.356643,24.471036],[118.359534,24.471145],[118.361813,24.471719],[118.363127,24.471691],[118.365814,24.47374],[118.369699,24.477319],[118.371948,24.479095],[118.37522,24.481963],[118.379046,24.48505],[118.380156,24.487646],[118.380711,24.491252],[118.3848,24.492235],[118.385677,24.493601],[118.385151,24.495541],[118.384713,24.499256],[118.383749,24.502698],[118.384041,24.508107],[118.38445,24.508763],[118.386874,24.509828],[118.388598,24.509883],[118.392015,24.511604],[118.393885,24.514199],[118.394294,24.516221],[118.396835,24.519554],[118.399464,24.520974],[118.400749,24.522231],[118.400252,24.524717],[118.399639,24.525455],[118.398295,24.52581],[118.396513,24.525728],[118.396601,24.526493],[118.397711,24.528104],[118.399347,24.528651],[118.402122,24.528077],[118.403757,24.52723],[118.405598,24.527476],[118.406649,24.52835],[118.407642,24.530071],[118.40735,24.531437],[118.405714,24.531765],[118.405919,24.532612],[118.407292,24.534224],[118.409249,24.533978],[118.411323,24.532148],[118.410855,24.530536],[118.414448,24.528323],[118.41918,24.530426],[118.421721,24.529634],[118.424116,24.527667],[118.42581,24.52835],[118.429316,24.527394],[118.428965,24.525974],[118.42952,24.525291],[118.431682,24.524799],[118.43358,24.52499],[118.433405,24.522695],[118.431535,24.521958],[118.432704,24.518461],[118.434164,24.515756],[118.435654,24.5145],[118.439685,24.513571],[118.445877,24.511522],[118.448594,24.511467],[118.450113,24.511003],[118.450609,24.50991],[118.449937,24.507752],[118.449528,24.504665],[118.450142,24.503545],[118.450726,24.501032],[118.451719,24.499393],[118.454494,24.498163],[118.455779,24.495841],[118.455137,24.494339],[118.455078,24.492809],[118.455662,24.491334],[118.457707,24.488793],[118.458613,24.487017],[118.459606,24.485897],[118.461913,24.484258],[118.4646,24.483766],[118.465798,24.483985],[118.468923,24.483684],[118.468515,24.482209],[118.468982,24.480433],[118.467667,24.479559],[118.466558,24.47945],[118.465564,24.47863],[118.464308,24.476472],[118.463432,24.476581],[118.463374,24.473549],[118.464104,24.471118],[118.464016,24.467703],[118.465506,24.463769],[118.465418,24.462731],[118.466178,24.461146],[118.467989,24.458551],[118.468894,24.457704],[118.470326,24.455218],[118.472049,24.454781],[118.473159,24.453552],[118.476167,24.453279],[118.476722,24.451694],[118.478154,24.450274],[118.477453,24.449536],[118.475379,24.450028],[118.47421,24.449563],[118.474152,24.44634],[118.473597,24.444455],[118.472283,24.443062],[118.472633,24.441477],[118.470939,24.441286],[118.470997,24.440466],[118.469771,24.440138],[118.468106,24.440494],[118.468427,24.441286],[118.467521,24.441941],[118.466178,24.441996],[118.463929,24.441286],[118.46241,24.439701],[118.463169,24.438636],[118.46276,24.438008],[118.461475,24.438472],[118.460628,24.437516],[118.460511,24.436287],[118.462118,24.435412],[118.463461,24.435849],[118.463812,24.433445],[118.465097,24.432216],[118.466528,24.431588],[118.466061,24.430386],[118.464016,24.429785],[118.465331,24.429211],[118.46463,24.4279],[118.463052,24.426807],[118.462322,24.427107],[118.461884,24.425168],[118.459927,24.424567],[118.458613,24.425769],[118.457298,24.426015],[118.457006,24.425222],[118.457736,24.424048],[118.457035,24.422381],[118.456743,24.420387],[118.455516,24.419759],[118.456013,24.417792],[118.454932,24.416289],[118.454728,24.417082],[118.452829,24.416535],[118.453034,24.415388],[118.450376,24.41536],[118.449675,24.415961],[118.448331,24.415524],[118.447075,24.414377],[118.445965,24.414022],[118.446257,24.412738],[118.44576,24.41211],[118.444884,24.412492],[118.444709,24.411563],[118.443336,24.411099],[118.440999,24.411235],[118.437407,24.410061],[118.436852,24.409186],[118.435712,24.408749],[118.4358,24.408094],[118.434398,24.407547],[118.432499,24.407493],[118.431652,24.408066],[118.430513,24.40681],[118.429345,24.407301],[118.427651,24.406755],[118.426219,24.406782],[118.427183,24.408203],[118.42619,24.409132],[118.427767,24.408613],[118.430017,24.408585],[118.432295,24.409787],[118.43098,24.409514],[118.429082,24.410361],[118.430834,24.412656],[118.431652,24.415115],[118.433025,24.416453],[118.432237,24.418693],[118.430542,24.420988],[118.427446,24.423884],[118.426365,24.42443],[118.421867,24.425987],[118.418187,24.427025],[118.414565,24.42749],[118.413689,24.427162],[118.412637,24.428528],[118.410505,24.428583],[118.409044,24.42779],[118.410505,24.429156],[118.410125,24.430495],[118.410972,24.431424],[118.409862,24.431806],[118.408986,24.430386],[118.40773,24.432298],[118.40624,24.432544],[118.404283,24.433719],[118.403202,24.433609],[118.402618,24.434975],[118.399843,24.435522],[118.396017,24.435139],[118.395345,24.435849],[118.390993,24.435112],[118.390584,24.435412],[118.387955,24.434483],[118.387137,24.435276],[118.385794,24.435139],[118.380331,24.433664],[118.379543,24.433609],[118.372825,24.431916],[118.370342,24.430959],[118.362368,24.42749],[118.360557,24.426506]]],[[[119.474048,24.985965],[119.475099,24.985746],[119.477494,24.986429],[119.478896,24.985883],[119.479218,24.984845],[119.477553,24.980911],[119.476209,24.979381],[119.47361,24.977605],[119.470075,24.978397],[119.466541,24.97949],[119.465372,24.981402],[119.465635,24.982413],[119.467797,24.98438],[119.470805,24.986402],[119.472733,24.987221],[119.474048,24.985965]]],[[[119.458333,24.989489],[119.458362,24.987303],[119.457807,24.985992],[119.456873,24.985227],[119.45547,24.985527],[119.452433,24.987194],[119.451206,24.987549],[119.447672,24.987494],[119.446678,24.988396],[119.446328,24.991538],[119.445422,24.993614],[119.443787,24.995608],[119.44329,24.996701],[119.443436,24.998722],[119.444809,24.999624],[119.447496,24.998121],[119.450534,24.997356],[119.452812,24.996127],[119.455792,24.99498],[119.458012,24.992357],[119.458333,24.989489]]],[[[118.233817,24.162772],[118.235044,24.162581],[118.234547,24.160259],[118.232415,24.160778],[118.232882,24.163182],[118.233817,24.162772]]],[[[118.160385,24.378562],[118.159713,24.378098],[118.157172,24.377989],[118.15685,24.377196],[118.154952,24.378316],[118.154631,24.379218],[118.153024,24.380229],[118.151359,24.382332],[118.153462,24.383753],[118.154338,24.383725],[118.155711,24.382879],[118.158252,24.382168],[118.163247,24.381294],[118.160385,24.378562]]],[[[118.162605,24.394926],[118.164211,24.395227],[118.163627,24.393779],[118.165204,24.390118],[118.16649,24.389599],[118.169527,24.390118],[118.170988,24.389626],[118.171893,24.387605],[118.172565,24.388206],[118.173295,24.387195],[118.172799,24.386348],[118.171075,24.385064],[118.168972,24.384217],[118.166665,24.385692],[118.166256,24.386567],[118.164766,24.387058],[118.163773,24.386867],[118.161816,24.387332],[118.161758,24.389981],[118.160969,24.391511],[118.159421,24.392467],[118.159333,24.394243],[118.161027,24.395582],[118.162605,24.394926]]],[[[118.24886,24.456366],[118.250116,24.455765],[118.253008,24.455573],[118.255286,24.455191],[118.258061,24.454044],[118.260018,24.452732],[118.26215,24.449536],[118.265801,24.446777],[118.269161,24.445985],[118.269219,24.444509],[118.268489,24.442706],[118.268722,24.441586],[118.268167,24.439701],[118.269832,24.438226],[118.269657,24.437598],[118.267203,24.435713],[118.266386,24.434675],[118.267262,24.43391],[118.266795,24.431916],[118.266064,24.430987],[118.265743,24.429293],[118.266327,24.428146],[118.264984,24.426015],[118.265071,24.425359],[118.263085,24.424485],[118.263085,24.422545],[118.261975,24.422245],[118.260281,24.422682],[118.260047,24.424239],[118.258441,24.425086],[118.256075,24.425332],[118.254643,24.424867],[118.252102,24.423474],[118.249912,24.421589],[118.248714,24.419404],[118.250058,24.418256],[118.248656,24.416562],[118.245355,24.413639],[118.243632,24.413339],[118.24147,24.411263],[118.241003,24.412],[118.241674,24.414104],[118.239338,24.414896],[118.23776,24.414869],[118.235424,24.414322],[118.232269,24.412738],[118.22926,24.408285],[118.227508,24.407848],[118.22596,24.405034],[118.224996,24.405089],[118.223681,24.406427],[118.223535,24.407821],[118.221053,24.409159],[118.218891,24.409569],[118.213517,24.40976],[118.21302,24.41088],[118.211589,24.412055],[118.211881,24.412792],[118.21375,24.411836],[118.215678,24.412465],[118.216379,24.413066],[118.214656,24.413585],[118.214568,24.414841],[118.215503,24.416043],[118.216379,24.418202],[118.216467,24.419404],[118.217372,24.42077],[118.217343,24.424458],[118.216554,24.426233],[118.216817,24.428064],[118.219446,24.431369],[118.221053,24.432462],[118.223857,24.436614],[118.224236,24.439729],[118.226456,24.444783],[118.226515,24.446312],[118.227303,24.44787],[118.230546,24.452049],[118.23335,24.453661],[118.235424,24.45377],[118.238345,24.455246],[118.241353,24.456065],[118.243427,24.455],[118.24591,24.456202],[118.24886,24.456366]]],[[[118.27769,24.453798],[118.276755,24.452432],[118.274652,24.452514],[118.272958,24.453279],[118.271731,24.453333],[118.26881,24.452486],[118.269102,24.454044],[118.271234,24.457349],[118.272724,24.458032],[118.274769,24.456721],[118.27769,24.453798]]],[[[118.45759,24.41435],[118.458525,24.414322],[118.459314,24.412792],[118.457386,24.412519],[118.456188,24.412792],[118.456101,24.414158],[118.45759,24.41435]]]]}},{"type":"Feature","properties":{"COUNTYNAME":"台中市","COUNTYID":"B","COUNTYCODE":"66000","COUNTYENG":"Taichung City"},"geometry":{"type":"Polygon","coordinates":[[[121.317656,24.441504],[121.320607,24.441067],[121.322768,24.439401],[121.325601,24.435931],[121.328055,24.43391],[121.328347,24.43156],[121.327646,24.43044],[121.328698,24.427271],[121.328201,24.425386],[121.328172,24.423638],[121.327412,24.421562],[121.327763,24.418475],[121.327617,24.41659],[121.327208,24.415552],[121.327442,24.413011],[121.326361,24.409214],[121.324988,24.406919],[121.325455,24.404515],[121.325981,24.403641],[121.325981,24.401045],[121.326507,24.399871],[121.327997,24.398286],[121.330801,24.398505],[121.33232,24.397931],[121.332699,24.396347],[121.333605,24.395008],[121.336029,24.392795],[121.336964,24.392413],[121.338483,24.390036],[121.339476,24.389763],[121.339943,24.390992],[121.342397,24.392659],[121.344149,24.393041],[121.350225,24.39285],[121.352562,24.392304],[121.353672,24.393096],[121.355337,24.39315],[121.359397,24.390446],[121.361324,24.390145],[121.362084,24.38949],[121.364888,24.389053],[121.367196,24.386048],[121.368773,24.3849],[121.369708,24.382742],[121.369561,24.381868],[121.368218,24.381239],[121.367137,24.379218],[121.367458,24.377907],[121.369328,24.374273],[121.369299,24.37247],[121.371431,24.370476],[121.373563,24.368154],[121.37736,24.368372],[121.381128,24.366843],[121.383436,24.367744],[121.387905,24.370012],[121.38919,24.374137],[121.390388,24.375339],[121.393221,24.375311],[121.394594,24.377142],[121.395821,24.378016],[121.398099,24.37777],[121.400582,24.3796],[121.401896,24.3796],[121.404145,24.377825],[121.406482,24.377961],[121.407913,24.377551],[121.408527,24.378098],[121.410776,24.378781],[121.412762,24.379764],[121.414252,24.379409],[121.41653,24.379792],[121.418604,24.379081],[121.419626,24.379218],[121.421525,24.38072],[121.423336,24.381403],[121.425731,24.381485],[121.429353,24.38307],[121.433968,24.383234],[121.436948,24.382933],[121.438291,24.382605],[121.438437,24.38195],[121.440774,24.377825],[121.441679,24.375421],[121.442877,24.373153],[121.444396,24.374109],[121.446061,24.374082],[121.447959,24.37482],[121.448252,24.372579],[121.449303,24.370257],[121.450647,24.367963],[121.45202,24.364684],[121.448661,24.362772],[121.447784,24.361488],[121.447463,24.359822],[121.441563,24.358592],[121.44057,24.356953],[121.439518,24.354003],[121.437795,24.352063],[121.436451,24.34843],[121.435604,24.347228],[121.436247,24.345234],[121.437736,24.342447],[121.437269,24.3416],[121.435721,24.340371],[121.434289,24.338295],[121.433442,24.334798],[121.432479,24.329607],[121.433355,24.326821],[121.434436,24.325701],[121.434932,24.322559],[121.433968,24.321139],[121.431369,24.320237],[121.428477,24.317341],[121.426082,24.313981],[121.423248,24.308217],[121.421788,24.307507],[121.42024,24.307616],[121.418078,24.308326],[121.416881,24.309173],[121.415566,24.30849],[121.411419,24.307261],[121.4099,24.307343],[121.405372,24.308299],[121.40473,24.307643],[121.404963,24.304939],[121.404554,24.302343],[121.403211,24.297699],[121.403474,24.296934],[121.402773,24.295923],[121.399968,24.293683],[121.397223,24.290514],[121.39658,24.288739],[121.395149,24.288138],[121.393513,24.288247],[121.390914,24.289722],[121.389628,24.287263],[121.387233,24.284695],[121.385568,24.283357],[121.382297,24.281608],[121.380457,24.279478],[121.38218,24.276172],[121.38329,24.267976],[121.385685,24.264015],[121.385218,24.262158],[121.385247,24.260464],[121.385773,24.258633],[121.385656,24.256803],[121.385101,24.255109],[121.383786,24.254945],[121.380194,24.253334],[121.378412,24.252842],[121.376601,24.253033],[121.373096,24.254099],[121.369883,24.252569],[121.366728,24.25194],[121.366086,24.250083],[121.364245,24.24705],[121.360682,24.243936],[121.35852,24.243608],[121.356213,24.244592],[121.352591,24.243854],[121.352503,24.243198],[121.353175,24.240111],[121.352971,24.236369],[121.352036,24.234074],[121.349027,24.231643],[121.348414,24.230004],[121.34301,24.223556],[121.339125,24.226698],[121.335679,24.228583],[121.332962,24.229867],[121.33156,24.229949],[121.330216,24.231178],[121.326507,24.232517],[121.324433,24.233009],[121.322067,24.232052],[121.319409,24.231943],[121.31643,24.234375],[121.314064,24.235003],[121.308806,24.234948],[121.305914,24.233692],[121.303665,24.233746],[121.302351,24.236451],[121.300861,24.236642],[121.298904,24.235768],[121.298057,24.234183],[121.298846,24.233336],[121.295691,24.232626],[121.29499,24.231998],[121.294084,24.229676],[121.293121,24.229157],[121.291017,24.230167],[121.2902,24.22973],[121.289353,24.23014],[121.285789,24.229129],[121.284066,24.22973],[121.282751,24.231042],[121.280882,24.230659],[121.280181,24.229758],[121.279217,24.230905],[121.277756,24.231889],[121.277114,24.234921],[121.276617,24.235577],[121.27393,24.235686],[121.273258,24.236451],[121.272616,24.236123],[121.270483,24.236806],[121.268906,24.237926],[121.268497,24.239948],[121.266598,24.240549],[121.265868,24.241232],[121.266365,24.242434],[121.265401,24.245684],[121.264963,24.245876],[121.261487,24.245712],[121.25877,24.245138],[121.256813,24.2444],[121.255061,24.243226],[121.253191,24.241013],[121.251205,24.238008],[121.248751,24.23249],[121.247116,24.228228],[121.24621,24.226479],[121.244867,24.22495],[121.244136,24.222491],[121.240748,24.221699],[121.237944,24.219704],[121.235899,24.221234],[121.232511,24.2223],[121.230408,24.223529],[121.230905,24.225141],[121.230612,24.226097],[121.228246,24.225742],[121.228334,24.224731],[121.221645,24.227818],[121.219717,24.229239],[121.218052,24.228201],[121.217351,24.226889],[121.215832,24.225332],[121.212678,24.224239],[121.208092,24.221671],[121.205054,24.222081],[121.201578,24.221644],[121.198424,24.222901],[121.1967,24.223147],[121.193809,24.220579],[121.191793,24.218065],[121.191852,24.216918],[121.190187,24.215689],[121.188493,24.214924],[121.185192,24.214459],[121.182388,24.212301],[121.180752,24.212274],[121.178532,24.214022],[121.177685,24.215743],[121.174998,24.218257],[121.173508,24.220333],[121.170178,24.223474],[121.167695,24.225387],[121.166673,24.223666],[121.164366,24.221781],[121.163957,24.219622],[121.161123,24.215361],[121.158582,24.214596],[121.156508,24.214732],[121.151426,24.212875],[121.148125,24.213066],[121.146168,24.208941],[121.144094,24.207056],[121.143013,24.20528],[121.14316,24.204297],[121.142546,24.201592],[121.141349,24.199653],[121.140268,24.198778],[121.137814,24.197604],[121.136354,24.196347],[121.135302,24.19621],[121.132294,24.196893],[121.12873,24.196101],[121.127211,24.196757],[121.122567,24.196101],[121.11874,24.197194],[121.113395,24.196839],[121.111321,24.197686],[121.109335,24.198013],[121.107407,24.197795],[121.105684,24.197194],[121.104369,24.196047],[121.101974,24.195801],[121.101419,24.194899],[121.096337,24.192058],[121.094409,24.190146],[121.093971,24.187906],[121.09105,24.184819],[121.091342,24.182715],[121.088889,24.180584],[121.087107,24.177962],[121.084858,24.175913],[121.081236,24.17553],[121.080798,24.174629],[121.079103,24.173072],[121.076621,24.171706],[121.074664,24.169957],[121.072414,24.169875],[121.070136,24.168373],[121.069844,24.167553],[121.068646,24.167007],[121.06739,24.165777],[121.066339,24.165532],[121.06555,24.163865],[121.064294,24.162882],[121.061373,24.163237],[121.059299,24.162663],[121.058803,24.160286],[121.057956,24.159248],[121.052581,24.154768],[121.051734,24.155478],[121.050683,24.158101],[121.047586,24.160041],[121.04414,24.159658],[121.042884,24.15862],[121.040781,24.158593],[121.037772,24.157882],[121.035757,24.153074],[121.035581,24.150752],[121.03342,24.148567],[121.031492,24.148977],[121.030879,24.149632],[121.031346,24.152583],[121.031229,24.153539],[121.030061,24.155041],[121.029564,24.157664],[121.027782,24.159576],[121.027374,24.158757],[121.025592,24.158101],[121.023343,24.157964],[121.019896,24.158866],[121.017413,24.156981],[121.015515,24.155997],[121.013382,24.153539],[121.012243,24.153348],[121.012097,24.152173],[121.010607,24.150479],[121.009702,24.148294],[121.008154,24.147037],[121.007102,24.144906],[121.007511,24.143622],[121.006869,24.141136],[121.005817,24.139115],[121.00459,24.137612],[121.00348,24.133869],[121.002721,24.133104],[121.000501,24.132421],[120.999771,24.12816],[120.998632,24.126903],[120.996003,24.126575],[120.993666,24.125619],[120.99203,24.125264],[120.991621,24.124199],[120.992205,24.122204],[120.991884,24.120866],[120.988963,24.118735],[120.987678,24.119472],[120.985224,24.120183],[120.983706,24.119145],[120.97909,24.11827],[120.976462,24.116932],[120.975206,24.116959],[120.974446,24.118899],[120.97097,24.120265],[120.967027,24.120292],[120.963989,24.119882],[120.961214,24.120155],[120.960075,24.120893],[120.957067,24.124199],[120.955402,24.125237],[120.954262,24.12551],[120.952627,24.126848],[120.950115,24.127859],[120.949443,24.127531],[120.948391,24.124963],[120.944507,24.12286],[120.941235,24.120073],[120.938928,24.117861],[120.937467,24.117205],[120.934955,24.115265],[120.931859,24.112206],[120.929201,24.112096],[120.927156,24.111714],[120.925258,24.110539],[120.923096,24.109911],[120.921227,24.108764],[120.919883,24.107452],[120.916728,24.107753],[120.914567,24.107561],[120.913223,24.108982],[120.911208,24.108791],[120.909543,24.109228],[120.907089,24.11073],[120.906856,24.112342],[120.904869,24.114473],[120.902825,24.114692],[120.899904,24.115566],[120.898706,24.115566],[120.896136,24.116467],[120.893595,24.11603],[120.89266,24.116221],[120.891053,24.115648],[120.890148,24.1142],[120.891083,24.112233],[120.89377,24.111113],[120.894208,24.110348],[120.893741,24.10931],[120.894208,24.106551],[120.891258,24.102426],[120.890936,24.101142],[120.891521,24.098683],[120.891083,24.097426],[120.890031,24.096661],[120.887957,24.095896],[120.886789,24.095842],[120.885445,24.094749],[120.884949,24.093001],[120.882992,24.09046],[120.881998,24.088329],[120.880333,24.088575],[120.879253,24.085843],[120.878026,24.085024],[120.878055,24.086608],[120.877559,24.087646],[120.876858,24.09117],[120.878201,24.093492],[120.87823,24.095323],[120.878961,24.096853],[120.879019,24.097973],[120.879779,24.099311],[120.881473,24.100513],[120.880129,24.104365],[120.880187,24.105376],[120.879311,24.105922],[120.878873,24.107725],[120.879165,24.109228],[120.877646,24.109774],[120.875163,24.112971],[120.874258,24.113408],[120.873849,24.11532],[120.872827,24.115894],[120.872242,24.116932],[120.869584,24.117123],[120.868854,24.117615],[120.867365,24.116303],[120.865524,24.115484],[120.863655,24.115757],[120.860179,24.115894],[120.858485,24.116276],[120.8572,24.117314],[120.856937,24.119718],[120.856353,24.120019],[120.856148,24.121549],[120.853841,24.124526],[120.850365,24.124526],[120.848904,24.123871],[120.846947,24.124007],[120.844844,24.124526],[120.842975,24.123051],[120.842128,24.120674],[120.840463,24.12021],[120.839499,24.119172],[120.838652,24.119063],[120.837746,24.117888],[120.837717,24.117861],[120.837659,24.117751],[120.836315,24.116986],[120.836257,24.116904],[120.836227,24.116823],[120.836257,24.116659],[120.836315,24.116522],[120.836344,24.116413],[120.836198,24.116221],[120.836081,24.116167],[120.835994,24.11614],[120.835906,24.116003],[120.835877,24.115894],[120.835877,24.115702],[120.835877,24.115566],[120.835818,24.115347],[120.835789,24.115211],[120.835585,24.114883],[120.835526,24.114582],[120.835556,24.1145],[120.835556,24.114446],[120.835439,24.114145],[120.835088,24.113544],[120.834796,24.113435],[120.83465,24.113326],[120.834592,24.113216],[120.834533,24.113134],[120.834504,24.113107],[120.834475,24.113025],[120.834475,24.112916],[120.834475,24.112834],[120.834504,24.11267],[120.834504,24.112533],[120.834504,24.112397],[120.834533,24.112233],[120.834533,24.112178],[120.834504,24.112014],[120.834533,24.111004],[120.834533,24.11084],[120.834533,24.110703],[120.834533,24.110567],[120.834358,24.110321],[120.8343,24.110184],[120.834212,24.109966],[120.834153,24.109802],[120.834037,24.109337],[120.834241,24.109009],[120.834329,24.108927],[120.834446,24.108764],[120.834504,24.108572],[120.834562,24.108436],[120.834562,24.108381],[120.834562,24.108244],[120.834562,24.108108],[120.834562,24.108026],[120.834562,24.107835],[120.834533,24.107725],[120.834416,24.107534],[120.834153,24.107261],[120.834124,24.106988],[120.834124,24.106933],[120.834066,24.106742],[120.834007,24.106605],[120.83392,24.106441],[120.833832,24.106305],[120.83354,24.106086],[120.833365,24.105895],[120.83316,24.10554],[120.832751,24.105103],[120.832664,24.104994],[120.832372,24.104474],[120.832284,24.104338],[120.832167,24.104256],[120.831992,24.104174],[120.831729,24.104119],[120.831525,24.10401],[120.830707,24.103327],[120.830531,24.103081],[120.830444,24.102945],[120.830385,24.102753],[120.830327,24.102589],[120.830298,24.102453],[120.830269,24.102426],[120.830327,24.102125],[120.830619,24.101879],[120.831086,24.101551],[120.831495,24.101142],[120.832342,24.099721],[120.832459,24.099393],[120.832489,24.098738],[120.832342,24.098027],[120.83208,24.097754],[120.831963,24.097618],[120.831729,24.097208],[120.831671,24.096989],[120.831583,24.096853],[120.831262,24.096525],[120.83097,24.096224],[120.829947,24.094995],[120.829626,24.094886],[120.828925,24.094831],[120.828662,24.094694],[120.82837,24.093957],[120.828312,24.092891],[120.828428,24.092208],[120.828458,24.091307],[120.828545,24.09046],[120.82837,24.089613],[120.828253,24.089285],[120.828253,24.088466],[120.828136,24.088193],[120.828166,24.087947],[120.828195,24.08781],[120.828166,24.087537],[120.828107,24.087127],[120.828224,24.086116],[120.828633,24.084914],[120.828691,24.084532],[120.828691,24.084013],[120.82875,24.083849],[120.828896,24.083548],[120.828487,24.082237],[120.828487,24.081445],[120.828458,24.081226],[120.828428,24.081172],[120.828428,24.081008],[120.828516,24.080817],[120.828604,24.080543],[120.828574,24.080461],[120.828574,24.080407],[120.828574,24.080297],[120.828574,24.08027],[120.828574,24.079915],[120.828282,24.078413],[120.828312,24.077566],[120.828428,24.076555],[120.828487,24.076282],[120.828633,24.075981],[120.828808,24.075544],[120.828896,24.075107],[120.8291,24.074397],[120.829129,24.074178],[120.829042,24.073714],[120.829042,24.073331],[120.829071,24.073167],[120.829422,24.072266],[120.829392,24.071993],[120.829275,24.071501],[120.829246,24.071474],[120.828604,24.071419],[120.827231,24.071228],[120.826355,24.071228],[120.825683,24.071173],[120.825215,24.071036],[120.823025,24.070381],[120.822762,24.070162],[120.822645,24.069944],[120.822587,24.069862],[120.822528,24.069834],[120.82244,24.069807],[120.822119,24.06978],[120.821389,24.069698],[120.820805,24.06978],[120.820746,24.069807],[120.820659,24.06978],[120.820454,24.069671],[120.819987,24.069097],[120.819549,24.068742],[120.819227,24.068469],[120.818965,24.068496],[120.817825,24.068469],[120.816628,24.068469],[120.816073,24.068578],[120.815547,24.068933],[120.815459,24.069042],[120.815051,24.069753],[120.814904,24.069862],[120.814758,24.069889],[120.814671,24.069916],[120.814116,24.069561],[120.813911,24.069179],[120.813298,24.068359],[120.812889,24.068086],[120.812334,24.067103],[120.812188,24.066502],[120.8121,24.066338],[120.812013,24.066228],[120.811925,24.066146],[120.811837,24.066064],[120.81175,24.06601],[120.811633,24.065983],[120.811575,24.06601],[120.811458,24.065983],[120.81137,24.065983],[120.811253,24.065983],[120.811195,24.065983],[120.811049,24.065983],[120.810961,24.066037],[120.810698,24.066119],[120.810348,24.066174],[120.809296,24.066256],[120.809121,24.066256],[120.809033,24.066228],[120.809004,24.066201],[120.808917,24.066174],[120.808858,24.066146],[120.808829,24.066092],[120.8088,24.066064],[120.808683,24.065928],[120.808654,24.065846],[120.808566,24.065709],[120.807923,24.0653],[120.807777,24.065136],[120.807719,24.065026],[120.807661,24.064944],[120.807631,24.06489],[120.807514,24.064781],[120.807485,24.064753],[120.807398,24.064699],[120.807252,24.064562],[120.807076,24.064371],[120.806989,24.064261],[120.806872,24.064016],[120.806843,24.063906],[120.80693,24.063715],[120.80696,24.063633],[120.806989,24.063606],[120.807047,24.063442],[120.807106,24.06336],[120.807135,24.063305],[120.807193,24.063169],[120.807252,24.063059],[120.807281,24.062896],[120.807281,24.062814],[120.807252,24.06265],[120.807135,24.062376],[120.807018,24.062213],[120.806989,24.062185],[120.80693,24.062049],[120.806872,24.061939],[120.806843,24.061775],[120.806726,24.061284],[120.806667,24.061147],[120.806638,24.061038],[120.806463,24.060683],[120.806258,24.060437],[120.805704,24.06],[120.805645,24.06],[120.805587,24.059918],[120.805557,24.05989],[120.805441,24.059754],[120.805411,24.059672],[120.805353,24.05959],[120.805295,24.059535],[120.805265,24.059481],[120.804798,24.059016],[120.804769,24.05888],[120.804652,24.058607],[120.804623,24.05847],[120.804594,24.058443],[120.804623,24.058197],[120.804623,24.058033],[120.804418,24.057568],[120.804039,24.057077],[120.803951,24.057049],[120.803834,24.056995],[120.803746,24.056885],[120.803688,24.056858],[120.80363,24.056776],[120.803571,24.056694],[120.803425,24.056476],[120.803396,24.056421],[120.803308,24.056284],[120.803338,24.056011],[120.803425,24.055875],[120.803454,24.05582],[120.803513,24.055711],[120.803513,24.055274],[120.803338,24.054809],[120.803308,24.054673],[120.803308,24.054645],[120.803308,24.054536],[120.803367,24.054181],[120.803425,24.053962],[120.803513,24.053771],[120.8036,24.053662],[120.803688,24.053498],[120.803659,24.053361],[120.8036,24.053307],[120.803571,24.05317],[120.803542,24.053006],[120.803513,24.052788],[120.803484,24.052596],[120.803454,24.052487],[120.803396,24.052296],[120.803279,24.052132],[120.80325,24.052077],[120.802958,24.051831],[120.802753,24.051722],[120.802724,24.051695],[120.802461,24.05164],[120.802198,24.051613],[120.801936,24.051586],[120.801673,24.051531],[120.801351,24.051476],[120.801147,24.051449],[120.801059,24.051449],[120.800913,24.051422],[120.800884,24.051367],[120.800884,24.05134],[120.800942,24.051285],[120.80103,24.05123],[120.801118,24.051149],[120.801176,24.051121],[120.801264,24.051039],[120.801293,24.051012],[120.801351,24.050848],[120.801381,24.050821],[120.80141,24.050575],[120.80141,24.050493],[120.801381,24.050356],[120.801264,24.05011],[120.801264,24.050083],[120.801205,24.049974],[120.801088,24.049755],[120.80103,24.049646],[120.800942,24.049509],[120.800884,24.049345],[120.800796,24.049182],[120.800767,24.0491],[120.800709,24.048963],[120.800709,24.048936],[120.800679,24.048826],[120.80065,24.048635],[120.800387,24.048253],[120.799862,24.047597],[120.799248,24.04675],[120.799161,24.046477],[120.799131,24.046422],[120.799073,24.046286],[120.798869,24.045876],[120.798343,24.04533],[120.797759,24.044537],[120.797028,24.043663],[120.796707,24.043062],[120.79659,24.04257],[120.796619,24.042461],[120.796678,24.042325],[120.796736,24.042215],[120.796795,24.042161],[120.797291,24.042051],[120.79735,24.041997],[120.797496,24.04186],[120.797554,24.041669],[120.797437,24.041205],[120.796561,24.04033],[120.795772,24.040003],[120.794195,24.037544],[120.793465,24.037216],[120.791683,24.035249],[120.791479,24.033719],[120.79291,24.03249],[120.7918,24.031862],[120.791537,24.030687],[120.789463,24.031233],[120.787564,24.030332],[120.785461,24.028665],[120.785549,24.027682],[120.78476,24.0276],[120.784994,24.025578],[120.784644,24.024076],[120.783125,24.024786],[120.78292,24.023666],[120.781547,24.022327],[120.779736,24.021098],[120.779532,24.020087],[120.778101,24.019514],[120.776144,24.019213],[120.775121,24.018475],[120.773486,24.015935],[120.771441,24.014405],[120.77109,24.011345],[120.770419,24.010772],[120.770974,24.00957],[120.770535,24.009078],[120.767498,24.009051],[120.764489,24.007084],[120.762678,24.006237],[120.759553,24.006428],[120.757888,24.006045],[120.757625,24.005035],[120.756135,24.004488],[120.755872,24.003532],[120.754441,24.003341],[120.753127,24.00233],[120.751082,24.002849],[120.748745,24.001019],[120.747606,23.999134],[120.746029,23.99856],[120.745445,23.999134],[120.743634,24.002166],[120.733118,24.008395],[120.731716,24.008996],[120.722895,24.009624],[120.719244,24.009652],[120.706392,24.005171],[120.694883,24.007111],[120.688837,24.009269],[120.686003,24.010471],[120.67876,24.014214],[120.678643,24.014023],[120.668419,24.020716],[120.664797,24.023284],[120.663483,24.024977],[120.661234,24.025715],[120.658138,24.028228],[120.655713,24.030687],[120.651887,24.028583],[120.649638,24.030769],[120.649229,24.030742],[120.646542,24.033938],[120.645081,24.034266],[120.644409,24.032326],[120.646162,24.028337],[120.646191,24.026671],[120.644847,24.025933],[120.643212,24.026343],[120.641926,24.027354],[120.640262,24.027272],[120.63883,24.027736],[120.637107,24.028857],[120.636143,24.031069],[120.633982,24.031097],[120.631382,24.030168],[120.628665,24.029621],[120.625131,24.030195],[120.624167,24.031616],[120.624459,24.033774],[120.626299,24.035768],[120.62811,24.038363],[120.627702,24.040221],[120.626007,24.041614],[120.625744,24.044073],[120.625774,24.046723],[120.624488,24.04828],[120.624459,24.049373],[120.623437,24.051968],[120.623554,24.053279],[120.625686,24.057022],[120.625511,24.059727],[120.625657,24.062076],[120.625336,24.065354],[120.625336,24.068933],[120.623963,24.071474],[120.621976,24.072648],[120.620691,24.07232],[120.619669,24.073058],[120.618647,24.075107],[120.616982,24.079423],[120.61666,24.080926],[120.615171,24.084286],[120.614908,24.089996],[120.614528,24.092154],[120.613418,24.095323],[120.613243,24.098109],[120.612483,24.099175],[120.612367,24.102589],[120.608861,24.102098],[120.608044,24.102726],[120.603078,24.10289],[120.602231,24.103191],[120.601063,24.104666],[120.599953,24.105185],[120.59487,24.104884],[120.588941,24.106086],[120.586925,24.106769],[120.585523,24.107561],[120.583508,24.109556],[120.581784,24.109556],[120.576614,24.109583],[120.575534,24.109037],[120.572613,24.108326],[120.565602,24.109829],[120.558037,24.112533],[120.553685,24.112807],[120.551991,24.113517],[120.549596,24.113927],[120.546587,24.116085],[120.545243,24.116631],[120.540336,24.12398],[120.534085,24.125564],[120.532245,24.126903],[120.530726,24.129007],[120.529908,24.130755],[120.527601,24.13417],[120.523687,24.13947],[120.523278,24.140945],[120.524417,24.14242],[120.525673,24.146053],[120.525848,24.148539],[120.524534,24.152419],[120.523395,24.153839],[120.520795,24.158511],[120.519685,24.161461],[120.518984,24.163128],[120.517524,24.16534],[120.512587,24.176951],[120.511127,24.180639],[120.508089,24.187168],[120.504379,24.191129],[120.494244,24.194571],[120.456535,24.207193],[120.457907,24.209269],[120.460332,24.211645],[120.463808,24.213257],[120.464888,24.214268],[120.460799,24.215607],[120.461296,24.216754],[120.465706,24.215006],[120.465998,24.215279],[120.468832,24.214459],[120.471285,24.220606],[120.472337,24.222327],[120.476338,24.224349],[120.479727,24.232189],[120.480983,24.233336],[120.482794,24.237434],[120.487117,24.247651],[120.489512,24.253306],[120.490505,24.255273],[120.486182,24.257076],[120.486328,24.25735],[120.488899,24.256311],[120.493105,24.266146],[120.498187,24.263933],[120.508118,24.283958],[120.50952,24.288028],[120.510835,24.292235],[120.510543,24.292591],[120.514048,24.294831],[120.516823,24.298464],[120.518079,24.302425],[120.518254,24.304201],[120.518926,24.306441],[120.52135,24.31073],[120.521964,24.312888],[120.523745,24.315784],[120.525994,24.317696],[120.528185,24.318653],[120.52985,24.318926],[120.532333,24.32051],[120.533063,24.32316],[120.534582,24.325619],[120.538554,24.330973],[120.539139,24.332093],[120.539694,24.33488],[120.540745,24.335426],[120.542761,24.335481],[120.545798,24.33488],[120.548544,24.338486],[120.550413,24.341546],[120.555846,24.347747],[120.559206,24.349796],[120.559059,24.352091],[120.559264,24.354112],[120.560374,24.356134],[120.562243,24.358947],[120.561192,24.358893],[120.562506,24.361324],[120.564726,24.363701],[120.565339,24.363674],[120.568991,24.366679],[120.566712,24.365586],[120.567559,24.367416],[120.568436,24.36717],[120.570217,24.369165],[120.571152,24.374219],[120.57308,24.377251],[120.575066,24.378999],[120.577228,24.381922],[120.579214,24.383999],[120.583625,24.389845],[120.586721,24.392331],[120.588123,24.39479],[120.588561,24.396456],[120.589875,24.399297],[120.591394,24.400663],[120.594023,24.403941],[120.597149,24.406373],[120.598843,24.407848],[120.59969,24.410388],[120.601793,24.414514],[120.602611,24.415579],[120.606262,24.418229],[120.607576,24.41954],[120.610176,24.42331],[120.610264,24.425851],[120.612045,24.427326],[120.614674,24.428747],[120.6152,24.432107],[120.616806,24.433691],[120.618559,24.434156],[120.619289,24.434893],[120.621305,24.439674],[120.62186,24.440275],[120.626299,24.439128],[120.628607,24.438035],[120.629425,24.43615],[120.630973,24.43462],[120.631791,24.432762],[120.639648,24.427763],[120.640203,24.424348],[120.641079,24.423146],[120.643182,24.421753],[120.64292,24.416863],[120.643884,24.414869],[120.645256,24.414541],[120.646045,24.412191],[120.648294,24.411153],[120.648119,24.410115],[120.648732,24.409542],[120.650456,24.409378],[120.651945,24.408312],[120.656882,24.407165],[120.659102,24.405717],[120.663629,24.402302],[120.665703,24.400281],[120.666141,24.398915],[120.667397,24.397822],[120.667572,24.395992],[120.669033,24.394489],[120.670114,24.391948],[120.67137,24.391047],[120.672246,24.391347],[120.67689,24.387796],[120.678643,24.387086],[120.67727,24.384163],[120.685682,24.378945],[120.687347,24.376978],[120.688515,24.374956],[120.689771,24.374492],[120.691232,24.371214],[120.691962,24.368263],[120.693364,24.366761],[120.698271,24.364848],[120.700082,24.363182],[120.703412,24.361789],[120.707443,24.361652],[120.707268,24.357882],[120.711007,24.357008],[120.718251,24.355833],[120.723129,24.354658],[120.724326,24.354085],[120.728386,24.352828],[120.730402,24.351817],[120.734462,24.347938],[120.738464,24.34507],[120.74156,24.342529],[120.743283,24.340507],[120.748628,24.336164],[120.752221,24.334169],[120.75374,24.332394],[120.758501,24.328651],[120.75964,24.32846],[120.763233,24.325919],[120.764489,24.325728],[120.766505,24.325701],[120.767468,24.325346],[120.771441,24.322586],[120.774625,24.321111],[120.777692,24.320619],[120.782394,24.319172],[120.783796,24.318352],[120.786659,24.318133],[120.78774,24.318352],[120.791303,24.317369],[120.792034,24.317587],[120.796152,24.316385],[120.799073,24.316194],[120.802315,24.316221],[120.805499,24.315975],[120.807456,24.315156],[120.809793,24.312752],[120.811837,24.31155],[120.815313,24.308736],[120.817563,24.307425],[120.81952,24.303818],[120.822849,24.299584],[120.825332,24.29677],[120.828166,24.295049],[120.829451,24.293656],[120.832109,24.292071],[120.83354,24.29046],[120.838155,24.289258],[120.841485,24.289203],[120.844172,24.288766],[120.849459,24.288547],[120.854804,24.288793],[120.857229,24.289094],[120.865729,24.2927],[120.868854,24.293629],[120.874901,24.294913],[120.8775,24.295077],[120.881619,24.294885],[120.884832,24.294394],[120.891579,24.294093],[120.895347,24.293328],[120.899845,24.292754],[120.902007,24.292263],[120.904957,24.29229],[120.905862,24.292618],[120.908871,24.293929],[120.909806,24.293984],[120.911734,24.293984],[120.916758,24.29901],[120.919883,24.300704],[120.92149,24.302043],[120.922453,24.303573],[120.921986,24.306277],[120.920584,24.308654],[120.920087,24.311195],[120.920058,24.31521],[120.920642,24.318133],[120.920496,24.3201],[120.919649,24.324198],[120.918101,24.328596],[120.917926,24.329635],[120.91667,24.332694],[120.916349,24.334197],[120.916991,24.335727],[120.919649,24.337147],[120.926309,24.33865],[120.928733,24.339688],[120.932823,24.342065],[120.935656,24.342911],[120.937964,24.341791],[120.93995,24.339988],[120.942462,24.339114],[120.944915,24.33977],[120.946522,24.339087],[120.952305,24.33906],[120.954087,24.338595],[120.956804,24.339278],[120.959199,24.336655],[120.960163,24.335044],[120.962646,24.33477],[120.966238,24.333514],[120.972343,24.333514],[120.977221,24.334743],[120.979937,24.33447],[120.981982,24.335918],[120.983852,24.334443],[120.985429,24.33182],[120.991037,24.329771],[120.992527,24.329662],[120.997259,24.330072],[120.998398,24.330755],[121.000472,24.332667],[121.002283,24.332804],[121.004707,24.331957],[121.008212,24.326848],[121.011571,24.32398],[121.01236,24.322341],[121.014492,24.3201],[121.015748,24.317532],[121.018027,24.311276],[121.020042,24.309255],[121.026205,24.306742],[121.02936,24.304693],[121.031697,24.302015],[121.033128,24.298819],[121.035289,24.29718],[121.038123,24.296361],[121.041073,24.296115],[121.045191,24.29535],[121.04709,24.296115],[121.049427,24.296115],[121.051354,24.297808],[121.052085,24.29901],[121.052114,24.301879],[121.052552,24.304228],[121.054918,24.30767],[121.055298,24.310293],[121.057605,24.311413],[121.058394,24.312724],[121.06149,24.313407],[121.064265,24.31521],[121.065609,24.315675],[121.069347,24.315538],[121.070194,24.315757],[121.071626,24.316959],[121.07259,24.318434],[121.073904,24.319527],[121.0737,24.321384],[121.073057,24.322832],[121.075306,24.322614],[121.07887,24.322914],[121.081586,24.324062],[121.083397,24.321302],[121.085062,24.319691],[121.08661,24.317587],[121.087516,24.317532],[121.088275,24.318325],[121.090086,24.318707],[121.091926,24.318625],[121.094351,24.3198],[121.095227,24.321985],[121.098236,24.323706],[121.099667,24.323788],[121.102266,24.324581],[121.103698,24.326712],[121.105275,24.328159],[121.106151,24.328487],[121.108634,24.331001],[121.114856,24.328651],[121.118536,24.330372],[121.121574,24.3307],[121.121837,24.331847],[121.121428,24.333842],[121.122041,24.336355],[121.124144,24.340562],[121.125313,24.341983],[121.126247,24.3416],[121.128117,24.341901],[121.130191,24.344714],[121.131184,24.349277],[121.13355,24.351681],[121.136441,24.353129],[121.137785,24.354631],[121.13796,24.35627],[121.14094,24.35963],[121.144123,24.358292],[121.145993,24.357937],[121.149264,24.357964],[121.150929,24.358729],[121.155515,24.359057],[121.159429,24.360778],[121.162262,24.360559],[121.164658,24.360969],[121.166498,24.360587],[121.167958,24.360723],[121.168864,24.361515],[121.168981,24.364329],[121.171084,24.366132],[121.172457,24.366788],[121.17307,24.368372],[121.174151,24.369028],[121.173041,24.370667],[121.173304,24.373099],[121.174676,24.373836],[121.176955,24.37665],[121.178503,24.377907],[121.181658,24.378863],[121.183293,24.380994],[121.184724,24.381485],[121.186594,24.381185],[121.190216,24.381622],[121.191151,24.383944],[121.192991,24.385829],[121.195298,24.390009],[121.196905,24.392003],[121.197168,24.396593],[121.200731,24.397603],[121.203272,24.397549],[121.204353,24.397849],[121.207187,24.397904],[121.208822,24.396565],[121.210604,24.395718],[121.21075,24.393587],[121.210429,24.391894],[121.211247,24.38837],[121.21332,24.384354],[121.213437,24.382086],[121.215891,24.379464],[121.216796,24.380502],[121.218169,24.381158],[121.222171,24.381977],[121.225618,24.383015],[121.227107,24.382988],[121.231343,24.383671],[121.232131,24.384299],[121.231576,24.387523],[121.234643,24.391129],[121.234965,24.393915],[121.234673,24.39733],[121.235753,24.398587],[121.238002,24.400281],[121.238207,24.401619],[121.240135,24.403531],[121.242588,24.40457],[121.243581,24.405717],[121.24291,24.409104],[121.243377,24.41088],[121.24291,24.41282],[121.242004,24.413995],[121.242734,24.414732],[121.243611,24.41659],[121.243289,24.418229],[121.243903,24.420087],[121.245626,24.422354],[121.246648,24.423037],[121.24916,24.423775],[121.250007,24.424895],[121.257631,24.425031],[121.258858,24.427708],[121.258916,24.438035],[121.259793,24.436997],[121.259939,24.43462],[121.259617,24.431533],[121.259121,24.430877],[121.259793,24.429375],[121.260815,24.428637],[121.264525,24.428719],[121.26765,24.428118],[121.269899,24.427381],[121.271067,24.427954],[121.27136,24.429593],[121.27688,24.429266],[121.2791,24.42943],[121.284621,24.43055],[121.286081,24.43044],[121.29128,24.431151],[121.293179,24.431069],[121.294669,24.432544],[121.297648,24.43309],[121.302234,24.433063],[121.305447,24.432571],[121.307754,24.43391],[121.308251,24.434729],[121.310325,24.436396],[121.312749,24.436724],[121.31383,24.437407],[121.316313,24.439838],[121.317656,24.441504]]]}},{"type":"Feature","properties":{"COUNTYNAME":"澎湖縣","COUNTYID":"X","COUNTYCODE":"10016","COUNTYENG":"Penghu County"},"geometry":{"type":"MultiPolygon","coordinates":[[[[119.606162,23.585284],[119.607242,23.585994],[119.606103,23.586923],[119.607096,23.588234],[119.607301,23.589436],[119.607038,23.592387],[119.60771,23.593725],[119.606249,23.594818],[119.6066,23.595993],[119.604964,23.595884],[119.604351,23.597714],[119.603241,23.598588],[119.603767,23.599954],[119.602949,23.600637],[119.604409,23.601921],[119.605694,23.602522],[119.605782,23.605582],[119.610514,23.605554],[119.610864,23.604844],[119.612354,23.605445],[119.612266,23.606046],[119.611828,23.607385],[119.609638,23.610362],[119.607009,23.60998],[119.605607,23.610745],[119.605578,23.60968],[119.604351,23.609051],[119.602978,23.610745],[119.603358,23.611646],[119.601255,23.612603],[119.597545,23.615553],[119.597048,23.616618],[119.59737,23.617411],[119.599297,23.616864],[119.602715,23.617438],[119.602978,23.618285],[119.605431,23.620088],[119.605344,23.622137],[119.604555,23.624951],[119.603679,23.62435],[119.602189,23.624186],[119.600933,23.622683],[119.600641,23.620935],[119.599999,23.620388],[119.598976,23.621481],[119.599385,23.622273],[119.598509,23.623339],[119.594828,23.624787],[119.591674,23.624158],[119.590652,23.622874],[119.589512,23.622246],[119.588519,23.622765],[119.589425,23.623639],[119.589133,23.625169],[119.58998,23.625852],[119.590184,23.626945],[119.591323,23.628202],[119.59071,23.62954],[119.594595,23.632108],[119.595471,23.633119],[119.59588,23.634567],[119.595617,23.636069],[119.594361,23.63861],[119.59477,23.640031],[119.593777,23.64156],[119.589074,23.644265],[119.587847,23.644156],[119.588753,23.645522],[119.588256,23.647407],[119.587,23.647762],[119.586212,23.649783],[119.582414,23.652652],[119.582006,23.65399],[119.583291,23.655411],[119.581801,23.656777],[119.58075,23.656695],[119.58072,23.657624],[119.582707,23.658033],[119.580866,23.659072],[119.581597,23.660929],[119.580633,23.661803],[119.57964,23.661366],[119.57777,23.662541],[119.572775,23.66265],[119.571373,23.662404],[119.567488,23.66],[119.566904,23.659126],[119.566554,23.656668],[119.56705,23.656039],[119.565385,23.655356],[119.564626,23.654455],[119.564305,23.652761],[119.563282,23.651395],[119.562757,23.652105],[119.558638,23.655629],[119.555688,23.656668],[119.55449,23.657514],[119.548093,23.65033],[119.544997,23.646478],[119.54231,23.643008],[119.540733,23.640632],[119.540996,23.64014],[119.543683,23.64085],[119.542923,23.639921],[119.543011,23.6379],[119.541755,23.637736],[119.540733,23.636916],[119.540207,23.634075],[119.538805,23.633256],[119.537403,23.634075],[119.537374,23.632709],[119.53638,23.632791],[119.536468,23.633665],[119.533138,23.632873],[119.53086,23.631371],[119.530159,23.630141],[119.524609,23.630059],[119.524492,23.630879],[119.523353,23.631234],[119.52274,23.629103],[119.522272,23.631343],[119.51979,23.630196],[119.518183,23.628666],[119.517657,23.626808],[119.518095,23.62536],[119.519468,23.624213],[119.519819,23.622629],[119.521133,23.620716],[119.519643,23.619869],[119.519936,23.617766],[119.52163,23.615498],[119.521747,23.61457],[119.521133,23.612493],[119.520958,23.610827],[119.519848,23.611155],[119.520345,23.609406],[119.521571,23.607986],[119.52163,23.606456],[119.522944,23.604844],[119.522506,23.603314],[119.523119,23.601757],[119.522097,23.600337],[119.521454,23.59826],[119.51976,23.59572],[119.519322,23.594326],[119.51719,23.594163],[119.516577,23.594682],[119.514795,23.594463],[119.512283,23.592196],[119.514006,23.589327],[119.514357,23.587797],[119.516314,23.585311],[119.516226,23.583781],[119.515174,23.582443],[119.513042,23.582361],[119.512049,23.581896],[119.51202,23.57952],[119.512779,23.579247],[119.513305,23.577252],[119.512283,23.576487],[119.512516,23.575722],[119.515174,23.57452],[119.51386,23.573045],[119.513802,23.571324],[119.51313,23.570587],[119.514065,23.569221],[119.515379,23.568046],[119.517394,23.567937],[119.517979,23.567008],[119.516226,23.564822],[119.515087,23.564085],[119.512867,23.564413],[119.511231,23.563757],[119.510764,23.564467],[119.506762,23.565697],[119.505448,23.566407],[119.503111,23.56638],[119.497853,23.568155],[119.496159,23.568128],[119.493764,23.56739],[119.49207,23.566052],[119.491223,23.563293],[119.489733,23.562664],[119.486491,23.563238],[119.484446,23.563894],[119.482898,23.563374],[119.483073,23.564358],[119.481146,23.564467],[119.479568,23.564085],[119.479013,23.56291],[119.479948,23.563074],[119.476501,23.559796],[119.474369,23.560096],[119.472207,23.559249],[119.469491,23.560315],[119.467972,23.560506],[119.467329,23.561462],[119.467972,23.563484],[119.46952,23.565369],[119.471419,23.565751],[119.477962,23.569057],[119.48062,23.573236],[119.481116,23.575067],[119.483395,23.575395],[119.485147,23.574029],[119.484943,23.573346],[119.487104,23.572226],[119.48801,23.570587],[119.488915,23.57004],[119.491836,23.569849],[119.493501,23.570505],[119.495809,23.572171],[119.497181,23.572253],[119.496948,23.573127],[119.498817,23.574712],[119.499168,23.576132],[119.499518,23.574165],[119.500599,23.574985],[119.500833,23.576242],[119.503374,23.579165],[119.502877,23.580421],[119.504133,23.585393],[119.503228,23.586322],[119.504601,23.585994],[119.504455,23.587333],[119.503491,23.588945],[119.500219,23.592059],[119.498525,23.592988],[119.495663,23.593343],[119.492128,23.594436],[119.491135,23.593917],[119.489821,23.594026],[119.489821,23.595201],[119.492771,23.595966],[119.494085,23.596075],[119.494085,23.597195],[119.491953,23.598042],[119.491807,23.599599],[119.493998,23.602003],[119.494173,23.600692],[119.495283,23.600446],[119.496773,23.601074],[119.497094,23.600227],[119.498291,23.600555],[119.49759,23.598151],[119.498145,23.597687],[119.497532,23.596867],[119.497941,23.59602],[119.500015,23.595392],[119.500511,23.596594],[119.501358,23.596758],[119.501943,23.595993],[119.504163,23.597031],[119.504484,23.598643],[119.502994,23.6005],[119.502176,23.602222],[119.502381,23.604243],[119.503461,23.604489],[119.502877,23.605227],[119.50314,23.606784],[119.504659,23.607002],[119.505185,23.609133],[119.504455,23.60968],[119.505827,23.610554],[119.508193,23.610745],[119.508924,23.612193],[119.508661,23.613286],[119.507142,23.614515],[119.507317,23.615171],[119.506003,23.615116],[119.504805,23.616345],[119.505711,23.616427],[119.505711,23.617383],[119.504163,23.617028],[119.503841,23.616099],[119.500803,23.617657],[119.499285,23.620115],[119.499547,23.620744],[119.501884,23.62282],[119.504016,23.623639],[119.504338,23.625524],[119.502498,23.627819],[119.502819,23.629267],[119.502147,23.630933],[119.503228,23.632818],[119.503432,23.634512],[119.504776,23.636151],[119.506032,23.63555],[119.507522,23.636343],[119.508106,23.63891],[119.509683,23.641478],[119.509625,23.642517],[119.510764,23.645522],[119.511611,23.64615],[119.511582,23.647652],[119.512546,23.648663],[119.513685,23.648554],[119.514094,23.647625],[119.515058,23.648663],[119.515408,23.649838],[119.516839,23.649018],[119.517949,23.648991],[119.518212,23.64768],[119.519322,23.647652],[119.519585,23.649428],[119.517686,23.650685],[119.51754,23.651996],[119.516839,23.652597],[119.515321,23.651696],[119.51424,23.652023],[119.513539,23.654373],[119.514327,23.655602],[119.517949,23.654591],[119.519556,23.655384],[119.522009,23.655356],[119.524142,23.655848],[119.524521,23.653526],[119.523791,23.652324],[119.524288,23.65134],[119.522535,23.649619],[119.521308,23.648964],[119.521133,23.648253],[119.51979,23.647898],[119.519877,23.646205],[119.519351,23.644456],[119.52163,23.64268],[119.523558,23.642517],[119.523645,23.643281],[119.525953,23.643555],[119.525398,23.642107],[119.527734,23.640522],[119.530597,23.639211],[119.534891,23.63861],[119.536147,23.63943],[119.537636,23.63943],[119.540295,23.640468],[119.541404,23.642298],[119.54488,23.64656],[119.548707,23.651368],[119.553994,23.657596],[119.553818,23.658334],[119.552154,23.659481],[119.551774,23.65858],[119.550138,23.657733],[119.55043,23.659044],[119.552066,23.660274],[119.550956,23.662842],[119.552446,23.663688],[119.552825,23.665819],[119.553877,23.666448],[119.555191,23.668551],[119.556652,23.668742],[119.5608,23.670737],[119.56521,23.670901],[119.568598,23.671802],[119.569708,23.670983],[119.571286,23.671584],[119.573768,23.673223],[119.574411,23.673086],[119.577624,23.67437],[119.578734,23.675545],[119.578705,23.676255],[119.582356,23.677512],[119.585043,23.676337],[119.586796,23.674561],[119.587468,23.672922],[119.590622,23.671829],[119.593631,23.671611],[119.595121,23.67213],[119.595617,23.673714],[119.597895,23.674479],[119.599852,23.673769],[119.599648,23.67172],[119.601547,23.66989],[119.604818,23.668797],[119.603591,23.668906],[119.602511,23.665437],[119.602919,23.664481],[119.606571,23.662978],[119.608411,23.662814],[119.607651,23.660957],[119.606571,23.660465],[119.606454,23.659072],[119.607184,23.657269],[119.609433,23.654646],[119.612354,23.652734],[119.611711,23.65175],[119.612004,23.650138],[119.610222,23.648117],[119.609725,23.649237],[119.608528,23.648909],[119.606191,23.649018],[119.603737,23.64951],[119.602306,23.648909],[119.602014,23.647953],[119.600875,23.64768],[119.600466,23.645139],[119.601634,23.643445],[119.601751,23.642544],[119.600174,23.641724],[119.597633,23.641233],[119.597399,23.639621],[119.59921,23.636315],[119.600846,23.635195],[119.602043,23.633884],[119.603358,23.633474],[119.60476,23.634184],[119.605957,23.635933],[119.607242,23.63667],[119.609287,23.635222],[119.610339,23.635714],[119.610134,23.633474],[119.609521,23.632654],[119.607564,23.632245],[119.606308,23.632436],[119.60511,23.631425],[119.604175,23.631644],[119.60438,23.630578],[119.603299,23.62913],[119.602335,23.628529],[119.60473,23.625115],[119.60587,23.620989],[119.606804,23.62129],[119.607038,23.622355],[119.60844,23.621372],[119.611887,23.620225],[119.613114,23.620361],[119.61361,23.619487],[119.61326,23.618039],[119.613756,23.617028],[119.613289,23.615935],[119.613785,23.614378],[119.61288,23.613641],[119.612675,23.612603],[119.611682,23.612166],[119.6099,23.610526],[119.612208,23.607303],[119.612646,23.606019],[119.613201,23.601976],[119.61437,23.602358],[119.614837,23.603669],[119.615626,23.60356],[119.615976,23.601347],[119.616823,23.60102],[119.620854,23.60214],[119.62173,23.603123],[119.620942,23.604953],[119.62027,23.604762],[119.620328,23.606647],[119.622928,23.607248],[119.624388,23.608068],[119.625089,23.607221],[119.626959,23.606729],[119.627368,23.607275],[119.628857,23.606756],[119.630931,23.607412],[119.630289,23.6055],[119.630844,23.604899],[119.628857,23.603669],[119.627923,23.60397],[119.626696,23.601566],[119.625849,23.601429],[119.625148,23.6005],[119.627543,23.597058],[119.627864,23.595692],[119.62617,23.594545],[119.624651,23.592824],[119.624534,23.590994],[119.624943,23.589054],[119.624038,23.586841],[119.626404,23.584546],[119.62617,23.582661],[119.625674,23.582552],[119.624564,23.580394],[119.628799,23.580257],[119.629792,23.582088],[119.631808,23.583126],[119.631603,23.584574],[119.632917,23.587333],[119.632801,23.588508],[119.633852,23.589109],[119.634349,23.590884],[119.633151,23.593971],[119.631691,23.593917],[119.633093,23.594545],[119.632947,23.595283],[119.634173,23.59643],[119.636978,23.597359],[119.637562,23.598971],[119.639811,23.599162],[119.640132,23.597659],[119.641359,23.596403],[119.640132,23.593889],[119.638058,23.592223],[119.637708,23.591513],[119.639606,23.589764],[119.641359,23.588835],[119.639636,23.58818],[119.640161,23.586705],[119.640979,23.587825],[119.642206,23.587442],[119.644572,23.589218],[119.641826,23.590365],[119.643754,23.595774],[119.6465,23.597031],[119.646704,23.60102],[119.648194,23.602823],[119.650063,23.603806],[119.650823,23.607357],[119.65018,23.607986],[119.649246,23.606784],[119.647405,23.606456],[119.647201,23.60733],[119.649801,23.608341],[119.650122,23.609516],[119.651203,23.609871],[119.655146,23.60845],[119.657278,23.606155],[119.65684,23.605636],[119.657424,23.603861],[119.656256,23.601921],[119.655263,23.601675],[119.654386,23.600309],[119.655321,23.598534],[119.655642,23.598998],[119.657395,23.598151],[119.660842,23.596048],[119.662361,23.596375],[119.66274,23.594764],[119.664843,23.594791],[119.662419,23.594381],[119.662185,23.59561],[119.660141,23.595337],[119.660812,23.594381],[119.659615,23.593316],[119.660199,23.591622],[119.662477,23.590748],[119.665749,23.59072],[119.668027,23.591239],[119.669371,23.593534],[119.669137,23.594873],[119.668056,23.595173],[119.669867,23.596567],[119.669225,23.597823],[119.668086,23.59837],[119.669225,23.599216],[119.668115,23.600637],[119.669254,23.601702],[119.672146,23.601047],[119.671562,23.599053],[119.673723,23.595447],[119.675884,23.593807],[119.677579,23.590283],[119.678922,23.588289],[119.680558,23.585257],[119.681785,23.584137],[119.682573,23.583973],[119.681201,23.582088],[119.681171,23.57993],[119.681902,23.578482],[119.680821,23.57829],[119.680967,23.575258],[119.679974,23.574657],[119.680646,23.572936],[119.682077,23.571843],[119.682427,23.570204],[119.683012,23.570095],[119.682749,23.567062],[119.683099,23.565615],[119.68675,23.5622],[119.689379,23.56138],[119.690285,23.561599],[119.691307,23.560861],[119.694345,23.560342],[119.694403,23.559359],[119.692738,23.558512],[119.694579,23.554605],[119.693585,23.555152],[119.689876,23.554277],[119.688503,23.554714],[119.685115,23.55272],[119.68307,23.553512],[119.68196,23.553349],[119.680762,23.552037],[119.678163,23.551354],[119.675388,23.552447],[119.675213,23.553622],[119.674336,23.554796],[119.675213,23.556436],[119.676965,23.5569],[119.67606,23.559714],[119.674775,23.56026],[119.672934,23.560287],[119.672905,23.559386],[119.671912,23.559386],[119.671941,23.561435],[119.67013,23.561408],[119.669342,23.560998],[119.669225,23.562063],[119.667531,23.561981],[119.667531,23.561189],[119.668903,23.559878],[119.668173,23.559823],[119.668115,23.558075],[119.669517,23.556436],[119.666946,23.558703],[119.666596,23.56138],[119.66385,23.560287],[119.662507,23.560096],[119.660842,23.560479],[119.658242,23.560424],[119.655321,23.560807],[119.652283,23.560588],[119.646646,23.560533],[119.645331,23.560151],[119.641563,23.558102],[119.639986,23.556517],[119.638759,23.554305],[119.638613,23.553103],[119.63467,23.551081],[119.634378,23.54895],[119.635342,23.547284],[119.63356,23.5463],[119.632129,23.546054],[119.631399,23.547721],[119.629442,23.547748],[119.628565,23.547311],[119.627572,23.545781],[119.62693,23.545863],[119.624914,23.544798],[119.621497,23.541957],[119.620854,23.542066],[119.620971,23.539416],[119.621497,23.538105],[119.619423,23.537722],[119.618196,23.53887],[119.615976,23.53887],[119.612997,23.537039],[119.611741,23.534089],[119.611711,23.532723],[119.610689,23.533105],[119.609608,23.532095],[119.609667,23.530674],[119.60917,23.529991],[119.607301,23.5298],[119.605636,23.528762],[119.605052,23.527751],[119.605461,23.527123],[119.604468,23.525128],[119.606425,23.522151],[119.608937,23.522151],[119.610193,23.522752],[119.611595,23.522506],[119.611741,23.521495],[119.610864,23.519665],[119.611653,23.5189],[119.610047,23.51849],[119.607593,23.517124],[119.606571,23.517206],[119.60549,23.516223],[119.606249,23.514802],[119.607797,23.512944],[119.608031,23.509147],[119.607418,23.508027],[119.606249,23.507836],[119.604847,23.509147],[119.602686,23.509092],[119.601663,23.509447],[119.600612,23.511005],[119.598713,23.511797],[119.596902,23.511824],[119.597282,23.513108],[119.598158,23.513436],[119.597837,23.514228],[119.596669,23.513791],[119.595938,23.511551],[119.595734,23.512398],[119.591761,23.512862],[119.589542,23.512753],[119.588607,23.512152],[119.588957,23.511442],[119.587847,23.51065],[119.587146,23.511059],[119.585803,23.509803],[119.584313,23.509202],[119.582823,23.509529],[119.580603,23.509147],[119.579114,23.509502],[119.578004,23.50912],[119.577069,23.507836],[119.575375,23.507344],[119.572834,23.508082],[119.571841,23.508655],[119.570818,23.510404],[119.57076,23.513081],[119.571841,23.514857],[119.573681,23.516605],[119.574002,23.517725],[119.573009,23.521167],[119.572483,23.522096],[119.569942,23.524418],[119.567226,23.525811],[119.564509,23.526276],[119.562844,23.526085],[119.561676,23.524418],[119.560332,23.523926],[119.558696,23.5242],[119.556973,23.523462],[119.555425,23.525156],[119.554812,23.526877],[119.553526,23.528297],[119.554373,23.530046],[119.55341,23.531985],[119.551745,23.533215],[119.550167,23.53357],[119.548794,23.533242],[119.548269,23.5354],[119.549466,23.535619],[119.550197,23.53693],[119.549466,23.539006],[119.547568,23.539252],[119.544588,23.538132],[119.543829,23.537231],[119.5412,23.53887],[119.541404,23.543131],[119.542485,23.545481],[119.542076,23.546382],[119.542222,23.547994],[119.542865,23.548049],[119.54304,23.546737],[119.544442,23.546027],[119.545348,23.546519],[119.545319,23.547776],[119.546837,23.548896],[119.546312,23.549742],[119.547772,23.553813],[119.548853,23.55395],[119.548999,23.553239],[119.547772,23.551627],[119.548064,23.550863],[119.549583,23.549661],[119.551803,23.54854],[119.550868,23.547557],[119.551073,23.546],[119.550781,23.543814],[119.551073,23.542913],[119.549758,23.540673],[119.551044,23.540645],[119.554257,23.538815],[119.556769,23.538023],[119.556885,23.536384],[119.55636,23.535236],[119.557236,23.533898],[119.556798,23.533105],[119.554578,23.531412],[119.554753,23.529308],[119.5556,23.52827],[119.558375,23.52644],[119.560391,23.526494],[119.561325,23.527396],[119.559777,23.528379],[119.560858,23.530811],[119.562786,23.530182],[119.562903,23.529308],[119.564509,23.529773],[119.566028,23.531712],[119.564421,23.533679],[119.565677,23.534635],[119.566729,23.531767],[119.568014,23.531111],[119.57187,23.531985],[119.572191,23.529499],[119.571198,23.529008],[119.572337,23.527232],[119.574002,23.528051],[119.574119,23.526931],[119.571841,23.525975],[119.571724,23.524254],[119.573067,23.523353],[119.574119,23.519856],[119.575784,23.519938],[119.57593,23.521167],[119.578413,23.521905],[119.580341,23.523735],[119.579902,23.525784],[119.581334,23.526248],[119.580983,23.528243],[119.580195,23.528953],[119.580574,23.531739],[119.582736,23.532696],[119.584926,23.531412],[119.586387,23.529172],[119.589454,23.531057],[119.590768,23.530947],[119.592462,23.528898],[119.592492,23.528024],[119.593543,23.527177],[119.59588,23.526522],[119.596698,23.528652],[119.598304,23.529417],[119.599706,23.531248],[119.597253,23.532805],[119.595822,23.534908],[119.594858,23.537067],[119.595121,23.538214],[119.597048,23.539334],[119.598246,23.538405],[119.599385,23.538405],[119.600349,23.540044],[119.603095,23.540263],[119.602978,23.540919],[119.600437,23.543432],[119.600086,23.545344],[119.602102,23.546355],[119.602364,23.547857],[119.59956,23.550289],[119.598363,23.549278],[119.598421,23.549988],[119.595938,23.549661],[119.595851,23.548131],[119.595413,23.550262],[119.593485,23.549906],[119.592112,23.552748],[119.591031,23.552474],[119.591469,23.551518],[119.59109,23.549797],[119.59106,23.552256],[119.588782,23.551354],[119.587497,23.551928],[119.586562,23.549633],[119.584985,23.549715],[119.583933,23.548404],[119.582006,23.548759],[119.581334,23.54977],[119.578004,23.548021],[119.577069,23.548267],[119.57631,23.547393],[119.57444,23.547311],[119.573009,23.546218],[119.5726,23.546929],[119.572308,23.549141],[119.571753,23.549305],[119.568774,23.548377],[119.569679,23.551026],[119.568306,23.551436],[119.568102,23.549879],[119.566525,23.550398],[119.565648,23.549005],[119.562377,23.55007],[119.562961,23.551409],[119.565269,23.5516],[119.565035,23.55313],[119.56226,23.552502],[119.561909,23.554824],[119.56261,23.555725],[119.562523,23.55731],[119.562961,23.557774],[119.564071,23.556217],[119.566057,23.555698],[119.567518,23.554824],[119.56816,23.552939],[119.569445,23.553185],[119.570643,23.552802],[119.572921,23.553758],[119.573535,23.554523],[119.575726,23.554906],[119.573973,23.557228],[119.572863,23.557965],[119.573447,23.558894],[119.57628,23.557037],[119.57742,23.558648],[119.574645,23.560369],[119.575141,23.561134],[119.572337,23.563156],[119.573418,23.563593],[119.576835,23.560533],[119.578179,23.561899],[119.576397,23.563456],[119.576602,23.563757],[119.578413,23.5622],[119.579523,23.563402],[119.576806,23.565779],[119.57555,23.564604],[119.57482,23.565205],[119.576105,23.566407],[119.574294,23.567964],[119.571987,23.565642],[119.57187,23.565177],[119.570263,23.566625],[119.568891,23.565341],[119.570147,23.564303],[119.571286,23.565096],[119.568248,23.56209],[119.568073,23.562391],[119.569767,23.564003],[119.569007,23.564686],[119.5667,23.56261],[119.563691,23.562637],[119.562698,23.561899],[119.562143,23.562528],[119.559719,23.562063],[119.559573,23.560943],[119.558171,23.560697],[119.557294,23.562282],[119.556214,23.563429],[119.558726,23.563675],[119.560098,23.564549],[119.560478,23.566762],[119.560098,23.56709],[119.559748,23.569904],[119.560712,23.571188],[119.562786,23.571734],[119.566203,23.573346],[119.567401,23.57493],[119.566554,23.577908],[119.561968,23.583754],[119.562056,23.585339],[119.563516,23.585229],[119.564071,23.585858],[119.565882,23.585585],[119.566904,23.584956],[119.569416,23.585257],[119.572454,23.584983],[119.572483,23.585694],[119.573944,23.585557],[119.574353,23.58482],[119.577098,23.586295],[119.576602,23.587688],[119.578471,23.58777],[119.580136,23.589382],[119.581801,23.590092],[119.582619,23.59184],[119.581713,23.592114],[119.582327,23.594026],[119.584079,23.594272],[119.583875,23.591567],[119.582882,23.59083],[119.584021,23.590119],[119.584518,23.588617],[119.585043,23.589191],[119.586153,23.587743],[119.586124,23.586677],[119.583466,23.584437],[119.583437,23.58318],[119.582648,23.583262],[119.583291,23.581405],[119.585569,23.580804],[119.585481,23.580476],[119.583232,23.581186],[119.583086,23.579383],[119.585423,23.578372],[119.587497,23.578536],[119.588227,23.579274],[119.588169,23.580394],[119.588899,23.580776],[119.58887,23.578755],[119.585598,23.57605],[119.585511,23.573646],[119.587468,23.571953],[119.588578,23.571734],[119.589921,23.572335],[119.591119,23.574493],[119.593047,23.57493],[119.594186,23.574766],[119.594449,23.573291],[119.593865,23.572116],[119.593923,23.570669],[119.595471,23.569467],[119.597282,23.569002],[119.596902,23.57045],[119.597779,23.574766],[119.599005,23.575832],[119.600349,23.575641],[119.600145,23.576597],[119.602131,23.577116],[119.599356,23.576952],[119.599064,23.579028],[119.599619,23.580312],[119.599444,23.581787],[119.598421,23.582798],[119.600641,23.58471],[119.602627,23.584574],[119.604526,23.585284],[119.606162,23.585284]]],[[[119.699836,23.620334],[119.700888,23.619787],[119.7008,23.617575],[119.699164,23.617465],[119.698755,23.61905],[119.699836,23.620334]]],[[[119.541142,23.496034],[119.543478,23.494969],[119.543332,23.493548],[119.539915,23.493111],[119.536848,23.491964],[119.530626,23.487757],[119.528757,23.486691],[119.523207,23.486391],[119.519848,23.48538],[119.517248,23.485462],[119.514882,23.48456],[119.514298,23.483549],[119.511202,23.483058],[119.509712,23.483987],[119.508865,23.485626],[119.509771,23.48833],[119.509654,23.491007],[119.510881,23.491526],[119.512283,23.491281],[119.512662,23.489915],[119.51386,23.488221],[119.514152,23.487019],[119.516693,23.486473],[119.517716,23.48721],[119.51646,23.488358],[119.518125,23.487757],[119.520637,23.489997],[119.520724,23.492237],[119.522886,23.492428],[119.524025,23.492947],[119.525602,23.492756],[119.527384,23.49404],[119.527851,23.494859],[119.529283,23.495843],[119.532788,23.496307],[119.534862,23.495897],[119.536264,23.496662],[119.537578,23.498083],[119.541142,23.496034]]],[[[119.52052,23.515048],[119.521601,23.514802],[119.522009,23.510267],[119.521805,23.509693],[119.519614,23.508737],[119.516577,23.508874],[119.514473,23.509393],[119.514736,23.510841],[119.515759,23.512152],[119.516197,23.514747],[119.517073,23.514747],[119.518008,23.513327],[119.51757,23.512671],[119.519702,23.512234],[119.52087,23.5139],[119.52052,23.515048]]],[[[119.570818,23.617739],[119.569825,23.617329],[119.566904,23.61782],[119.56559,23.618667],[119.565356,23.619405],[119.567342,23.619951],[119.56781,23.622465],[119.569066,23.622465],[119.569796,23.621481],[119.570818,23.617739]]],[[[119.634436,23.651477],[119.635984,23.651313],[119.636832,23.650685],[119.636101,23.648909],[119.636218,23.647898],[119.634203,23.646778],[119.633735,23.643773],[119.633122,23.643637],[119.633122,23.646532],[119.630844,23.644757],[119.631632,23.645849],[119.631632,23.650193],[119.633151,23.651941],[119.634436,23.651477]]],[[[119.664318,23.669589],[119.667326,23.668688],[119.666304,23.667841],[119.666946,23.667158],[119.66572,23.666885],[119.666129,23.664399],[119.665281,23.66347],[119.66645,23.662022],[119.665574,23.661039],[119.665807,23.66041],[119.666946,23.660656],[119.66645,23.6597],[119.664843,23.659837],[119.664172,23.658716],[119.662244,23.659126],[119.661718,23.658498],[119.659235,23.659044],[119.659235,23.660164],[119.658446,23.660929],[119.656694,23.659727],[119.655701,23.660929],[119.654737,23.660519],[119.656957,23.662323],[119.658184,23.662787],[119.660316,23.66276],[119.661893,23.663606],[119.662215,23.665],[119.663675,23.666912],[119.663266,23.668059],[119.663646,23.669671],[119.664318,23.669589]]],[[[119.671007,23.676146],[119.672467,23.675736],[119.672701,23.674452],[119.670714,23.673796],[119.668553,23.67355],[119.669604,23.67508],[119.671007,23.676146]]],[[[119.556243,23.67661],[119.556769,23.675927],[119.556769,23.67396],[119.55636,23.673414],[119.554782,23.673988],[119.554081,23.675517],[119.554403,23.676556],[119.556243,23.67661]]],[[[119.666859,23.682866],[119.667092,23.681965],[119.668056,23.682511],[119.667414,23.681309],[119.668319,23.681172],[119.66794,23.679397],[119.669254,23.676993],[119.66794,23.676091],[119.667823,23.677184],[119.666859,23.676337],[119.664989,23.677129],[119.666012,23.67855],[119.665486,23.681609],[119.666742,23.680407],[119.666362,23.681719],[119.666859,23.682866]]],[[[119.609667,23.710649],[119.608002,23.71054],[119.60695,23.711414],[119.607593,23.712616],[119.608761,23.713709],[119.610193,23.711004],[119.609667,23.710649]]],[[[119.552124,23.720839],[119.551686,23.719828],[119.555045,23.721167],[119.557002,23.720675],[119.558112,23.716769],[119.556885,23.71543],[119.556973,23.7136],[119.557908,23.711496],[119.558521,23.710868],[119.555221,23.708682],[119.555104,23.709884],[119.553176,23.711578],[119.556068,23.713845],[119.555104,23.714446],[119.554812,23.715949],[119.555922,23.716605],[119.556038,23.717424],[119.554111,23.718216],[119.553293,23.719418],[119.551686,23.718708],[119.551014,23.719009],[119.551044,23.720402],[119.552124,23.720839]]],[[[119.612325,23.756025],[119.611624,23.753949],[119.612471,23.752856],[119.614107,23.751846],[119.61656,23.7516],[119.619014,23.750043],[119.620387,23.749797],[119.621467,23.748376],[119.622782,23.748021],[119.623249,23.745781],[119.622869,23.744934],[119.623629,23.744033],[119.623132,23.742749],[119.622431,23.743022],[119.621058,23.742448],[119.620357,23.742967],[119.61878,23.741082],[119.619744,23.740399],[119.617991,23.740782],[119.618196,23.741738],[119.616473,23.741956],[119.615012,23.740672],[119.613815,23.74029],[119.612938,23.740618],[119.612266,23.74171],[119.611186,23.741246],[119.610514,23.739552],[119.61434,23.738623],[119.614983,23.737449],[119.60993,23.739061],[119.608528,23.738651],[119.606425,23.736793],[119.60511,23.734007],[119.60476,23.732641],[119.603358,23.731821],[119.603036,23.730291],[119.603328,23.727887],[119.603971,23.726876],[119.603065,23.725374],[119.601401,23.726084],[119.601985,23.730155],[119.600203,23.734772],[119.598596,23.736219],[119.596552,23.736547],[119.595851,23.737695],[119.597048,23.739853],[119.597399,23.741902],[119.59959,23.742967],[119.60143,23.743432],[119.603036,23.744442],[119.604059,23.745617],[119.605227,23.749578],[119.606687,23.752255],[119.608586,23.752392],[119.608644,23.753485],[119.605548,23.752365],[119.605724,23.753348],[119.608294,23.754277],[119.607885,23.755342],[119.609754,23.755943],[119.611449,23.757856],[119.612325,23.756025]]],[[[119.606249,23.775668],[119.6066,23.774384],[119.607768,23.772881],[119.607476,23.771023],[119.606191,23.769794],[119.604292,23.768947],[119.602598,23.767472],[119.601663,23.76556],[119.6007,23.761353],[119.600349,23.76168],[119.599385,23.760014],[119.599239,23.758347],[119.598071,23.757719],[119.596873,23.758648],[119.596756,23.761817],[119.597311,23.763675],[119.59883,23.765669],[119.59848,23.767035],[119.599531,23.767854],[119.598772,23.768811],[119.599706,23.769712],[119.60178,23.768974],[119.601634,23.770532],[119.603241,23.770996],[119.604175,23.771843],[119.604876,23.77411],[119.606074,23.774575],[119.606249,23.775668]]],[[[119.616151,23.253718],[119.619131,23.253035],[119.620679,23.253335],[119.621351,23.25298],[119.62138,23.25145],[119.62062,23.250959],[119.621088,23.250166],[119.619627,23.248719],[119.620211,23.247735],[119.621876,23.246533],[119.621555,23.244621],[119.61951,23.24544],[119.61805,23.244211],[119.616735,23.243719],[119.615187,23.244156],[119.614194,23.245222],[119.611828,23.245686],[119.609813,23.247298],[119.610105,23.248036],[119.608674,23.24891],[119.608732,23.251423],[119.611478,23.251997],[119.612821,23.253226],[119.614925,23.253062],[119.616151,23.253718]]],[[[119.677345,23.264072],[119.67825,23.263334],[119.679156,23.263553],[119.679127,23.26175],[119.680061,23.260165],[119.678689,23.260438],[119.678134,23.259673],[119.677871,23.257843],[119.678192,23.256477],[119.677024,23.254947],[119.674891,23.253991],[119.67308,23.251751],[119.672467,23.250494],[119.673314,23.249811],[119.672934,23.248882],[119.674044,23.248008],[119.674249,23.246697],[119.672584,23.246233],[119.672204,23.244129],[119.670977,23.244348],[119.67089,23.245686],[119.669575,23.246287],[119.669342,23.247708],[119.667647,23.24921],[119.666742,23.24932],[119.665924,23.248445],[119.666479,23.250221],[119.665019,23.250658],[119.66683,23.252543],[119.666245,23.253335],[119.667385,23.253144],[119.667852,23.255466],[119.666187,23.256778],[119.665428,23.258608],[119.666713,23.261449],[119.671532,23.263225],[119.674074,23.262596],[119.675359,23.262979],[119.676118,23.263771],[119.677345,23.264072]]],[[[119.660958,23.264372],[119.66163,23.263826],[119.661601,23.262842],[119.659936,23.259946],[119.658739,23.260821],[119.65833,23.26052],[119.656723,23.260957],[119.658885,23.264208],[119.660958,23.264372]]],[[[119.51976,23.264618],[119.521863,23.264345],[119.522068,23.262077],[119.521367,23.26123],[119.519556,23.260766],[119.518066,23.258198],[119.51646,23.256996],[119.51643,23.254811],[119.51351,23.255931],[119.511757,23.25522],[119.511377,23.255739],[119.512049,23.256832],[119.510793,23.257269],[119.512808,23.257488],[119.514181,23.259728],[119.514503,23.261504],[119.514035,23.262159],[119.515905,23.263716],[119.51868,23.265328],[119.51976,23.264618]]],[[[119.506762,23.272568],[119.509712,23.272568],[119.510998,23.270737],[119.510939,23.267159],[119.507288,23.267541],[119.50501,23.268197],[119.503754,23.269836],[119.50314,23.27254],[119.505302,23.272732],[119.506704,23.273305],[119.506762,23.272568]]],[[[119.336676,23.32237],[119.337523,23.321495],[119.337114,23.319556],[119.338428,23.318026],[119.337143,23.317152],[119.335537,23.317561],[119.334953,23.319009],[119.335128,23.321878],[119.335916,23.322725],[119.336676,23.32237]]],[[[119.537549,23.361954],[119.538133,23.360998],[119.537695,23.35996],[119.536439,23.360288],[119.535592,23.36149],[119.536439,23.363347],[119.537549,23.362746],[119.537549,23.361954]]],[[[119.537111,23.375258],[119.537578,23.374193],[119.54082,23.372745],[119.542018,23.369959],[119.542106,23.368839],[119.541492,23.367637],[119.543274,23.366926],[119.543829,23.364987],[119.541492,23.365096],[119.540236,23.366271],[119.537315,23.365506],[119.534307,23.366243],[119.533255,23.366954],[119.532116,23.366762],[119.531327,23.365752],[119.5301,23.365533],[119.529283,23.364768],[119.528027,23.36455],[119.527092,23.363675],[119.526975,23.362719],[119.525924,23.362801],[119.525836,23.361025],[119.526595,23.360342],[119.526332,23.358703],[119.525135,23.357255],[119.52382,23.357829],[119.524521,23.358539],[119.524492,23.360151],[119.522331,23.361135],[119.521308,23.361189],[119.520724,23.359851],[119.519585,23.362391],[119.52052,23.361244],[119.521338,23.362255],[119.519906,23.363484],[119.518592,23.36403],[119.519468,23.366708],[119.521162,23.367008],[119.52271,23.36597],[119.525281,23.366626],[119.527647,23.368702],[119.5268,23.370997],[119.526887,23.372144],[119.528173,23.372854],[119.529195,23.37168],[119.530422,23.371734],[119.531064,23.37269],[119.530831,23.373811],[119.532788,23.372363],[119.536001,23.373674],[119.535884,23.374903],[119.536731,23.37575],[119.537111,23.375258]]],[[[119.493706,23.397223],[119.494991,23.396977],[119.49502,23.39501],[119.496159,23.394409],[119.496743,23.394819],[119.498116,23.392059],[119.497532,23.390584],[119.49908,23.389819],[119.500424,23.389765],[119.501154,23.389109],[119.502614,23.390366],[119.502147,23.391267],[119.503403,23.392141],[119.504221,23.391786],[119.503958,23.393862],[119.505272,23.394873],[119.506236,23.394081],[119.505477,23.393289],[119.505857,23.39266],[119.507376,23.392278],[119.508047,23.390693],[119.507376,23.388699],[119.507259,23.386978],[119.507668,23.385148],[119.506996,23.384765],[119.506791,23.383372],[119.50723,23.382252],[119.508427,23.382416],[119.508486,23.380504],[119.50904,23.378864],[119.508339,23.377061],[119.508573,23.376433],[119.510238,23.375832],[119.511845,23.375805],[119.513042,23.377198],[119.512107,23.375067],[119.511465,23.374439],[119.510267,23.374439],[119.509771,23.373237],[119.508836,23.372964],[119.508252,23.372007],[119.509654,23.370423],[119.511085,23.37127],[119.512692,23.370724],[119.514152,23.371325],[119.513451,23.372062],[119.514357,23.372772],[119.51459,23.374931],[119.516372,23.37392],[119.516547,23.372445],[119.515262,23.371734],[119.514736,23.370396],[119.515992,23.370095],[119.5157,23.36892],[119.516284,23.367828],[119.513918,23.366708],[119.512721,23.366653],[119.511786,23.365588],[119.510443,23.366407],[119.509712,23.366298],[119.507638,23.364659],[119.508018,23.363566],[119.507989,23.361271],[119.508369,23.360534],[119.50831,23.358485],[119.509654,23.356299],[119.511027,23.355125],[119.513802,23.35354],[119.513101,23.352502],[119.511699,23.353458],[119.509917,23.353895],[119.507405,23.353895],[119.506061,23.35313],[119.506207,23.354305],[119.504893,23.355398],[119.503461,23.355698],[119.501738,23.35548],[119.499401,23.35425],[119.496919,23.354633],[119.494407,23.354005],[119.492683,23.353977],[119.490609,23.353103],[119.48912,23.354551],[119.487834,23.354687],[119.487426,23.35548],[119.486286,23.355999],[119.487834,23.357829],[119.490084,23.359605],[119.488798,23.360179],[119.489967,23.360561],[119.490054,23.361435],[119.491194,23.361872],[119.492187,23.363293],[119.494523,23.365314],[119.49464,23.366271],[119.493852,23.367555],[119.493326,23.370587],[119.494611,23.371734],[119.494845,23.372718],[119.493822,23.373811],[119.493501,23.375067],[119.49207,23.375313],[119.493735,23.377116],[119.493822,23.37799],[119.491749,23.379056],[119.491895,23.38064],[119.492771,23.381815],[119.493238,23.383427],[119.49502,23.384547],[119.495633,23.385694],[119.495925,23.387634],[119.493676,23.388645],[119.493151,23.389327],[119.493326,23.39053],[119.492917,23.392087],[119.492157,23.393016],[119.490668,23.393562],[119.489441,23.394655],[119.490463,23.395392],[119.490493,23.396403],[119.491749,23.397168],[119.493706,23.397223]]],[[[119.319705,23.411674],[119.320582,23.410827],[119.32137,23.411128],[119.324057,23.408724],[119.325109,23.408287],[119.324992,23.406893],[119.326745,23.406702],[119.327709,23.40744],[119.328965,23.407085],[119.330191,23.405965],[119.330688,23.404844],[119.329198,23.40326],[119.327563,23.402959],[119.327124,23.402085],[119.327679,23.400801],[119.324057,23.398889],[119.322159,23.39949],[119.319647,23.39796],[119.316755,23.399026],[119.315937,23.398343],[119.31471,23.399736],[119.315207,23.400747],[119.314564,23.400938],[119.314564,23.402987],[119.315353,23.402987],[119.316142,23.404407],[119.317018,23.404162],[119.317573,23.405145],[119.317106,23.406019],[119.318449,23.406866],[119.318829,23.409161],[119.318566,23.410199],[119.319121,23.411619],[119.319705,23.411674]]],[[[119.440252,23.221373],[119.446416,23.220662],[119.447964,23.219706],[119.446562,23.217111],[119.444867,23.2158],[119.443845,23.214516],[119.443407,23.212931],[119.443641,23.210664],[119.442998,23.208806],[119.443436,23.208369],[119.44218,23.20703],[119.443436,23.204626],[119.443027,23.203834],[119.44291,23.200419],[119.438996,23.201567],[119.437507,23.201211],[119.436514,23.201922],[119.435287,23.201184],[119.435725,23.200747],[119.433213,23.199108],[119.432483,23.199545],[119.433038,23.197906],[119.432045,23.197332],[119.429883,23.196759],[119.429124,23.193508],[119.43073,23.191349],[119.431577,23.191076],[119.431139,23.188044],[119.430467,23.186596],[119.429445,23.186787],[119.429124,23.188426],[119.427663,23.189601],[119.42372,23.19165],[119.422405,23.190639],[119.4215,23.191295],[119.421675,23.192715],[119.419747,23.192879],[119.42001,23.193344],[119.421617,23.193344],[119.421734,23.196076],[119.420361,23.196048],[119.41782,23.195365],[119.416271,23.193945],[119.41671,23.194874],[119.418521,23.19572],[119.419046,23.19725],[119.420186,23.197824],[119.420799,23.199381],[119.420156,23.200774],[119.420741,23.20184],[119.420624,23.203342],[119.418608,23.205528],[119.416476,23.206074],[119.415629,23.208779],[119.414519,23.209079],[119.413438,23.210527],[119.412796,23.210445],[119.412241,23.211756],[119.411452,23.211511],[119.409816,23.213942],[119.410342,23.213723],[119.409524,23.216291],[119.410196,23.216728],[119.41154,23.216127],[119.411481,23.214953],[119.412971,23.214242],[119.414957,23.216319],[119.414723,23.217329],[119.418287,23.217767],[119.419718,23.217439],[119.421442,23.218395],[119.423749,23.218969],[119.427751,23.219078],[119.42962,23.219979],[119.432862,23.220498],[119.436134,23.22058],[119.440252,23.221373]]]]}},{"type":"Feature","properties":{"COUNTYNAME":"南投縣","COUNTYID":"M","COUNTYCODE":"10008","COUNTYENG":"Nantou County"},"geometry":{"type":"Polygon","coordinates":[[[120.61555,23.840631],[120.616076,23.841205],[120.618851,23.841697],[120.619786,23.842516],[120.618267,23.842571],[120.61964,23.843472],[120.618325,23.844347],[120.620282,23.84421],[120.621334,23.844592],[120.621597,23.846587],[120.62332,23.846723],[120.62294,23.848007],[120.619581,23.84869],[120.620604,23.848991],[120.619464,23.849646],[120.621392,23.849373],[120.622707,23.848718],[120.623057,23.84981],[120.624839,23.851067],[120.624401,23.851996],[120.625949,23.852078],[120.62627,23.854127],[120.626066,23.855793],[120.627789,23.857487],[120.626679,23.857487],[120.626446,23.858607],[120.624868,23.85847],[120.624459,23.859727],[120.623028,23.860465],[120.623525,23.861967],[120.621947,23.863552],[120.620604,23.863715],[120.620078,23.865382],[120.620604,23.86795],[120.619903,23.868305],[120.621392,23.868769],[120.621538,23.869835],[120.623934,23.868933],[120.623758,23.871474],[120.625073,23.872075],[120.625803,23.873468],[120.625744,23.875244],[120.62481,23.877074],[120.626679,23.879424],[120.62703,23.882347],[120.627526,23.883603],[120.628198,23.883467],[120.6296,23.884805],[120.628958,23.885707],[120.629542,23.886882],[120.629425,23.889094],[120.627351,23.889668],[120.629542,23.889422],[120.630447,23.889832],[120.631966,23.889422],[120.632258,23.890433],[120.63404,23.891881],[120.632346,23.892045],[120.633134,23.893192],[120.634361,23.893411],[120.633806,23.894012],[120.634186,23.895241],[120.633134,23.895569],[120.63293,23.896744],[120.634361,23.896744],[120.63404,23.897727],[120.635062,23.898601],[120.633719,23.900377],[120.634858,23.901497],[120.63404,23.901634],[120.633485,23.902644],[120.631616,23.902808],[120.633018,23.904229],[120.632171,23.904529],[120.632638,23.905731],[120.632112,23.906742],[120.633514,23.906387],[120.633573,23.908026],[120.630506,23.908627],[120.631732,23.908764],[120.633018,23.909529],[120.631762,23.910458],[120.629863,23.910376],[120.629834,23.911195],[120.632141,23.910676],[120.633543,23.912452],[120.633047,23.9142],[120.634712,23.913108],[120.633368,23.915238],[120.63404,23.915594],[120.63439,23.916959],[120.633894,23.917724],[120.634887,23.917752],[120.634858,23.920074],[120.636523,23.919445],[120.636581,23.919964],[120.635384,23.921686],[120.637253,23.921904],[120.636961,23.923461],[120.637282,23.924554],[120.635822,23.925947],[120.634215,23.92663],[120.632755,23.928379],[120.631703,23.928488],[120.630973,23.929335],[120.628519,23.930154],[120.627818,23.931165],[120.62849,23.931384],[120.629775,23.93122],[120.630389,23.932613],[120.630915,23.932149],[120.632112,23.932886],[120.632696,23.93417],[120.632755,23.935645],[120.635354,23.936902],[120.6355,23.937448],[120.636873,23.935755],[120.636873,23.937121],[120.635296,23.93876],[120.633835,23.939579],[120.632726,23.941191],[120.630155,23.943049],[120.630739,23.94477],[120.631703,23.943786],[120.633368,23.942885],[120.634595,23.943786],[120.632726,23.945999],[120.628987,23.949824],[120.627555,23.952037],[120.628315,23.952638],[120.629396,23.952119],[120.63182,23.95343],[120.634069,23.952255],[120.633835,23.953375],[120.632784,23.954413],[120.630885,23.954468],[120.627789,23.955834],[120.626971,23.956435],[120.629659,23.956107],[120.630944,23.956353],[120.63147,23.955588],[120.634128,23.954195],[120.635267,23.952392],[120.636756,23.952692],[120.639561,23.955151],[120.64032,23.956162],[120.642657,23.958265],[120.642861,23.959522],[120.644234,23.96209],[120.646834,23.963374],[120.646571,23.96504],[120.646863,23.966925],[120.646951,23.971624],[120.646308,23.972963],[120.646834,23.975394],[120.650047,23.982961],[120.650105,23.984901],[120.645315,23.989627],[120.643562,23.990829],[120.637487,23.993725],[120.636347,23.9955],[120.636114,23.998396],[120.637837,24.002576],[120.638217,24.004106],[120.638071,24.007411],[120.640349,24.005718],[120.641547,24.008149],[120.642452,24.008941],[120.643299,24.00834],[120.646366,24.009132],[120.647301,24.008422],[120.649492,24.008094],[120.650835,24.008477],[120.661409,24.008313],[120.666141,24.007739],[120.667572,24.006892],[120.670376,24.006291],[120.671253,24.006565],[120.672567,24.005827],[120.673706,24.007712],[120.673064,24.008777],[120.671048,24.00987],[120.670698,24.010635],[120.673034,24.01028],[120.676248,24.010854],[120.677416,24.012083],[120.678643,24.014023],[120.67876,24.014214],[120.686003,24.010471],[120.688837,24.009269],[120.694883,24.007111],[120.706392,24.005171],[120.719244,24.009652],[120.722895,24.009624],[120.731716,24.008996],[120.733118,24.008395],[120.743634,24.002166],[120.745445,23.999134],[120.746029,23.99856],[120.747606,23.999134],[120.748745,24.001019],[120.751082,24.002849],[120.753127,24.00233],[120.754441,24.003341],[120.755872,24.003532],[120.756135,24.004488],[120.757625,24.005035],[120.757888,24.006045],[120.759553,24.006428],[120.762678,24.006237],[120.764489,24.007084],[120.767498,24.009051],[120.770535,24.009078],[120.770974,24.00957],[120.770419,24.010772],[120.77109,24.011345],[120.771441,24.014405],[120.773486,24.015935],[120.775121,24.018475],[120.776144,24.019213],[120.778101,24.019514],[120.779532,24.020087],[120.779736,24.021098],[120.781547,24.022327],[120.78292,24.023666],[120.783125,24.024786],[120.784644,24.024076],[120.784994,24.025578],[120.78476,24.0276],[120.785549,24.027682],[120.785461,24.028665],[120.787564,24.030332],[120.789463,24.031233],[120.791537,24.030687],[120.7918,24.031862],[120.79291,24.03249],[120.791479,24.033719],[120.791683,24.035249],[120.793465,24.037216],[120.794195,24.037544],[120.795772,24.040003],[120.796561,24.04033],[120.797437,24.041205],[120.797554,24.041669],[120.797496,24.04186],[120.79735,24.041997],[120.797291,24.042051],[120.796795,24.042161],[120.796736,24.042215],[120.796678,24.042325],[120.796619,24.042461],[120.79659,24.04257],[120.796707,24.043062],[120.797028,24.043663],[120.797759,24.044537],[120.798343,24.04533],[120.798869,24.045876],[120.799073,24.046286],[120.799131,24.046422],[120.799161,24.046477],[120.799248,24.04675],[120.799862,24.047597],[120.800387,24.048253],[120.80065,24.048635],[120.800679,24.048826],[120.800709,24.048936],[120.800709,24.048963],[120.800767,24.0491],[120.800796,24.049182],[120.800884,24.049345],[120.800942,24.049509],[120.80103,24.049646],[120.801088,24.049755],[120.801205,24.049974],[120.801264,24.050083],[120.801264,24.05011],[120.801381,24.050356],[120.80141,24.050493],[120.80141,24.050575],[120.801381,24.050821],[120.801351,24.050848],[120.801293,24.051012],[120.801264,24.051039],[120.801176,24.051121],[120.801118,24.051149],[120.80103,24.05123],[120.800942,24.051285],[120.800884,24.05134],[120.800884,24.051367],[120.800913,24.051422],[120.801059,24.051449],[120.801147,24.051449],[120.801351,24.051476],[120.801673,24.051531],[120.801936,24.051586],[120.802198,24.051613],[120.802461,24.05164],[120.802724,24.051695],[120.802753,24.051722],[120.802958,24.051831],[120.80325,24.052077],[120.803279,24.052132],[120.803396,24.052296],[120.803454,24.052487],[120.803484,24.052596],[120.803513,24.052788],[120.803542,24.053006],[120.803571,24.05317],[120.8036,24.053307],[120.803659,24.053361],[120.803688,24.053498],[120.8036,24.053662],[120.803513,24.053771],[120.803425,24.053962],[120.803367,24.054181],[120.803308,24.054536],[120.803308,24.054645],[120.803308,24.054673],[120.803338,24.054809],[120.803513,24.055274],[120.803513,24.055711],[120.803454,24.05582],[120.803425,24.055875],[120.803338,24.056011],[120.803308,24.056284],[120.803396,24.056421],[120.803425,24.056476],[120.803571,24.056694],[120.80363,24.056776],[120.803688,24.056858],[120.803746,24.056885],[120.803834,24.056995],[120.803951,24.057049],[120.804039,24.057077],[120.804418,24.057568],[120.804623,24.058033],[120.804623,24.058197],[120.804594,24.058443],[120.804623,24.05847],[120.804652,24.058607],[120.804769,24.05888],[120.804798,24.059016],[120.805265,24.059481],[120.805295,24.059535],[120.805353,24.05959],[120.805411,24.059672],[120.805441,24.059754],[120.805557,24.05989],[120.805587,24.059918],[120.805645,24.06],[120.805704,24.06],[120.806258,24.060437],[120.806463,24.060683],[120.806638,24.061038],[120.806667,24.061147],[120.806726,24.061284],[120.806843,24.061775],[120.806872,24.061939],[120.80693,24.062049],[120.806989,24.062185],[120.807018,24.062213],[120.807135,24.062376],[120.807252,24.06265],[120.807281,24.062814],[120.807281,24.062896],[120.807252,24.063059],[120.807193,24.063169],[120.807135,24.063305],[120.807106,24.06336],[120.807047,24.063442],[120.806989,24.063606],[120.80696,24.063633],[120.80693,24.063715],[120.806843,24.063906],[120.806872,24.064016],[120.806989,24.064261],[120.807076,24.064371],[120.807252,24.064562],[120.807398,24.064699],[120.807485,24.064753],[120.807514,24.064781],[120.807631,24.06489],[120.807661,24.064944],[120.807719,24.065026],[120.807777,24.065136],[120.807923,24.0653],[120.808566,24.065709],[120.808654,24.065846],[120.808683,24.065928],[120.8088,24.066064],[120.808829,24.066092],[120.808858,24.066146],[120.808917,24.066174],[120.809004,24.066201],[120.809033,24.066228],[120.809121,24.066256],[120.809296,24.066256],[120.810348,24.066174],[120.810698,24.066119],[120.810961,24.066037],[120.811049,24.065983],[120.811195,24.065983],[120.811253,24.065983],[120.81137,24.065983],[120.811458,24.065983],[120.811575,24.06601],[120.811633,24.065983],[120.81175,24.06601],[120.811837,24.066064],[120.811925,24.066146],[120.812013,24.066228],[120.8121,24.066338],[120.812188,24.066502],[120.812334,24.067103],[120.812889,24.068086],[120.813298,24.068359],[120.813911,24.069179],[120.814116,24.069561],[120.814671,24.069916],[120.814758,24.069889],[120.814904,24.069862],[120.815051,24.069753],[120.815459,24.069042],[120.815547,24.068933],[120.816073,24.068578],[120.816628,24.068469],[120.817825,24.068469],[120.818965,24.068496],[120.819227,24.068469],[120.819549,24.068742],[120.819987,24.069097],[120.820454,24.069671],[120.820659,24.06978],[120.820746,24.069807],[120.820805,24.06978],[120.821389,24.069698],[120.822119,24.06978],[120.82244,24.069807],[120.822528,24.069834],[120.822587,24.069862],[120.822645,24.069944],[120.822762,24.070162],[120.823025,24.070381],[120.825215,24.071036],[120.825683,24.071173],[120.826355,24.071228],[120.827231,24.071228],[120.828604,24.071419],[120.829246,24.071474],[120.829275,24.071501],[120.829392,24.071993],[120.829422,24.072266],[120.829071,24.073167],[120.829042,24.073331],[120.829042,24.073714],[120.829129,24.074178],[120.8291,24.074397],[120.828896,24.075107],[120.828808,24.075544],[120.828633,24.075981],[120.828487,24.076282],[120.828428,24.076555],[120.828312,24.077566],[120.828282,24.078413],[120.828574,24.079915],[120.828574,24.08027],[120.828574,24.080297],[120.828574,24.080407],[120.828574,24.080461],[120.828604,24.080543],[120.828516,24.080817],[120.828428,24.081008],[120.828428,24.081172],[120.828458,24.081226],[120.828487,24.081445],[120.828487,24.082237],[120.828896,24.083548],[120.82875,24.083849],[120.828691,24.084013],[120.828691,24.084532],[120.828633,24.084914],[120.828224,24.086116],[120.828107,24.087127],[120.828166,24.087537],[120.828195,24.08781],[120.828166,24.087947],[120.828136,24.088193],[120.828253,24.088466],[120.828253,24.089285],[120.82837,24.089613],[120.828545,24.09046],[120.828458,24.091307],[120.828428,24.092208],[120.828312,24.092891],[120.82837,24.093957],[120.828662,24.094694],[120.828925,24.094831],[120.829626,24.094886],[120.829947,24.094995],[120.83097,24.096224],[120.831262,24.096525],[120.831583,24.096853],[120.831671,24.096989],[120.831729,24.097208],[120.831963,24.097618],[120.83208,24.097754],[120.832342,24.098027],[120.832489,24.098738],[120.832459,24.099393],[120.832342,24.099721],[120.831495,24.101142],[120.831086,24.101551],[120.830619,24.101879],[120.830327,24.102125],[120.830269,24.102426],[120.830298,24.102453],[120.830327,24.102589],[120.830385,24.102753],[120.830444,24.102945],[120.830531,24.103081],[120.830707,24.103327],[120.831525,24.10401],[120.831729,24.104119],[120.831992,24.104174],[120.832167,24.104256],[120.832284,24.104338],[120.832372,24.104474],[120.832664,24.104994],[120.832751,24.105103],[120.83316,24.10554],[120.833365,24.105895],[120.83354,24.106086],[120.833832,24.106305],[120.83392,24.106441],[120.834007,24.106605],[120.834066,24.106742],[120.834124,24.106933],[120.834124,24.106988],[120.834153,24.107261],[120.834416,24.107534],[120.834533,24.107725],[120.834562,24.107835],[120.834562,24.108026],[120.834562,24.108108],[120.834562,24.108244],[120.834562,24.108381],[120.834562,24.108436],[120.834504,24.108572],[120.834446,24.108764],[120.834329,24.108927],[120.834241,24.109009],[120.834037,24.109337],[120.834153,24.109802],[120.834212,24.109966],[120.8343,24.110184],[120.834358,24.110321],[120.834533,24.110567],[120.834533,24.110703],[120.834533,24.11084],[120.834533,24.111004],[120.834504,24.112014],[120.834533,24.112178],[120.834533,24.112233],[120.834504,24.112397],[120.834504,24.112533],[120.834504,24.11267],[120.834475,24.112834],[120.834475,24.112916],[120.834475,24.113025],[120.834504,24.113107],[120.834533,24.113134],[120.834592,24.113216],[120.83465,24.113326],[120.834796,24.113435],[120.835088,24.113544],[120.835439,24.114145],[120.835556,24.114446],[120.835556,24.1145],[120.835526,24.114582],[120.835585,24.114883],[120.835789,24.115211],[120.835818,24.115347],[120.835877,24.115566],[120.835877,24.115702],[120.835877,24.115894],[120.835906,24.116003],[120.835994,24.11614],[120.836081,24.116167],[120.836198,24.116221],[120.836344,24.116413],[120.836315,24.116522],[120.836257,24.116659],[120.836227,24.116823],[120.836257,24.116904],[120.836315,24.116986],[120.837659,24.117751],[120.837717,24.117861],[120.837746,24.117888],[120.838652,24.119063],[120.839499,24.119172],[120.840463,24.12021],[120.842128,24.120674],[120.842975,24.123051],[120.844844,24.124526],[120.846947,24.124007],[120.848904,24.123871],[120.850365,24.124526],[120.853841,24.124526],[120.856148,24.121549],[120.856353,24.120019],[120.856937,24.119718],[120.8572,24.117314],[120.858485,24.116276],[120.860179,24.115894],[120.863655,24.115757],[120.865524,24.115484],[120.867365,24.116303],[120.868854,24.117615],[120.869584,24.117123],[120.872242,24.116932],[120.872827,24.115894],[120.873849,24.11532],[120.874258,24.113408],[120.875163,24.112971],[120.877646,24.109774],[120.879165,24.109228],[120.878873,24.107725],[120.879311,24.105922],[120.880187,24.105376],[120.880129,24.104365],[120.881473,24.100513],[120.879779,24.099311],[120.879019,24.097973],[120.878961,24.096853],[120.87823,24.095323],[120.878201,24.093492],[120.876858,24.09117],[120.877559,24.087646],[120.878055,24.086608],[120.878026,24.085024],[120.879253,24.085843],[120.880333,24.088575],[120.881998,24.088329],[120.882992,24.09046],[120.884949,24.093001],[120.885445,24.094749],[120.886789,24.095842],[120.887957,24.095896],[120.890031,24.096661],[120.891083,24.097426],[120.891521,24.098683],[120.890936,24.101142],[120.891258,24.102426],[120.894208,24.106551],[120.893741,24.10931],[120.894208,24.110348],[120.89377,24.111113],[120.891083,24.112233],[120.890148,24.1142],[120.891053,24.115648],[120.89266,24.116221],[120.893595,24.11603],[120.896136,24.116467],[120.898706,24.115566],[120.899904,24.115566],[120.902825,24.114692],[120.904869,24.114473],[120.906856,24.112342],[120.907089,24.11073],[120.909543,24.109228],[120.911208,24.108791],[120.913223,24.108982],[120.914567,24.107561],[120.916728,24.107753],[120.919883,24.107452],[120.921227,24.108764],[120.923096,24.109911],[120.925258,24.110539],[120.927156,24.111714],[120.929201,24.112096],[120.931859,24.112206],[120.934955,24.115265],[120.937467,24.117205],[120.938928,24.117861],[120.941235,24.120073],[120.944507,24.12286],[120.948391,24.124963],[120.949443,24.127531],[120.950115,24.127859],[120.952627,24.126848],[120.954262,24.12551],[120.955402,24.125237],[120.957067,24.124199],[120.960075,24.120893],[120.961214,24.120155],[120.963989,24.119882],[120.967027,24.120292],[120.97097,24.120265],[120.974446,24.118899],[120.975206,24.116959],[120.976462,24.116932],[120.97909,24.11827],[120.983706,24.119145],[120.985224,24.120183],[120.987678,24.119472],[120.988963,24.118735],[120.991884,24.120866],[120.992205,24.122204],[120.991621,24.124199],[120.99203,24.125264],[120.993666,24.125619],[120.996003,24.126575],[120.998632,24.126903],[120.999771,24.12816],[121.000501,24.132421],[121.002721,24.133104],[121.00348,24.133869],[121.00459,24.137612],[121.005817,24.139115],[121.006869,24.141136],[121.007511,24.143622],[121.007102,24.144906],[121.008154,24.147037],[121.009702,24.148294],[121.010607,24.150479],[121.012097,24.152173],[121.012243,24.153348],[121.013382,24.153539],[121.015515,24.155997],[121.017413,24.156981],[121.019896,24.158866],[121.023343,24.157964],[121.025592,24.158101],[121.027374,24.158757],[121.027782,24.159576],[121.029564,24.157664],[121.030061,24.155041],[121.031229,24.153539],[121.031346,24.152583],[121.030879,24.149632],[121.031492,24.148977],[121.03342,24.148567],[121.035581,24.150752],[121.035757,24.153074],[121.037772,24.157882],[121.040781,24.158593],[121.042884,24.15862],[121.04414,24.159658],[121.047586,24.160041],[121.050683,24.158101],[121.051734,24.155478],[121.052581,24.154768],[121.057956,24.159248],[121.058803,24.160286],[121.059299,24.162663],[121.061373,24.163237],[121.064294,24.162882],[121.06555,24.163865],[121.066339,24.165532],[121.06739,24.165777],[121.068646,24.167007],[121.069844,24.167553],[121.070136,24.168373],[121.072414,24.169875],[121.074664,24.169957],[121.076621,24.171706],[121.079103,24.173072],[121.080798,24.174629],[121.081236,24.17553],[121.084858,24.175913],[121.087107,24.177962],[121.088889,24.180584],[121.091342,24.182715],[121.09105,24.184819],[121.093971,24.187906],[121.094409,24.190146],[121.096337,24.192058],[121.101419,24.194899],[121.101974,24.195801],[121.104369,24.196047],[121.105684,24.197194],[121.107407,24.197795],[121.109335,24.198013],[121.111321,24.197686],[121.113395,24.196839],[121.11874,24.197194],[121.122567,24.196101],[121.127211,24.196757],[121.12873,24.196101],[121.132294,24.196893],[121.135302,24.19621],[121.136354,24.196347],[121.137814,24.197604],[121.140268,24.198778],[121.141349,24.199653],[121.142546,24.201592],[121.14316,24.204297],[121.143013,24.20528],[121.144094,24.207056],[121.146168,24.208941],[121.148125,24.213066],[121.151426,24.212875],[121.156508,24.214732],[121.158582,24.214596],[121.161123,24.215361],[121.163957,24.219622],[121.164366,24.221781],[121.166673,24.223666],[121.167695,24.225387],[121.170178,24.223474],[121.173508,24.220333],[121.174998,24.218257],[121.177685,24.215743],[121.178532,24.214022],[121.180752,24.212274],[121.182388,24.212301],[121.185192,24.214459],[121.188493,24.214924],[121.190187,24.215689],[121.191852,24.216918],[121.191793,24.218065],[121.193809,24.220579],[121.1967,24.223147],[121.198424,24.222901],[121.201578,24.221644],[121.205054,24.222081],[121.208092,24.221671],[121.212678,24.224239],[121.215832,24.225332],[121.217351,24.226889],[121.218052,24.228201],[121.219717,24.229239],[121.221645,24.227818],[121.228334,24.224731],[121.228246,24.225742],[121.230612,24.226097],[121.230905,24.225141],[121.230408,24.223529],[121.232511,24.2223],[121.235899,24.221234],[121.237944,24.219704],[121.240748,24.221699],[121.244136,24.222491],[121.244867,24.22495],[121.24621,24.226479],[121.247116,24.228228],[121.248751,24.23249],[121.251205,24.238008],[121.253191,24.241013],[121.255061,24.243226],[121.256813,24.2444],[121.25877,24.245138],[121.261487,24.245712],[121.264963,24.245876],[121.265401,24.245684],[121.266365,24.242434],[121.265868,24.241232],[121.266598,24.240549],[121.268497,24.239948],[121.268906,24.237926],[121.270483,24.236806],[121.272616,24.236123],[121.273258,24.236451],[121.27393,24.235686],[121.276617,24.235577],[121.277114,24.234921],[121.277756,24.231889],[121.279217,24.230905],[121.280181,24.229758],[121.280882,24.230659],[121.282751,24.231042],[121.284066,24.22973],[121.285789,24.229129],[121.289353,24.23014],[121.2902,24.22973],[121.291017,24.230167],[121.293121,24.229157],[121.294084,24.229676],[121.29499,24.231998],[121.295691,24.232626],[121.298846,24.233336],[121.298057,24.234183],[121.298904,24.235768],[121.300861,24.236642],[121.302351,24.236451],[121.303665,24.233746],[121.305914,24.233692],[121.308806,24.234948],[121.314064,24.235003],[121.31643,24.234375],[121.319409,24.231943],[121.322067,24.232052],[121.324433,24.233009],[121.326507,24.232517],[121.330216,24.231178],[121.33156,24.229949],[121.332962,24.229867],[121.335679,24.228583],[121.339125,24.226698],[121.34301,24.223556],[121.343302,24.222136],[121.346282,24.21659],[121.347859,24.212574],[121.349261,24.210662],[121.34929,24.209323],[121.348355,24.207329],[121.349144,24.204461],[121.34967,24.200226],[121.349232,24.199598],[121.347421,24.199926],[121.34485,24.199898],[121.344062,24.19927],[121.340878,24.198451],[121.3386,24.199188],[121.335795,24.199106],[121.333955,24.198314],[121.330684,24.197768],[121.328814,24.19662],[121.325777,24.196183],[121.32417,24.194681],[121.323002,24.191976],[121.32049,24.191457],[121.31865,24.189271],[121.317364,24.188124],[121.316108,24.185529],[121.311026,24.183234],[121.307608,24.180611],[121.305651,24.180065],[121.300248,24.179929],[121.298787,24.180092],[121.29645,24.178317],[121.294815,24.177634],[121.291718,24.177115],[121.288097,24.177661],[121.286198,24.177361],[121.286198,24.176022],[121.287658,24.17329],[121.288272,24.166242],[121.287921,24.161652],[121.288389,24.158265],[121.287804,24.157199],[121.284825,24.157281],[121.281963,24.158183],[121.280327,24.157855],[121.281028,24.154468],[121.283219,24.153839],[121.284504,24.152856],[121.284679,24.152036],[121.28427,24.148731],[121.284241,24.145862],[121.283627,24.143322],[121.282079,24.139716],[121.281816,24.136847],[121.281349,24.135864],[121.284825,24.134716],[121.286519,24.13447],[121.290813,24.133432],[121.295866,24.132449],[121.296684,24.131137],[121.298437,24.1304],[121.301474,24.127477],[121.303548,24.124581],[121.305272,24.123488],[121.307988,24.122423],[121.311639,24.120183],[121.314414,24.118025],[121.315875,24.116413],[121.319701,24.116577],[121.323119,24.115976],[121.32528,24.115948],[121.327149,24.114746],[121.328376,24.114637],[121.328055,24.111468],[121.326945,24.110266],[121.326186,24.107425],[121.326478,24.106004],[121.325222,24.101825],[121.32233,24.099475],[121.319117,24.095405],[121.319205,24.092755],[121.321132,24.088876],[121.323294,24.086553],[121.323119,24.084942],[121.320782,24.082428],[121.319497,24.081554],[121.318387,24.080052],[121.31605,24.078522],[121.314356,24.07773],[121.311961,24.075653],[121.309974,24.074806],[121.308193,24.073304],[121.30644,24.070873],[121.30606,24.069479],[121.302321,24.066365],[121.301387,24.065026],[121.301036,24.063715],[121.299868,24.062158],[121.298933,24.061639],[121.29648,24.06295],[121.295545,24.06377],[121.293383,24.061612],[121.290521,24.060355],[121.289411,24.05888],[121.287775,24.058716],[121.286461,24.057951],[121.28465,24.055192],[121.283219,24.05429],[121.282605,24.051285],[121.284591,24.049154],[121.284883,24.047023],[121.285614,24.045193],[121.285468,24.041833],[121.285731,24.039729],[121.282255,24.034238],[121.281846,24.032162],[121.280181,24.030605],[121.278662,24.026808],[121.276617,24.024622],[121.276325,24.020142],[121.273959,24.01629],[121.273784,24.01517],[121.271798,24.013121],[121.271389,24.0114],[121.270308,24.010034],[121.269578,24.007903],[121.270045,24.006701],[121.269432,24.006346],[121.268,24.003778],[121.26543,24.001019],[121.265021,23.999516],[121.263911,23.997768],[121.261253,23.994462],[121.260114,23.992304],[121.260056,23.989846],[121.260786,23.988644],[121.261399,23.984846],[121.261282,23.982442],[121.261604,23.98124],[121.26321,23.9787],[121.264028,23.976323],[121.264846,23.975367],[121.26987,23.975203],[121.2732,23.975367],[121.273901,23.97482],[121.275069,23.97187],[121.275624,23.968373],[121.277932,23.965832],[121.276267,23.963401],[121.275244,23.960423],[121.275186,23.958183],[121.275829,23.955861],[121.27539,23.953512],[121.274689,23.951436],[121.271827,23.948239],[121.272849,23.946627],[121.27428,23.945726],[121.273521,23.943704],[121.274018,23.941983],[121.273141,23.939634],[121.272061,23.938213],[121.273842,23.936219],[121.273696,23.934143],[121.274835,23.931548],[121.274602,23.92999],[121.273404,23.928488],[121.274543,23.926521],[121.275244,23.924773],[121.27653,23.923161],[121.275128,23.918899],[121.275244,23.917424],[121.276237,23.916413],[121.275449,23.914692],[121.27539,23.912069],[121.276121,23.91013],[121.274894,23.907535],[121.270454,23.906496],[121.266248,23.907261],[121.26543,23.906087],[121.262947,23.904529],[121.261049,23.90259],[121.262714,23.900131],[121.262334,23.89923],[121.26432,23.898601],[121.26654,23.89841],[121.265226,23.896416],[121.266043,23.894203],[121.265459,23.8924],[121.265488,23.891253],[121.267416,23.889012],[121.267358,23.887182],[121.267767,23.885516],[121.268351,23.884942],[121.268293,23.883439],[121.265488,23.883139],[121.263385,23.881227],[121.262918,23.879506],[121.264232,23.876637],[121.264495,23.874779],[121.265226,23.872894],[121.261662,23.872266],[121.260056,23.872649],[121.257952,23.872321],[121.256959,23.869452],[121.253016,23.867895],[121.252666,23.865355],[121.252958,23.863661],[121.25214,23.861311],[121.250416,23.860847],[121.249891,23.859071],[121.250212,23.85664],[121.249365,23.854372],[121.24881,23.853908],[121.248927,23.852132],[121.247116,23.850493],[121.244516,23.848936],[121.243844,23.847543],[121.244049,23.846232],[121.243494,23.844975],[121.241683,23.842871],[121.239755,23.841068],[121.239317,23.840112],[121.239288,23.837134],[121.23771,23.83249],[121.238119,23.830141],[121.237243,23.826398],[121.236688,23.825223],[121.236951,23.823803],[121.239083,23.821809],[121.238061,23.821508],[121.234906,23.818121],[121.234673,23.81752],[121.234556,23.812193],[121.232131,23.810362],[121.230496,23.810226],[121.229269,23.808832],[121.227604,23.808614],[121.227516,23.807002],[121.227925,23.805336],[121.226465,23.804407],[121.225501,23.798233],[121.226582,23.796102],[121.226377,23.793397],[121.227049,23.791294],[121.23032,23.790283],[121.230496,23.788289],[121.228363,23.785229],[121.226289,23.783672],[121.223631,23.782388],[121.219425,23.78165],[121.218257,23.779711],[121.21297,23.776924],[121.211743,23.775586],[121.209202,23.775995],[121.206982,23.775094],[121.206632,23.773427],[121.205638,23.772417],[121.204645,23.772389],[121.205317,23.771105],[121.206661,23.767417],[121.208618,23.765997],[121.208004,23.76433],[121.206456,23.762882],[121.208034,23.761926],[121.210955,23.761107],[121.21186,23.760096],[121.213174,23.75761],[121.214752,23.757118],[121.217497,23.756954],[121.218637,23.756408],[121.220009,23.754222],[121.221499,23.75272],[121.223193,23.752693],[121.225209,23.751764],[121.226903,23.752064],[121.228451,23.751846],[121.229327,23.752255],[121.230642,23.750971],[121.232511,23.750589],[121.2333,23.74895],[121.233066,23.747966],[121.230057,23.747174],[121.228831,23.744278],[121.228918,23.73988],[121.228422,23.736465],[121.228714,23.734853],[121.229707,23.733187],[121.22997,23.731411],[121.229649,23.730182],[121.232248,23.729526],[121.233154,23.730045],[121.233738,23.727587],[121.235198,23.725347],[121.236221,23.724363],[121.239404,23.724336],[121.238791,23.723134],[121.237798,23.719856],[121.239288,23.717014],[121.239551,23.715403],[121.238908,23.713955],[121.239258,23.71095],[121.241186,23.70901],[121.241128,23.705814],[121.240427,23.702672],[121.239346,23.699804],[121.241215,23.698465],[121.240164,23.69699],[121.239375,23.694668],[121.239258,23.691936],[121.239463,23.688384],[121.239317,23.686745],[121.237389,23.685106],[121.236016,23.682347],[121.234293,23.680954],[121.233679,23.679315],[121.232686,23.678058],[121.232628,23.67631],[121.234614,23.673824],[121.236016,23.670518],[121.236045,23.664672],[121.235432,23.661421],[121.234176,23.660492],[121.231927,23.65787],[121.231664,23.655247],[121.230671,23.653553],[121.231167,23.65134],[121.230437,23.650193],[121.230233,23.64798],[121.227721,23.645166],[121.22515,23.640085],[121.224245,23.639129],[121.224011,23.632928],[121.2248,23.630414],[121.224975,23.628775],[121.224712,23.626808],[121.223777,23.623585],[121.222288,23.621563],[121.220886,23.619214],[121.219951,23.616919],[121.217322,23.614706],[121.217088,23.612603],[121.216504,23.610745],[121.215949,23.607275],[121.214723,23.6055],[121.214051,23.602358],[121.21335,23.600309],[121.21002,23.598643],[121.20815,23.598233],[121.206807,23.596129],[121.206223,23.595774],[121.202747,23.596102],[121.201754,23.596785],[121.200118,23.596403],[121.196817,23.598506],[121.194568,23.600528],[121.193663,23.600337],[121.190917,23.597933],[121.189807,23.596457],[121.189398,23.594791],[121.185864,23.593698],[121.183615,23.593234],[121.1823,23.591239],[121.181015,23.590283],[121.179847,23.590092],[121.180022,23.587442],[121.179116,23.585202],[121.178824,23.583126],[121.177159,23.582607],[121.175377,23.583727],[121.171084,23.584437],[121.170353,23.585885],[121.16939,23.586595],[121.166761,23.587142],[121.164687,23.587196],[121.162438,23.586896],[121.16051,23.587032],[121.158202,23.585748],[121.155574,23.587032],[121.153383,23.586759],[121.152419,23.584109],[121.151981,23.581268],[121.151922,23.573892],[121.153412,23.571679],[121.155106,23.57086],[121.157151,23.570505],[121.15829,23.569849],[121.160335,23.569767],[121.160335,23.567827],[121.158027,23.564057],[121.157647,23.560888],[121.157151,23.55955],[121.155515,23.559987],[121.153324,23.559878],[121.152039,23.560533],[121.151192,23.55985],[121.149965,23.557364],[121.148008,23.556572],[121.146314,23.554878],[121.146256,23.554195],[121.147658,23.552939],[121.148943,23.549797],[121.149556,23.548923],[121.150871,23.545781],[121.151046,23.544361],[121.150111,23.543213],[121.148388,23.539225],[121.1483,23.536356],[121.146869,23.534116],[121.149089,23.53163],[121.150754,23.528816],[121.151104,23.527259],[121.150637,23.526549],[121.149498,23.527068],[121.148067,23.526849],[121.146957,23.527205],[121.144416,23.525593],[121.142955,23.524008],[121.1398,23.521877],[121.13834,23.520593],[121.136295,23.517288],[121.135565,23.515266],[121.132907,23.514829],[121.132264,23.51513],[121.131125,23.517479],[121.128263,23.51849],[121.126335,23.517042],[121.120435,23.521003],[121.118069,23.521632],[121.1169,23.521522],[121.115498,23.520238],[121.109627,23.519009],[121.106706,23.519419],[121.105772,23.519036],[121.103698,23.518927],[121.102237,23.519692],[121.10101,23.521249],[121.098352,23.521331],[121.097564,23.521686],[121.09587,23.520457],[121.093095,23.517534],[121.092102,23.514857],[121.0881,23.514064],[121.085734,23.514501],[121.082755,23.51472],[121.080213,23.515512],[121.078665,23.516414],[121.075043,23.517397],[121.073115,23.517452],[121.06853,23.518463],[121.068763,23.514775],[121.067945,23.511961],[121.066105,23.507972],[121.066018,23.506115],[121.063768,23.504749],[121.06298,23.50382],[121.062863,23.501552],[121.062103,23.499449],[121.058423,23.497373],[121.057226,23.496171],[121.05486,23.496034],[121.0541,23.495597],[121.052786,23.493575],[121.054159,23.489887],[121.053341,23.487483],[121.050098,23.486527],[121.048726,23.482703],[121.047557,23.482265],[121.046944,23.481391],[121.044958,23.480517],[121.043088,23.478058],[121.041569,23.476884],[121.038999,23.474425],[121.03897,23.473715],[121.042446,23.471966],[121.044403,23.470136],[121.049631,23.467814],[121.049777,23.467049],[121.051121,23.464481],[121.051763,23.464099],[121.054129,23.463771],[121.055677,23.462705],[121.059007,23.461886],[121.058131,23.460028],[121.055677,23.459045],[121.053253,23.455439],[121.053341,23.453444],[121.052055,23.451013],[121.051588,23.450767],[121.046476,23.450876],[121.043964,23.448964],[121.040781,23.448226],[121.039291,23.447653],[121.037538,23.446451],[121.034939,23.446041],[121.033537,23.44544],[121.03377,23.444183],[121.032748,23.443009],[121.031434,23.442216],[121.028659,23.441615],[121.026526,23.439157],[121.024044,23.439157],[121.021882,23.438883],[121.021094,23.437654],[121.018523,23.43596],[121.015252,23.435414],[121.014142,23.4379],[121.012214,23.439403],[121.010578,23.441233],[121.010374,23.443364],[121.010637,23.446478],[121.012886,23.448746],[121.014346,23.44921],[121.015544,23.450549],[121.015836,23.451614],[121.014638,23.454646],[121.011717,23.457187],[121.010432,23.459591],[121.008446,23.462077],[121.007102,23.462897],[121.003831,23.462951],[120.999712,23.462159],[120.996616,23.463361],[120.993958,23.463771],[120.991008,23.464863],[120.98981,23.465],[120.986393,23.466284],[120.983559,23.467022],[120.982187,23.46847],[120.980522,23.469207],[120.979061,23.469371],[120.97652,23.468989],[120.971846,23.46918],[120.970649,23.469043],[120.969276,23.470573],[120.967816,23.471529],[120.966706,23.47172],[120.965216,23.47071],[120.96139,23.470764],[120.958878,23.469644],[120.957534,23.469508],[120.956891,23.469617],[120.953941,23.468743],[120.951283,23.467513],[120.949122,23.467568],[120.947515,23.467104],[120.945178,23.467759],[120.941586,23.469835],[120.939336,23.47213],[120.937934,23.47295],[120.934663,23.473114],[120.932385,23.471147],[120.930778,23.47071],[120.926484,23.472977],[120.923534,23.473687],[120.92073,23.474944],[120.919211,23.474862],[120.917488,23.475682],[120.915443,23.474671],[120.914655,23.474698],[120.911325,23.476064],[120.910215,23.476228],[120.908053,23.475818],[120.90668,23.476037],[120.901978,23.476091],[120.899641,23.475354],[120.898297,23.475791],[120.896019,23.475873],[120.894617,23.475545],[120.891784,23.475682],[120.887139,23.4756],[120.884277,23.474288],[120.884131,23.473168],[120.883196,23.472158],[120.882057,23.470027],[120.881882,23.468278],[120.880801,23.467623],[120.876536,23.467814],[120.87309,23.468524],[120.871162,23.469617],[120.868328,23.470628],[120.866693,23.472321],[120.863567,23.473469],[120.862428,23.473496],[120.858134,23.472868],[120.856207,23.473414],[120.852994,23.473168],[120.849927,23.472212],[120.848729,23.472158],[120.846567,23.473086],[120.844085,23.472813],[120.842537,23.47325],[120.841456,23.472922],[120.838973,23.471229],[120.835994,23.472567],[120.834884,23.473687],[120.832635,23.474726],[120.831671,23.477676],[120.829889,23.480708],[120.828224,23.481856],[120.827056,23.483386],[120.826179,23.488494],[120.825303,23.489696],[120.825449,23.494805],[120.824631,23.496608],[120.823755,23.49699],[120.82282,23.49893],[120.82355,23.501252],[120.824076,23.50412],[120.823959,23.505814],[120.823171,23.507289],[120.822791,23.509038],[120.823171,23.51095],[120.81987,23.514556],[120.819549,23.515594],[120.819753,23.517479],[120.819111,23.519528],[120.820367,23.521276],[120.818147,23.523462],[120.817183,23.525402],[120.814379,23.529035],[120.814203,23.5298],[120.81248,23.532532],[120.810961,23.534499],[120.808624,23.536192],[120.808975,23.537613],[120.808332,23.539307],[120.808186,23.542148],[120.808829,23.545863],[120.809939,23.547038],[120.809997,23.547885],[120.811312,23.549442],[120.811516,23.551081],[120.814612,23.551791],[120.815898,23.553676],[120.814583,23.55466],[120.813999,23.555998],[120.815898,23.557392],[120.816657,23.558539],[120.819023,23.560506],[120.820659,23.562637],[120.819928,23.564522],[120.821477,23.568237],[120.821068,23.570013],[120.821886,23.570914],[120.820454,23.572827],[120.819549,23.574876],[120.81987,23.577471],[120.820308,23.578809],[120.821623,23.580093],[120.821301,23.581241],[120.823726,23.584109],[120.82469,23.584219],[120.824631,23.585339],[120.825391,23.586541],[120.823696,23.587142],[120.820688,23.589546],[120.81987,23.590447],[120.818643,23.593725],[120.817679,23.594299],[120.816891,23.595583],[120.818585,23.598233],[120.81765,23.599599],[120.813795,23.600938],[120.811283,23.600145],[120.809793,23.598697],[120.805119,23.598615],[120.803746,23.596812],[120.801088,23.596621],[120.798051,23.597441],[120.794925,23.59725],[120.794137,23.598233],[120.790865,23.600938],[120.787448,23.601265],[120.783738,23.600719],[120.779561,23.601593],[120.777312,23.602659],[120.776728,23.603833],[120.774566,23.605199],[120.773281,23.605664],[120.770214,23.605964],[120.769659,23.608068],[120.766913,23.609761],[120.764285,23.612247],[120.758063,23.612493],[120.755405,23.614187],[120.752951,23.61487],[120.750469,23.614078],[120.748979,23.612029],[120.747489,23.611155],[120.74635,23.612493],[120.744393,23.612685],[120.741764,23.612439],[120.739018,23.610144],[120.735835,23.609543],[120.734549,23.610062],[120.730869,23.6108],[120.73119,23.611756],[120.731307,23.614378],[120.730577,23.616673],[120.730752,23.618066],[120.728182,23.61976],[120.726955,23.619979],[120.725319,23.621836],[120.72383,23.621918],[120.72269,23.623038],[120.721902,23.624568],[120.720441,23.626262],[120.71974,23.628256],[120.718718,23.629786],[120.71606,23.629513],[120.713051,23.627819],[120.714132,23.622792],[120.714044,23.621017],[120.710276,23.619159],[120.708057,23.618503],[120.706888,23.618695],[120.705019,23.617274],[120.701777,23.61752],[120.699557,23.618804],[120.697921,23.619077],[120.696782,23.620006],[120.694679,23.620306],[120.69278,23.619979],[120.691553,23.620388],[120.686062,23.618203],[120.686091,23.617165],[120.68539,23.615471],[120.685419,23.612685],[120.683579,23.610882],[120.677796,23.611045],[120.675225,23.610226],[120.672684,23.609734],[120.66915,23.609324],[120.667894,23.609406],[120.667193,23.610062],[120.664535,23.611127],[120.661205,23.610472],[120.660036,23.611373],[120.658663,23.613586],[120.653552,23.615744],[120.65139,23.616181],[120.652909,23.621891],[120.652442,23.622601],[120.652559,23.624759],[120.653026,23.625798],[120.65361,23.628775],[120.652997,23.629486],[120.651449,23.629895],[120.649083,23.629841],[120.646688,23.630988],[120.64511,23.630988],[120.643884,23.628256],[120.642978,23.628174],[120.640729,23.625716],[120.638713,23.624732],[120.637779,23.623011],[120.635413,23.619897],[120.633543,23.619214],[120.631002,23.621754],[120.630418,23.623148],[120.630564,23.624295],[120.629892,23.627437],[120.628724,23.630305],[120.62998,23.631944],[120.630009,23.633884],[120.629074,23.635168],[120.630272,23.637135],[120.631645,23.638801],[120.631995,23.640386],[120.633543,23.641096],[120.635296,23.643145],[120.634683,23.64544],[120.634829,23.647079],[120.636347,23.648253],[120.635091,23.649729],[120.634975,23.651559],[120.636026,23.653062],[120.637282,23.657132],[120.63848,23.659591],[120.639999,23.660929],[120.640554,23.664399],[120.641372,23.665683],[120.642365,23.665956],[120.64438,23.667595],[120.644351,23.668387],[120.644263,23.669398],[120.645081,23.671802],[120.646775,23.672512],[120.646951,23.674315],[120.646045,23.675026],[120.646483,23.676036],[120.646133,23.677348],[120.648002,23.681008],[120.64771,23.682074],[120.648265,23.682921],[120.646746,23.684123],[120.646921,23.686773],[120.645695,23.68721],[120.645899,23.689231],[120.64549,23.690078],[120.6466,23.691745],[120.645432,23.695351],[120.645695,23.695897],[120.644555,23.697318],[120.643445,23.699694],[120.644205,23.701006],[120.645286,23.701907],[120.645665,23.703219],[120.64289,23.705404],[120.641488,23.705541],[120.640349,23.706988],[120.640378,23.708218],[120.639707,23.708764],[120.640262,23.709775],[120.638976,23.710567],[120.640524,23.713108],[120.6407,23.714255],[120.639736,23.714474],[120.640437,23.715239],[120.640174,23.716249],[120.640729,23.717588],[120.640466,23.71961],[120.641693,23.72226],[120.640933,23.723653],[120.641342,23.724308],[120.640349,23.724991],[120.639736,23.726631],[120.640145,23.727696],[120.639823,23.729007],[120.640262,23.73081],[120.642073,23.730646],[120.643445,23.733269],[120.643942,23.735564],[120.644614,23.736629],[120.646279,23.735591],[120.647856,23.736028],[120.649959,23.7357],[120.650894,23.736165],[120.65437,23.734526],[120.65583,23.735127],[120.655275,23.737613],[120.654457,23.739798],[120.65434,23.742093],[120.654603,23.74518],[120.654633,23.748322],[120.655976,23.753758],[120.655538,23.755479],[120.649901,23.76963],[120.648499,23.773209],[120.647593,23.774875],[120.644322,23.779328],[120.642423,23.781705],[120.640378,23.786049],[120.64254,23.785748],[120.644672,23.786786],[120.6466,23.787141],[120.652091,23.789081],[120.658138,23.791048],[120.662373,23.791731],[120.664184,23.792305],[120.666638,23.793561],[120.669646,23.796129],[120.673034,23.798205],[120.675108,23.79979],[120.679899,23.80162],[120.683813,23.801347],[120.6839,23.803369],[120.683404,23.805417],[120.682498,23.806073],[120.679753,23.805773],[120.678993,23.805964],[120.678409,23.808395],[120.678526,23.811154],[120.677971,23.814077],[120.678818,23.81629],[120.676364,23.819295],[120.674524,23.82006],[120.67137,23.818722],[120.669938,23.81853],[120.667981,23.817356],[120.667572,23.816591],[120.664739,23.816318],[120.66506,23.815034],[120.662431,23.815361],[120.660416,23.814624],[120.658634,23.814515],[120.655596,23.812821],[120.653318,23.812794],[120.651916,23.812466],[120.650719,23.812739],[120.650076,23.814351],[120.648761,23.816044],[120.646542,23.817246],[120.644555,23.817547],[120.642511,23.819323],[120.640028,23.820306],[120.640466,23.82129],[120.639239,23.822136],[120.637866,23.821699],[120.638713,23.822628],[120.637808,23.823694],[120.639181,23.824513],[120.636902,23.824759],[120.636347,23.825551],[120.63404,23.825852],[120.637019,23.825852],[120.639823,23.82506],[120.639911,23.82577],[120.63772,23.826398],[120.639181,23.826753],[120.639444,23.827436],[120.637457,23.827327],[120.636085,23.827873],[120.638158,23.828912],[120.636786,23.830059],[120.636435,23.830878],[120.63442,23.831261],[120.636055,23.831643],[120.638363,23.831397],[120.636932,23.832873],[120.634537,23.833201],[120.633222,23.8329],[120.630389,23.831206],[120.630506,23.832436],[120.62814,23.831206],[120.627497,23.831316],[120.624284,23.829431],[120.62294,23.83025],[120.623934,23.831479],[120.624927,23.831889],[120.628753,23.832135],[120.633456,23.833883],[120.633573,23.834403],[120.630739,23.834703],[120.629133,23.834403],[120.631031,23.835632],[120.628256,23.83585],[120.630155,23.837107],[120.626884,23.837189],[120.625043,23.836561],[120.62554,23.837653],[120.628344,23.837899],[120.628227,23.838446],[120.626329,23.840522],[120.626007,23.841915],[120.624459,23.840604],[120.623963,23.839675],[120.621889,23.838774],[120.622999,23.839839],[120.620867,23.839456],[120.620925,23.840221],[120.622152,23.840877],[120.621129,23.841751],[120.618588,23.840495],[120.618325,23.838965],[120.617157,23.837626],[120.61742,23.838746],[120.616339,23.839429],[120.616806,23.840058],[120.61555,23.840631]]]}},{"type":"Feature","properties":{"COUNTYNAME":"花蓮縣","COUNTYID":"U","COUNTYCODE":"10015","COUNTYENG":"Hualien County"},"geometry":{"type":"Polygon","coordinates":[[[121.356855,23.23719],[121.355103,23.234731],[121.353467,23.233365],[121.352591,23.231317],[121.353175,23.229131],[121.354227,23.228585],[121.354402,23.225498],[121.35595,23.223913],[121.357147,23.223777],[121.354606,23.2217],[121.353292,23.220007],[121.351715,23.220225],[121.349962,23.217903],[121.348706,23.217275],[121.346574,23.217166],[121.345697,23.213559],[121.346136,23.211593],[121.346807,23.21091],[121.346895,23.209216],[121.345201,23.208096],[121.343711,23.203943],[121.343331,23.202168],[121.343624,23.20072],[121.342981,23.200146],[121.343185,23.198562],[121.342543,23.197797],[121.342105,23.195748],[121.340031,23.194081],[121.338249,23.190666],[121.338307,23.189601],[121.337606,23.18859],[121.337869,23.185312],[121.33635,23.183809],[121.336818,23.182553],[121.335299,23.181296],[121.335357,23.17922],[121.334919,23.177909],[121.333137,23.178045],[121.332466,23.178947],[121.331239,23.178865],[121.329691,23.180367],[121.328435,23.179329],[121.325631,23.179275],[121.32379,23.178373],[121.323936,23.174794],[121.322038,23.172418],[121.321892,23.169467],[121.32084,23.168784],[121.318679,23.168265],[121.31751,23.164359],[121.319643,23.161408],[121.320431,23.159906],[121.321308,23.15925],[121.322155,23.156791],[121.322242,23.155125],[121.323557,23.155125],[121.324988,23.15436],[121.327208,23.152202],[121.324404,23.148978],[121.324491,23.146602],[121.323381,23.14499],[121.32382,23.143296],[121.322943,23.142394],[121.322038,23.139635],[121.320373,23.13775],[121.320548,23.136138],[121.322125,23.132095],[121.321512,23.129664],[121.321804,23.127697],[121.32271,23.125266],[121.322943,23.123763],[121.322301,23.121496],[121.322564,23.119911],[121.321892,23.118299],[121.321979,23.117234],[121.319643,23.113655],[121.315962,23.110486],[121.315758,23.109721],[121.314852,23.110377],[121.312428,23.110951],[121.308718,23.111251],[121.303431,23.111169],[121.299956,23.109257],[121.29794,23.10994],[121.296947,23.109312],[121.295925,23.109831],[121.293968,23.109885],[121.291426,23.109366],[121.289615,23.107836],[121.287308,23.106689],[121.285818,23.106935],[121.284416,23.106552],[121.282897,23.103821],[121.281057,23.104066],[121.279334,23.102455],[121.278633,23.101089],[121.274719,23.098493],[121.272353,23.097865],[121.27098,23.100925],[121.269461,23.102045],[121.264378,23.103902],[121.26616,23.106716],[121.267387,23.109394],[121.267679,23.112153],[121.267124,23.114311],[121.265196,23.114748],[121.264203,23.11554],[121.264466,23.117043],[121.263853,23.118081],[121.261896,23.119037],[121.259559,23.121004],[121.259004,23.123463],[121.258215,23.124446],[121.257777,23.125949],[121.254155,23.128189],[121.249423,23.131412],[121.248313,23.129582],[121.246765,23.129309],[121.245013,23.128353],[121.242325,23.128025],[121.240105,23.12868],[121.238441,23.128735],[121.23771,23.13021],[121.234643,23.133379],[121.233212,23.13663],[121.231021,23.139198],[121.229094,23.139663],[121.225063,23.139854],[121.220214,23.142012],[121.216767,23.142995],[121.214576,23.143897],[121.212094,23.14417],[121.212064,23.145236],[121.210633,23.148049],[121.211743,23.153677],[121.212503,23.154742],[121.211188,23.157283],[121.210283,23.159906],[121.207157,23.162064],[121.206077,23.163375],[121.20558,23.164823],[121.205755,23.166681],[121.203623,23.168757],[121.201695,23.171407],[121.20076,23.173237],[121.199183,23.175095],[121.199738,23.177936],[121.199358,23.179357],[121.199096,23.182553],[121.198248,23.184274],[121.197927,23.18594],[121.198248,23.188454],[121.194451,23.192497],[121.191881,23.198398],[121.191881,23.199217],[121.190917,23.202304],[121.189486,23.203725],[121.187558,23.20408],[121.186448,23.204763],[121.184403,23.204899],[121.18379,23.205528],[121.180927,23.20714],[121.179379,23.208642],[121.175611,23.210199],[121.173099,23.208669],[121.169682,23.207085],[121.168981,23.207631],[121.165067,23.207112],[121.163665,23.206375],[121.16089,23.205965],[121.158728,23.203752],[121.156099,23.200228],[121.154697,23.199135],[121.150053,23.198562],[121.145613,23.19949],[121.142751,23.200802],[121.139859,23.201539],[121.138983,23.202823],[121.138106,23.208096],[121.137522,23.208915],[121.135185,23.210609],[121.132381,23.215499],[121.132294,23.216838],[121.131388,23.219843],[121.129402,23.223312],[121.12651,23.224569],[121.124436,23.225033],[121.120873,23.225061],[121.119471,23.224542],[121.115498,23.225033],[121.108897,23.223531],[121.105625,23.224159],[121.104311,23.226427],[121.103347,23.227082],[121.101799,23.227082],[121.098849,23.228066],[121.096395,23.22965],[121.093854,23.233174],[121.092452,23.233885],[121.088304,23.233584],[121.086552,23.233857],[121.083631,23.232956],[121.080885,23.233748],[121.079337,23.232628],[121.077935,23.234404],[121.078519,23.237409],[121.077292,23.238802],[121.07592,23.24178],[121.074021,23.24443],[121.071158,23.246615],[121.070019,23.248746],[121.070107,23.252024],[121.069231,23.255166],[121.067186,23.256914],[121.066193,23.257297],[121.065784,23.258744],[121.065024,23.259318],[121.06482,23.261176],[121.064177,23.263088],[121.062425,23.265847],[121.06187,23.268005],[121.062834,23.268716],[121.061987,23.269371],[121.06149,23.270983],[121.061753,23.272049],[121.060731,23.272896],[121.060964,23.273606],[121.060643,23.276556],[121.062074,23.279425],[121.059913,23.283304],[121.059387,23.286227],[121.057488,23.287402],[121.056291,23.290297],[121.054743,23.291117],[121.053399,23.291172],[121.051033,23.292401],[121.048287,23.294696],[121.045863,23.295761],[121.043059,23.296308],[121.041569,23.297455],[121.039934,23.299777],[121.038911,23.300651],[121.036721,23.299859],[121.034062,23.299531],[121.032193,23.298356],[121.028308,23.297127],[121.029886,23.298356],[121.031375,23.300433],[121.032018,23.302591],[121.031901,23.303656],[121.034296,23.304203],[121.036224,23.303738],[121.040489,23.30606],[121.041715,23.307044],[121.044198,23.307481],[121.045746,23.308191],[121.046447,23.30912],[121.046944,23.312043],[121.047762,23.313027],[121.048112,23.314584],[121.047849,23.316879],[121.047178,23.319993],[121.048755,23.322916],[121.048988,23.324664],[121.048171,23.325866],[121.045629,23.327478],[121.043643,23.328079],[121.041803,23.327997],[121.039437,23.329145],[121.037889,23.332095],[121.036428,23.333488],[121.032777,23.333925],[121.032164,23.334526],[121.031492,23.336411],[121.029973,23.337286],[121.028221,23.337204],[121.026994,23.337641],[121.024745,23.339853],[121.022379,23.346082],[121.022262,23.348268],[121.020071,23.350398],[121.018289,23.350262],[121.017559,23.348076],[121.015193,23.346328],[121.011688,23.345836],[121.010111,23.345891],[121.008826,23.347093],[121.00754,23.349169],[121.008008,23.350426],[121.00757,23.352038],[121.003334,23.354524],[121.002867,23.355015],[121.000034,23.356518],[120.998836,23.356764],[120.994659,23.356381],[120.992235,23.357173],[120.991212,23.357201],[120.988992,23.358266],[120.987094,23.358731],[120.986539,23.363429],[120.986772,23.365779],[120.988116,23.370669],[120.990073,23.370915],[120.991183,23.371434],[120.99387,23.375941],[120.996762,23.378755],[120.997609,23.379985],[120.999333,23.381132],[121.000092,23.382361],[121.002925,23.383072],[121.00532,23.383399],[121.007716,23.384656],[121.007686,23.386678],[121.007015,23.387361],[121.003714,23.388918],[121.001114,23.391759],[121.003217,23.394791],[121.004999,23.395993],[121.00646,23.39654],[121.008037,23.396594],[121.008796,23.395529],[121.010461,23.395119],[121.011747,23.395911],[121.014638,23.396567],[121.015456,23.397086],[121.016712,23.398834],[121.019166,23.401457],[121.02124,23.400747],[121.021502,23.400036],[121.022642,23.400282],[121.025971,23.402932],[121.027081,23.402987],[121.028337,23.403752],[121.028104,23.404517],[121.026673,23.406046],[121.027286,23.408095],[121.027432,23.40968],[121.026877,23.411838],[121.027081,23.412767],[121.02492,23.414597],[121.026293,23.415062],[121.027753,23.416264],[121.028367,23.418531],[121.029389,23.420225],[121.029243,23.422793],[121.027432,23.423203],[121.02603,23.424131],[121.0227,23.424814],[121.02232,23.425525],[121.02235,23.427355],[121.021064,23.429377],[121.01899,23.430333],[121.017326,23.430469],[121.016595,23.430961],[121.014142,23.430934],[121.012886,23.433092],[121.013908,23.433775],[121.014463,23.435004],[121.015252,23.435414],[121.018523,23.43596],[121.021094,23.437654],[121.021882,23.438883],[121.024044,23.439157],[121.026526,23.439157],[121.028659,23.441615],[121.031434,23.442216],[121.032748,23.443009],[121.03377,23.444183],[121.033537,23.44544],[121.034939,23.446041],[121.037538,23.446451],[121.039291,23.447653],[121.040781,23.448226],[121.043964,23.448964],[121.046476,23.450876],[121.051588,23.450767],[121.052055,23.451013],[121.053341,23.453444],[121.053253,23.455439],[121.055677,23.459045],[121.058131,23.460028],[121.059007,23.461886],[121.055677,23.462705],[121.054129,23.463771],[121.051763,23.464099],[121.051121,23.464481],[121.049777,23.467049],[121.049631,23.467814],[121.044403,23.470136],[121.042446,23.471966],[121.03897,23.473715],[121.038999,23.474425],[121.041569,23.476884],[121.043088,23.478058],[121.044958,23.480517],[121.046944,23.481391],[121.047557,23.482265],[121.048726,23.482703],[121.050098,23.486527],[121.053341,23.487483],[121.054159,23.489887],[121.052786,23.493575],[121.0541,23.495597],[121.05486,23.496034],[121.057226,23.496171],[121.058423,23.497373],[121.062103,23.499449],[121.062863,23.501552],[121.06298,23.50382],[121.063768,23.504749],[121.066018,23.506115],[121.066105,23.507972],[121.067945,23.511961],[121.068763,23.514775],[121.06853,23.518463],[121.073115,23.517452],[121.075043,23.517397],[121.078665,23.516414],[121.080213,23.515512],[121.082755,23.51472],[121.085734,23.514501],[121.0881,23.514064],[121.092102,23.514857],[121.093095,23.517534],[121.09587,23.520457],[121.097564,23.521686],[121.098352,23.521331],[121.10101,23.521249],[121.102237,23.519692],[121.103698,23.518927],[121.105772,23.519036],[121.106706,23.519419],[121.109627,23.519009],[121.115498,23.520238],[121.1169,23.521522],[121.118069,23.521632],[121.120435,23.521003],[121.126335,23.517042],[121.128263,23.51849],[121.131125,23.517479],[121.132264,23.51513],[121.132907,23.514829],[121.135565,23.515266],[121.136295,23.517288],[121.13834,23.520593],[121.1398,23.521877],[121.142955,23.524008],[121.144416,23.525593],[121.146957,23.527205],[121.148067,23.526849],[121.149498,23.527068],[121.150637,23.526549],[121.151104,23.527259],[121.150754,23.528816],[121.149089,23.53163],[121.146869,23.534116],[121.1483,23.536356],[121.148388,23.539225],[121.150111,23.543213],[121.151046,23.544361],[121.150871,23.545781],[121.149556,23.548923],[121.148943,23.549797],[121.147658,23.552939],[121.146256,23.554195],[121.146314,23.554878],[121.148008,23.556572],[121.149965,23.557364],[121.151192,23.55985],[121.152039,23.560533],[121.153324,23.559878],[121.155515,23.559987],[121.157151,23.55955],[121.157647,23.560888],[121.158027,23.564057],[121.160335,23.567827],[121.160335,23.569767],[121.15829,23.569849],[121.157151,23.570505],[121.155106,23.57086],[121.153412,23.571679],[121.151922,23.573892],[121.151981,23.581268],[121.152419,23.584109],[121.153383,23.586759],[121.155574,23.587032],[121.158202,23.585748],[121.16051,23.587032],[121.162438,23.586896],[121.164687,23.587196],[121.166761,23.587142],[121.16939,23.586595],[121.170353,23.585885],[121.171084,23.584437],[121.175377,23.583727],[121.177159,23.582607],[121.178824,23.583126],[121.179116,23.585202],[121.180022,23.587442],[121.179847,23.590092],[121.181015,23.590283],[121.1823,23.591239],[121.183615,23.593234],[121.185864,23.593698],[121.189398,23.594791],[121.189807,23.596457],[121.190917,23.597933],[121.193663,23.600337],[121.194568,23.600528],[121.196817,23.598506],[121.200118,23.596403],[121.201754,23.596785],[121.202747,23.596102],[121.206223,23.595774],[121.206807,23.596129],[121.20815,23.598233],[121.21002,23.598643],[121.21335,23.600309],[121.214051,23.602358],[121.214723,23.6055],[121.215949,23.607275],[121.216504,23.610745],[121.217088,23.612603],[121.217322,23.614706],[121.219951,23.616919],[121.220886,23.619214],[121.222288,23.621563],[121.223777,23.623585],[121.224712,23.626808],[121.224975,23.628775],[121.2248,23.630414],[121.224011,23.632928],[121.224245,23.639129],[121.22515,23.640085],[121.227721,23.645166],[121.230233,23.64798],[121.230437,23.650193],[121.231167,23.65134],[121.230671,23.653553],[121.231664,23.655247],[121.231927,23.65787],[121.234176,23.660492],[121.235432,23.661421],[121.236045,23.664672],[121.236016,23.670518],[121.234614,23.673824],[121.232628,23.67631],[121.232686,23.678058],[121.233679,23.679315],[121.234293,23.680954],[121.236016,23.682347],[121.237389,23.685106],[121.239317,23.686745],[121.239463,23.688384],[121.239258,23.691936],[121.239375,23.694668],[121.240164,23.69699],[121.241215,23.698465],[121.239346,23.699804],[121.240427,23.702672],[121.241128,23.705814],[121.241186,23.70901],[121.239258,23.71095],[121.238908,23.713955],[121.239551,23.715403],[121.239288,23.717014],[121.237798,23.719856],[121.238791,23.723134],[121.239404,23.724336],[121.236221,23.724363],[121.235198,23.725347],[121.233738,23.727587],[121.233154,23.730045],[121.232248,23.729526],[121.229649,23.730182],[121.22997,23.731411],[121.229707,23.733187],[121.228714,23.734853],[121.228422,23.736465],[121.228918,23.73988],[121.228831,23.744278],[121.230057,23.747174],[121.233066,23.747966],[121.2333,23.74895],[121.232511,23.750589],[121.230642,23.750971],[121.229327,23.752255],[121.228451,23.751846],[121.226903,23.752064],[121.225209,23.751764],[121.223193,23.752693],[121.221499,23.75272],[121.220009,23.754222],[121.218637,23.756408],[121.217497,23.756954],[121.214752,23.757118],[121.213174,23.75761],[121.21186,23.760096],[121.210955,23.761107],[121.208034,23.761926],[121.206456,23.762882],[121.208004,23.76433],[121.208618,23.765997],[121.206661,23.767417],[121.205317,23.771105],[121.204645,23.772389],[121.205638,23.772417],[121.206632,23.773427],[121.206982,23.775094],[121.209202,23.775995],[121.211743,23.775586],[121.21297,23.776924],[121.218257,23.779711],[121.219425,23.78165],[121.223631,23.782388],[121.226289,23.783672],[121.228363,23.785229],[121.230496,23.788289],[121.23032,23.790283],[121.227049,23.791294],[121.226377,23.793397],[121.226582,23.796102],[121.225501,23.798233],[121.226465,23.804407],[121.227925,23.805336],[121.227516,23.807002],[121.227604,23.808614],[121.229269,23.808832],[121.230496,23.810226],[121.232131,23.810362],[121.234556,23.812193],[121.234673,23.81752],[121.234906,23.818121],[121.238061,23.821508],[121.239083,23.821809],[121.236951,23.823803],[121.236688,23.825223],[121.237243,23.826398],[121.238119,23.830141],[121.23771,23.83249],[121.239288,23.837134],[121.239317,23.840112],[121.239755,23.841068],[121.241683,23.842871],[121.243494,23.844975],[121.244049,23.846232],[121.243844,23.847543],[121.244516,23.848936],[121.247116,23.850493],[121.248927,23.852132],[121.24881,23.853908],[121.249365,23.854372],[121.250212,23.85664],[121.249891,23.859071],[121.250416,23.860847],[121.25214,23.861311],[121.252958,23.863661],[121.252666,23.865355],[121.253016,23.867895],[121.256959,23.869452],[121.257952,23.872321],[121.260056,23.872649],[121.261662,23.872266],[121.265226,23.872894],[121.264495,23.874779],[121.264232,23.876637],[121.262918,23.879506],[121.263385,23.881227],[121.265488,23.883139],[121.268293,23.883439],[121.268351,23.884942],[121.267767,23.885516],[121.267358,23.887182],[121.267416,23.889012],[121.265488,23.891253],[121.265459,23.8924],[121.266043,23.894203],[121.265226,23.896416],[121.26654,23.89841],[121.26432,23.898601],[121.262334,23.89923],[121.262714,23.900131],[121.261049,23.90259],[121.262947,23.904529],[121.26543,23.906087],[121.266248,23.907261],[121.270454,23.906496],[121.274894,23.907535],[121.276121,23.91013],[121.27539,23.912069],[121.275449,23.914692],[121.276237,23.916413],[121.275244,23.917424],[121.275128,23.918899],[121.27653,23.923161],[121.275244,23.924773],[121.274543,23.926521],[121.273404,23.928488],[121.274602,23.92999],[121.274835,23.931548],[121.273696,23.934143],[121.273842,23.936219],[121.272061,23.938213],[121.273141,23.939634],[121.274018,23.941983],[121.273521,23.943704],[121.27428,23.945726],[121.272849,23.946627],[121.271827,23.948239],[121.274689,23.951436],[121.27539,23.953512],[121.275829,23.955861],[121.275186,23.958183],[121.275244,23.960423],[121.276267,23.963401],[121.277932,23.965832],[121.275624,23.968373],[121.275069,23.97187],[121.273901,23.97482],[121.2732,23.975367],[121.26987,23.975203],[121.264846,23.975367],[121.264028,23.976323],[121.26321,23.9787],[121.261604,23.98124],[121.261282,23.982442],[121.261399,23.984846],[121.260786,23.988644],[121.260056,23.989846],[121.260114,23.992304],[121.261253,23.994462],[121.263911,23.997768],[121.265021,23.999516],[121.26543,24.001019],[121.268,24.003778],[121.269432,24.006346],[121.270045,24.006701],[121.269578,24.007903],[121.270308,24.010034],[121.271389,24.0114],[121.271798,24.013121],[121.273784,24.01517],[121.273959,24.01629],[121.276325,24.020142],[121.276617,24.024622],[121.278662,24.026808],[121.280181,24.030605],[121.281846,24.032162],[121.282255,24.034238],[121.285731,24.039729],[121.285468,24.041833],[121.285614,24.045193],[121.284883,24.047023],[121.284591,24.049154],[121.282605,24.051285],[121.283219,24.05429],[121.28465,24.055192],[121.286461,24.057951],[121.287775,24.058716],[121.289411,24.05888],[121.290521,24.060355],[121.293383,24.061612],[121.295545,24.06377],[121.29648,24.06295],[121.298933,24.061639],[121.299868,24.062158],[121.301036,24.063715],[121.301387,24.065026],[121.302321,24.066365],[121.30606,24.069479],[121.30644,24.070873],[121.308193,24.073304],[121.309974,24.074806],[121.311961,24.075653],[121.314356,24.07773],[121.31605,24.078522],[121.318387,24.080052],[121.319497,24.081554],[121.320782,24.082428],[121.323119,24.084942],[121.323294,24.086553],[121.321132,24.088876],[121.319205,24.092755],[121.319117,24.095405],[121.32233,24.099475],[121.325222,24.101825],[121.326478,24.106004],[121.326186,24.107425],[121.326945,24.110266],[121.328055,24.111468],[121.328376,24.114637],[121.327149,24.114746],[121.32528,24.115948],[121.323119,24.115976],[121.319701,24.116577],[121.315875,24.116413],[121.314414,24.118025],[121.311639,24.120183],[121.307988,24.122423],[121.305272,24.123488],[121.303548,24.124581],[121.301474,24.127477],[121.298437,24.1304],[121.296684,24.131137],[121.295866,24.132449],[121.290813,24.133432],[121.286519,24.13447],[121.284825,24.134716],[121.281349,24.135864],[121.281816,24.136847],[121.282079,24.139716],[121.283627,24.143322],[121.284241,24.145862],[121.28427,24.148731],[121.284679,24.152036],[121.284504,24.152856],[121.283219,24.153839],[121.281028,24.154468],[121.280327,24.157855],[121.281963,24.158183],[121.284825,24.157281],[121.287804,24.157199],[121.288389,24.158265],[121.287921,24.161652],[121.288272,24.166242],[121.287658,24.17329],[121.286198,24.176022],[121.286198,24.177361],[121.288097,24.177661],[121.291718,24.177115],[121.294815,24.177634],[121.29645,24.178317],[121.298787,24.180092],[121.300248,24.179929],[121.305651,24.180065],[121.307608,24.180611],[121.311026,24.183234],[121.316108,24.185529],[121.317364,24.188124],[121.31865,24.189271],[121.32049,24.191457],[121.323002,24.191976],[121.32417,24.194681],[121.325777,24.196183],[121.328814,24.19662],[121.330684,24.197768],[121.333955,24.198314],[121.335795,24.199106],[121.3386,24.199188],[121.340878,24.198451],[121.344062,24.19927],[121.34485,24.199898],[121.347421,24.199926],[121.349232,24.199598],[121.34967,24.200226],[121.349144,24.204461],[121.348355,24.207329],[121.34929,24.209323],[121.349261,24.210662],[121.347859,24.212574],[121.346282,24.21659],[121.343302,24.222136],[121.34301,24.223556],[121.348414,24.230004],[121.349027,24.231643],[121.352036,24.234074],[121.352971,24.236369],[121.353175,24.240111],[121.352503,24.243198],[121.352591,24.243854],[121.356213,24.244592],[121.35852,24.243608],[121.360682,24.243936],[121.364245,24.24705],[121.366086,24.250083],[121.366728,24.25194],[121.369883,24.252569],[121.373096,24.254099],[121.376601,24.253033],[121.378412,24.252842],[121.380194,24.253334],[121.383786,24.254945],[121.385101,24.255109],[121.385656,24.256803],[121.385773,24.258633],[121.385247,24.260464],[121.385218,24.262158],[121.385685,24.264015],[121.38329,24.267976],[121.38218,24.276172],[121.380457,24.279478],[121.382297,24.281608],[121.385568,24.283357],[121.387233,24.284695],[121.389628,24.287263],[121.390914,24.289722],[121.393513,24.288247],[121.395149,24.288138],[121.39658,24.288739],[121.397223,24.290514],[121.399968,24.293683],[121.402773,24.295923],[121.403474,24.296934],[121.403211,24.297699],[121.404554,24.302343],[121.404963,24.304939],[121.40473,24.307643],[121.405372,24.308299],[121.4099,24.307343],[121.411419,24.307261],[121.415566,24.30849],[121.416881,24.309173],[121.418078,24.308326],[121.42024,24.307616],[121.421788,24.307507],[121.423248,24.308217],[121.426082,24.313981],[121.428477,24.317341],[121.431369,24.320237],[121.433968,24.321139],[121.434932,24.322559],[121.434436,24.325701],[121.433355,24.326821],[121.432479,24.329607],[121.433442,24.334798],[121.434289,24.338295],[121.435721,24.340371],[121.437269,24.3416],[121.437736,24.342447],[121.436247,24.345234],[121.435604,24.347228],[121.436451,24.34843],[121.437795,24.352063],[121.439518,24.354003],[121.44057,24.356953],[121.441563,24.358592],[121.447463,24.359822],[121.447784,24.361488],[121.448661,24.362772],[121.45202,24.364684],[121.454269,24.363646],[121.458825,24.36004],[121.461279,24.357882],[121.463411,24.357035],[121.464989,24.35556],[121.469049,24.354249],[121.470655,24.353374],[121.473196,24.352582],[121.475241,24.351271],[121.478863,24.351899],[121.480791,24.350014],[121.480937,24.349277],[121.482514,24.348676],[121.485494,24.348375],[121.487451,24.346053],[121.490751,24.344086],[121.492241,24.342092],[121.494052,24.340917],[121.498112,24.339223],[121.499631,24.339442],[121.501354,24.341136],[121.504363,24.342939],[121.508102,24.34313],[121.508657,24.341983],[121.510088,24.341108],[121.513681,24.340808],[121.515521,24.341819],[121.517361,24.340999],[121.518471,24.341163],[121.520428,24.342611],[121.522151,24.343021],[121.524546,24.342638],[121.525627,24.342037],[121.52776,24.339141],[121.530856,24.338595],[121.533251,24.337065],[121.535442,24.337393],[121.53845,24.336136],[121.540524,24.335918],[121.542481,24.337093],[121.544701,24.33783],[121.548615,24.336246],[121.550747,24.334197],[121.553697,24.332175],[121.556093,24.331164],[121.557232,24.328706],[121.557728,24.326001],[121.55878,24.324116],[121.560065,24.322641],[121.563337,24.322231],[121.566345,24.319172],[121.567397,24.319199],[121.569617,24.317942],[121.571836,24.318188],[121.573647,24.31939],[121.575838,24.319663],[121.577591,24.318953],[121.578555,24.318133],[121.582352,24.317806],[121.58425,24.316713],[121.587493,24.316085],[121.589216,24.314008],[121.592575,24.315593],[121.593744,24.31644],[121.59719,24.316303],[121.601163,24.314691],[121.60312,24.313161],[121.605106,24.310648],[121.60569,24.309528],[121.606479,24.310402],[121.607005,24.312642],[121.606625,24.313708],[121.605135,24.315429],[121.605427,24.316631],[121.604639,24.31827],[121.602185,24.319636],[121.601075,24.320592],[121.601367,24.322996],[121.601017,24.323706],[121.598884,24.325264],[121.598621,24.326548],[121.596577,24.328132],[121.595905,24.329361],[121.595701,24.331465],[121.596752,24.333268],[121.598505,24.333678],[121.599469,24.333377],[121.600462,24.331137],[121.603061,24.329307],[121.603938,24.329006],[121.605427,24.329334],[121.606479,24.330072],[121.606537,24.332722],[121.60756,24.335235],[121.609341,24.335344],[121.611298,24.336027],[121.613168,24.335563],[121.614599,24.33376],[121.615709,24.333213],[121.617345,24.333568],[121.618396,24.334361],[121.618279,24.3363],[121.616468,24.336929],[121.616118,24.338076],[121.616556,24.340671],[121.618017,24.34466],[121.618805,24.345397],[121.620295,24.345343],[121.621492,24.342037],[121.622894,24.339442],[121.625144,24.339852],[121.627451,24.341108],[121.628035,24.338595],[121.626662,24.336273],[121.626692,24.335645],[121.62935,24.333459],[121.632008,24.334279],[121.632972,24.334962],[121.63268,24.338349],[121.632972,24.339906],[121.632329,24.341655],[121.631716,24.341955],[121.631482,24.344277],[121.634023,24.344387],[121.635279,24.344824],[121.635922,24.346108],[121.635104,24.348375],[121.633235,24.349167],[121.632212,24.349222],[121.630927,24.348348],[121.630051,24.348457],[121.629321,24.349468],[121.626779,24.349796],[121.627217,24.350998],[121.626896,24.354112],[121.626254,24.354795],[121.624004,24.355669],[121.622281,24.35668],[121.621171,24.358128],[121.621492,24.359904],[121.623391,24.361597],[121.623391,24.362472],[121.620733,24.362554],[121.620645,24.364275],[121.621551,24.365504],[121.621697,24.366651],[121.623303,24.367198],[121.625027,24.368591],[121.626692,24.369356],[121.627948,24.369383],[121.630956,24.370558],[121.631657,24.369219],[121.630606,24.367635],[121.630898,24.366132],[121.6323,24.365941],[121.634753,24.366542],[121.635075,24.366078],[121.635016,24.363728],[121.637266,24.363155],[121.638317,24.362308],[121.638668,24.360914],[121.640303,24.359576],[121.64004,24.358265],[121.640625,24.357008],[121.64226,24.356079],[121.643838,24.353511],[121.645123,24.352364],[121.646613,24.351927],[121.648891,24.349413],[121.650497,24.349796],[121.650702,24.350943],[121.650001,24.354877],[121.647985,24.356707],[121.64819,24.358374],[121.649446,24.359658],[121.650673,24.359849],[121.651929,24.357773],[121.653272,24.356653],[121.653827,24.355369],[121.653389,24.353183],[121.653944,24.352172],[121.65593,24.353211],[121.657449,24.352937],[121.658647,24.351298],[121.660224,24.351189],[121.661392,24.352009],[121.661305,24.35291],[121.663233,24.352773],[121.663875,24.349167],[121.664839,24.348157],[121.666475,24.347528],[121.667614,24.345862],[121.66776,24.344796],[121.669279,24.342966],[121.670068,24.342829],[121.672872,24.343786],[121.673982,24.343403],[121.674069,24.342283],[121.673544,24.339824],[121.674391,24.338213],[121.675939,24.337475],[121.678334,24.338076],[121.684001,24.340781],[121.685724,24.340671],[121.686805,24.339141],[121.687272,24.336683],[121.687272,24.33488],[121.688148,24.333814],[121.689492,24.333596],[121.69361,24.334852],[121.694983,24.334852],[121.697291,24.334251],[121.699628,24.33264],[121.702665,24.330891],[121.706463,24.329088],[121.714349,24.326712],[121.723462,24.325482],[121.727785,24.325974],[121.735175,24.323078],[121.740024,24.32357],[121.744727,24.32286],[121.748057,24.321057],[121.751328,24.318789],[121.753665,24.317587],[121.755213,24.316276],[121.757316,24.315402],[121.759127,24.314227],[121.761668,24.314036],[121.765758,24.313353],[121.767773,24.313407],[121.770139,24.313134],[121.772739,24.313626],[121.774053,24.315292],[121.773849,24.312397],[121.773002,24.308763],[121.772125,24.307069],[121.769935,24.303791],[121.769526,24.302726],[121.766459,24.299885],[121.763216,24.297453],[121.753548,24.288247],[121.750948,24.285023],[121.748144,24.279915],[121.747297,24.277538],[121.746742,24.275216],[121.746129,24.271145],[121.744113,24.261283],[121.743471,24.260136],[121.74055,24.258032],[121.738184,24.255874],[121.735234,24.252405],[121.732254,24.249755],[121.731086,24.248061],[121.730064,24.247761],[121.728282,24.245712],[121.726734,24.245384],[121.724631,24.244264],[121.721885,24.243636],[121.720746,24.244018],[121.719373,24.243827],[121.716978,24.242789],[121.715576,24.241669],[121.71321,24.238882],[121.711224,24.235986],[121.709091,24.232052],[121.706112,24.225605],[121.702899,24.223912],[121.701263,24.222682],[121.699189,24.222136],[121.697232,24.220879],[121.696268,24.220715],[121.694019,24.219131],[121.691712,24.216973],[121.689901,24.216508],[121.686074,24.212984],[121.683708,24.212083],[121.677837,24.208941],[121.673952,24.207575],[121.672171,24.205799],[121.670973,24.203805],[121.669425,24.200581],[121.667965,24.19897],[121.666037,24.197822],[121.663291,24.194162],[121.661831,24.189326],[121.660487,24.186376],[121.659757,24.184108],[121.658705,24.179082],[121.658472,24.17187],[121.659114,24.166433],[121.660429,24.16239],[121.66221,24.158839],[121.664197,24.155424],[121.664459,24.14813],[121.664722,24.143677],[121.665131,24.140508],[121.663729,24.134525],[121.662269,24.131711],[121.660136,24.129471],[121.65815,24.126794],[121.656456,24.124062],[121.655083,24.121521],[121.65374,24.119991],[121.650848,24.117587],[121.645152,24.113763],[121.642815,24.112697],[121.635542,24.108736],[121.633731,24.107589],[121.630343,24.10472],[121.628357,24.102699],[121.625494,24.099065],[121.622164,24.093766],[121.620996,24.093274],[121.619126,24.089586],[121.619331,24.088029],[121.617374,24.083439],[121.616702,24.079751],[121.616176,24.078604],[121.615738,24.074424],[121.61568,24.070873],[121.616147,24.063742],[121.616498,24.061475],[121.617958,24.056476],[121.618338,24.055957],[121.618922,24.053143],[121.620704,24.048362],[121.622778,24.043964],[121.625582,24.038336],[121.628473,24.033228],[121.630518,24.03025],[121.633381,24.027026],[121.636477,24.023885],[121.642114,24.020442],[121.643662,24.019377],[121.646174,24.01405],[121.64708,24.010936],[121.647927,24.008941],[121.64746,24.007029],[121.645707,24.004406],[121.644918,24.003751],[121.643137,23.999571],[121.641647,23.997413],[121.642085,23.999762],[121.641413,23.998943],[121.640537,23.996894],[121.639544,23.995391],[121.634812,23.984628],[121.634987,23.97982],[121.628269,23.969493],[121.626604,23.973755],[121.624559,23.976241],[121.622164,23.977853],[121.619126,23.976241],[121.615826,23.973208],[121.614774,23.971023],[121.612262,23.96657],[121.609604,23.963046],[121.607881,23.960178],[121.607209,23.956817],[121.606888,23.952774],[121.607384,23.950479],[121.608027,23.949032],[121.609838,23.947939],[121.609049,23.946955],[121.609692,23.944196],[121.610627,23.941054],[121.610919,23.938241],[121.611883,23.933351],[121.61159,23.931957],[121.609955,23.930373],[121.609487,23.928515],[121.609195,23.923898],[121.607793,23.920511],[121.607121,23.919855],[121.606041,23.915894],[121.605953,23.914255],[121.605194,23.910785],[121.604931,23.908163],[121.604902,23.90412],[121.60569,23.899394],[121.604989,23.893657],[121.604084,23.888493],[121.604113,23.887373],[121.603295,23.883959],[121.603237,23.882456],[121.602594,23.879888],[121.602536,23.877948],[121.602097,23.876801],[121.601776,23.874288],[121.600754,23.87101],[121.600403,23.86866],[121.59979,23.867567],[121.599585,23.863715],[121.598242,23.856995],[121.597103,23.854892],[121.596606,23.85216],[121.595963,23.850357],[121.594912,23.848554],[121.593919,23.844592],[121.592458,23.842161],[121.591874,23.840577],[121.589596,23.837353],[121.589508,23.836588],[121.588165,23.833747],[121.587522,23.831425],[121.585886,23.829294],[121.585214,23.827491],[121.585214,23.825906],[121.584338,23.823639],[121.583403,23.819842],[121.581271,23.81599],[121.580044,23.814979],[121.577678,23.812001],[121.576539,23.810909],[121.575634,23.808368],[121.573881,23.804243],[121.57283,23.800418],[121.572391,23.797932],[121.572099,23.791212],[121.571428,23.788453],[121.571369,23.785721],[121.570814,23.782388],[121.570814,23.77676],[121.571077,23.773209],[121.571281,23.766133],[121.57207,23.762582],[121.573122,23.762363],[121.57245,23.756626],[121.571603,23.755834],[121.571749,23.754878],[121.570522,23.75231],[121.569821,23.749469],[121.568302,23.746874],[121.567572,23.7463],[121.567893,23.74477],[121.567017,23.742639],[121.565644,23.740426],[121.564038,23.739252],[121.563307,23.737367],[121.563161,23.735755],[121.562402,23.735263],[121.561146,23.733351],[121.561175,23.73275],[121.560065,23.730646],[121.560007,23.729226],[121.558926,23.728789],[121.557933,23.72745],[121.55767,23.726275],[121.55656,23.7248],[121.556122,23.725046],[121.553668,23.72439],[121.552237,23.722724],[121.551624,23.720211],[121.5499,23.71655],[121.549287,23.711769],[121.549929,23.705349],[121.549871,23.702945],[121.55066,23.700432],[121.551273,23.699804],[121.552938,23.699394],[121.553347,23.698356],[121.552091,23.695761],[121.551653,23.693876],[121.550689,23.692455],[121.550514,23.68986],[121.548761,23.683221],[121.547242,23.679615],[121.546191,23.675244],[121.546658,23.673632],[121.54657,23.671939],[121.545636,23.670054],[121.545314,23.668551],[121.545344,23.66459],[121.543533,23.662541],[121.541751,23.661885],[121.540991,23.660519],[121.541692,23.658553],[121.543766,23.656012],[121.543416,23.653335],[121.542773,23.652542],[121.539881,23.651559],[121.539531,23.650849],[121.537311,23.648554],[121.53588,23.645604],[121.535266,23.643637],[121.535179,23.642107],[121.533514,23.63443],[121.532988,23.633174],[121.531235,23.62648],[121.530973,23.623913],[121.531031,23.618367],[121.529833,23.609051],[121.530067,23.605227],[121.529979,23.603068],[121.530476,23.601784],[121.529483,23.597796],[121.530067,23.597168],[121.527146,23.58553],[121.525949,23.58135],[121.52665,23.578318],[121.526299,23.576378],[121.524254,23.573728],[121.523086,23.571597],[121.522297,23.569166],[121.522034,23.567062],[121.520077,23.565451],[121.518588,23.563456],[121.516894,23.560124],[121.513593,23.555479],[121.511344,23.551464],[121.510876,23.548923],[121.510205,23.54742],[121.509445,23.543405],[121.508627,23.54111],[121.508072,23.537121],[121.507255,23.535974],[121.50705,23.534171],[121.507868,23.533242],[121.508043,23.531494],[121.505385,23.529417],[121.505356,23.528051],[121.504421,23.52297],[121.503457,23.520184],[121.503954,23.517889],[121.503574,23.517425],[121.504859,23.514419],[121.504801,23.513026],[121.505444,23.511278],[121.504947,23.510185],[121.505268,23.509311],[121.504421,23.508437],[121.504976,23.506907],[121.504976,23.505459],[121.505999,23.505486],[121.506495,23.501771],[121.506261,23.500241],[121.506758,23.498138],[121.507021,23.494887],[121.507722,23.491226],[121.510175,23.492373],[121.511724,23.492237],[121.512834,23.491281],[121.513973,23.487155],[121.513155,23.486773],[121.512717,23.485434],[121.5126,23.482429],[121.512249,23.481637],[121.509708,23.479452],[121.509095,23.477539],[121.508102,23.47172],[121.505444,23.470163],[121.504129,23.46847],[121.502785,23.464782],[121.501792,23.460192],[121.499835,23.456149],[121.499397,23.452352],[121.497908,23.446942],[121.496097,23.434813],[121.494169,23.435332],[121.492095,23.434431],[121.491131,23.435277],[121.489057,23.434185],[121.487042,23.433611],[121.48564,23.432436],[121.484734,23.430988],[121.482397,23.430196],[121.479768,23.431234],[121.477578,23.43484],[121.474891,23.437763],[121.474336,23.439457],[121.473313,23.440605],[121.470568,23.440768],[121.469662,23.440277],[121.466595,23.439703],[121.463908,23.439539],[121.46344,23.438856],[121.462038,23.439539],[121.461659,23.441506],[121.456752,23.442162],[121.455057,23.441124],[121.45237,23.441752],[121.450822,23.4432],[121.448164,23.442954],[121.447258,23.443828],[121.446061,23.443555],[121.444367,23.440932],[121.444104,23.438501],[121.44238,23.43719],[121.441241,23.435223],[121.441095,23.43413],[121.439489,23.432709],[121.438262,23.433256],[121.436889,23.432901],[121.435078,23.433229],[121.433384,23.432846],[121.433121,23.431726],[121.430668,23.430606],[121.428915,23.429404],[121.425614,23.426208],[121.425702,23.424842],[121.422927,23.423011],[121.419568,23.419405],[121.419977,23.416892],[121.418312,23.415608],[121.418487,23.41386],[121.417231,23.412576],[121.417611,23.411947],[121.416326,23.410144],[121.415683,23.408205],[121.4132,23.405227],[121.412441,23.402304],[121.411886,23.401921],[121.410513,23.398944],[121.409111,23.396895],[121.40803,23.396075],[121.407417,23.394655],[121.405547,23.392169],[121.403707,23.390338],[121.40362,23.389409],[121.401604,23.388781],[121.399998,23.386486],[121.399998,23.385202],[121.40102,23.382853],[121.401779,23.380258],[121.402656,23.379056],[121.403649,23.375805],[121.403532,23.374493],[121.404175,23.370997],[121.404817,23.369248],[121.404262,23.367555],[121.406102,23.365506],[121.408264,23.364522],[121.410104,23.364905],[121.411068,23.364276],[121.413171,23.363839],[121.415975,23.361736],[121.41726,23.361654],[121.417991,23.360561],[121.42281,23.360015],[121.422577,23.355862],[121.422197,23.354961],[121.419597,23.353322],[121.418341,23.352201],[121.416793,23.349934],[121.416822,23.349442],[121.415011,23.348459],[121.414018,23.347448],[121.411389,23.346792],[121.409783,23.345918],[121.408264,23.342531],[121.406891,23.341411],[121.406657,23.340017],[121.403181,23.336247],[121.401195,23.331658],[121.400669,23.328571],[121.399589,23.326385],[121.399939,23.323189],[121.397719,23.321687],[121.39214,23.321714],[121.390271,23.320621],[121.390359,23.317643],[121.390125,23.315895],[121.388986,23.314666],[121.389103,23.313655],[121.387934,23.311961],[121.387847,23.310623],[121.385568,23.308901],[121.384137,23.308382],[121.382881,23.306989],[121.382209,23.305596],[121.380486,23.304285],[121.377799,23.300733],[121.378178,23.299367],[121.376309,23.295761],[121.37701,23.293029],[121.377156,23.291336],[121.376484,23.289014],[121.377302,23.287538],[121.377127,23.283522],[121.376835,23.282075],[121.378237,23.27754],[121.378587,23.274507],[121.37847,23.273169],[121.377682,23.270929],[121.377915,23.269617],[121.373826,23.268934],[121.372336,23.267814],[121.371606,23.266776],[121.37108,23.263088],[121.37035,23.262023],[121.366933,23.260247],[121.365764,23.25798],[121.36445,23.258034],[121.362902,23.256832],[121.361412,23.253527],[121.359513,23.252816],[121.358958,23.250822],[121.359221,23.249128],[121.360828,23.248199],[121.361558,23.246888],[121.360916,23.244348],[121.359513,23.24208],[121.357819,23.24055],[121.357819,23.23831],[121.356855,23.23719]]]}},{"type":"Feature","properties":{"COUNTYNAME":"基隆市","COUNTYID":"C","COUNTYCODE":"10017","COUNTYENG":"Keelung City"},"geometry":{"type":"MultiPolygon","coordinates":[[[[121.749985,25.109663],[121.75089,25.107751],[121.75273,25.10685],[121.753869,25.10868],[121.75606,25.108407],[121.757404,25.106631],[121.757462,25.104118],[121.758017,25.10338],[121.756703,25.102752],[121.756761,25.101905],[121.759887,25.100539],[121.75939,25.09931],[121.759448,25.096305],[121.758368,25.094775],[121.758981,25.091879],[121.759828,25.09024],[121.759185,25.088683],[121.759594,25.08677],[121.759127,25.084476],[121.760003,25.081033],[121.761668,25.078383],[121.767072,25.078766],[121.769409,25.077892],[121.771307,25.076116],[121.772154,25.074122],[121.773644,25.073084],[121.77566,25.070051],[121.77306,25.066855],[121.772154,25.063823],[121.771716,25.063194],[121.769993,25.063495],[121.767335,25.061801],[121.765904,25.059998],[121.764823,25.059561],[121.764034,25.05743],[121.762311,25.056966],[121.761814,25.057758],[121.760529,25.057976],[121.759302,25.059452],[121.757959,25.059015],[121.756703,25.05926],[121.755593,25.058277],[121.752146,25.057621],[121.750832,25.057048],[121.749137,25.055381],[121.748174,25.055026],[121.747619,25.053742],[121.745924,25.053004],[121.73979,25.053059],[121.737833,25.054644],[121.734796,25.054179],[121.732079,25.052731],[121.730093,25.05336],[121.728224,25.054944],[121.726968,25.05631],[121.726179,25.058113],[121.725536,25.058414],[121.722703,25.058468],[121.721973,25.060135],[121.720804,25.060435],[121.718993,25.061637],[121.717825,25.063823],[121.714962,25.066391],[121.712363,25.068057],[121.709296,25.067702],[121.706871,25.066609],[121.705236,25.066937],[121.704243,25.067948],[121.700387,25.067347],[121.699335,25.067456],[121.696502,25.070079],[121.694954,25.069997],[121.691624,25.070461],[121.690076,25.071745],[121.688411,25.071745],[121.683825,25.074887],[121.681489,25.077045],[121.680408,25.077045],[121.680203,25.078083],[121.67921,25.078547],[121.678947,25.079476],[121.679707,25.080023],[121.680495,25.081908],[121.679853,25.083738],[121.680525,25.084585],[121.681547,25.084421],[121.681722,25.087125],[121.680554,25.0883],[121.678597,25.087262],[121.674975,25.083437],[121.67404,25.082918],[121.672492,25.08382],[121.667906,25.08576],[121.666825,25.086825],[121.666358,25.088],[121.664284,25.089448],[121.661947,25.089366],[121.660925,25.090868],[121.658384,25.091578],[121.657654,25.092753],[121.655667,25.093463],[121.656164,25.094556],[121.655346,25.095622],[121.653477,25.096332],[121.652922,25.097315],[121.650556,25.098709],[121.650381,25.100539],[121.64892,25.101905],[121.650234,25.10338],[121.651666,25.103435],[121.652221,25.104664],[121.650468,25.108079],[121.650147,25.109663],[121.648803,25.111193],[121.647664,25.111876],[121.646233,25.113625],[121.645736,25.1154],[121.646028,25.115919],[121.645678,25.119034],[121.646233,25.121055],[121.644685,25.122203],[121.644889,25.123377],[121.644363,25.125016],[121.64302,25.12783],[121.641793,25.128076],[121.640771,25.129606],[121.637937,25.130835],[121.634637,25.13048],[121.633059,25.131108],[121.63265,25.132229],[121.628649,25.134687],[121.627831,25.136108],[121.627743,25.137173],[121.626809,25.139632],[121.626809,25.139686],[121.626809,25.139714],[121.629291,25.141763],[121.631015,25.142555],[121.632066,25.14261],[121.634753,25.143921],[121.636769,25.14362],[121.638872,25.144413],[121.639807,25.14586],[121.642377,25.144986],[121.644013,25.145779],[121.646262,25.145779],[121.649533,25.144877],[121.65041,25.145833],[121.651461,25.147964],[121.655755,25.149221],[121.657216,25.151433],[121.658267,25.152253],[121.661071,25.152144],[121.662327,25.152608],[121.663817,25.152198],[121.665949,25.152936],[121.667614,25.152936],[121.669191,25.1534],[121.6696,25.154602],[121.67147,25.155559],[121.674128,25.155422],[121.677574,25.155723],[121.678392,25.157444],[121.681342,25.159301],[121.682511,25.159274],[121.683183,25.160667],[121.684818,25.160121],[121.687593,25.161869],[121.68882,25.164082],[121.68958,25.164],[121.691069,25.16482],[121.691274,25.166322],[121.694983,25.166677],[121.696531,25.167169],[121.697524,25.166787],[121.698927,25.167224],[121.699102,25.168917],[121.700942,25.169327],[121.701059,25.170693],[121.702198,25.172551],[121.702256,25.173534],[121.704009,25.174081],[121.705966,25.173835],[121.707018,25.174217],[121.709033,25.175638],[121.709325,25.175966],[121.709646,25.176567],[121.710172,25.17602],[121.709968,25.174135],[121.708828,25.173807],[121.708478,25.172687],[121.70988,25.170994],[121.710084,25.17001],[121.709237,25.169819],[121.70804,25.168535],[121.708682,25.167579],[121.707251,25.166049],[121.708595,25.165175],[121.711136,25.164929],[121.712626,25.165694],[121.715751,25.166104],[121.716365,25.167142],[121.717445,25.16695],[121.717387,25.165967],[121.723667,25.165175],[121.724689,25.165803],[121.726033,25.164628],[121.72948,25.16359],[121.730268,25.164],[121.731261,25.162689],[121.732108,25.162689],[121.732722,25.161651],[121.733919,25.161459],[121.734825,25.160531],[121.733598,25.158591],[121.734153,25.158181],[121.735584,25.159329],[121.73684,25.159411],[121.737337,25.160312],[121.738914,25.16094],[121.739907,25.160339],[121.739644,25.15952],[121.742624,25.15728],[121.744844,25.156897],[121.747064,25.157252],[121.748495,25.156242],[121.752964,25.158509],[121.753373,25.159274],[121.754921,25.162252],[121.755564,25.16217],[121.756148,25.15952],[121.757667,25.159793],[121.757959,25.160886],[121.759945,25.161241],[121.760295,25.160421],[121.761931,25.160285],[121.762545,25.161569],[121.761639,25.162224],[121.762311,25.163481],[121.764881,25.163727],[121.766634,25.163044],[121.767393,25.162252],[121.768912,25.162142],[121.770168,25.161268],[121.770285,25.160285],[121.772885,25.160886],[121.774812,25.160476],[121.776799,25.15952],[121.778814,25.159329],[121.780333,25.158618],[121.776799,25.158919],[121.776653,25.15799],[121.77344,25.15646],[121.772709,25.155586],[121.773819,25.15534],[121.774725,25.155968],[121.775514,25.154138],[121.777938,25.151461],[121.779866,25.153209],[121.781969,25.152745],[121.783955,25.151652],[121.785065,25.149549],[121.785678,25.149549],[121.789125,25.148155],[121.791433,25.148374],[121.793185,25.146871],[121.794879,25.146817],[121.795317,25.148046],[121.797187,25.148183],[121.798151,25.147609],[121.800546,25.147527],[121.80186,25.148374],[121.802941,25.148101],[121.80703,25.149139],[121.80817,25.147745],[121.807878,25.146516],[121.806563,25.146079],[121.805979,25.144795],[121.804548,25.144467],[121.803847,25.143129],[121.804489,25.142418],[121.803058,25.141954],[121.803701,25.141244],[121.803175,25.140533],[121.804051,25.139249],[121.804285,25.137993],[121.803496,25.136217],[121.802503,25.134332],[121.803905,25.13354],[121.805336,25.131136],[121.805336,25.129196],[121.804226,25.128486],[121.803847,25.127229],[121.804986,25.125781],[121.804869,25.125071],[121.803408,25.123514],[121.803146,25.12223],[121.80224,25.12182],[121.800721,25.123049],[121.799816,25.123131],[121.799115,25.124361],[121.798092,25.124306],[121.797596,25.125044],[121.794616,25.126382],[121.794208,25.12335],[121.79707,25.121274],[121.797596,25.119826],[121.798823,25.119334],[121.798735,25.118405],[121.797567,25.117722],[121.798618,25.116657],[121.797946,25.116111],[121.797771,25.114307],[121.795668,25.113734],[121.794675,25.112559],[121.792922,25.112887],[121.790147,25.112259],[121.787256,25.115892],[121.786029,25.118132],[121.785269,25.118241],[121.783517,25.116602],[121.780567,25.117668],[121.779398,25.117586],[121.777149,25.118597],[121.775835,25.118706],[121.7749,25.11988],[121.772972,25.120099],[121.77157,25.118515],[121.771424,25.117504],[121.77049,25.116821],[121.76973,25.114963],[121.767977,25.113952],[121.766926,25.112504],[121.765465,25.113242],[121.763275,25.113433],[121.761435,25.112395],[121.75939,25.112586],[121.757024,25.110128],[121.751825,25.111029],[121.749985,25.109663]]],[[[121.788074,25.19569],[121.789213,25.195662],[121.789476,25.193395],[121.788891,25.192056],[121.787694,25.191264],[121.786204,25.191401],[121.782933,25.189652],[121.78191,25.189734],[121.781501,25.190854],[121.782378,25.193012],[121.783196,25.193258],[121.784539,25.194952],[121.787022,25.195799],[121.788074,25.19569]]]]}},{"type":"Feature","properties":{"COUNTYNAME":"台北市","COUNTYID":"A","COUNTYCODE":"63000","COUNTYENG":"Taipei City"},"geometry":{"type":"Polygon","coordinates":[[[121.597249,25.014376],[121.597482,25.013037],[121.596489,25.011917],[121.595642,25.007164],[121.595905,25.004514],[121.597891,25.004159],[121.599702,25.002492],[121.600549,25.000717],[121.60052,24.998504],[121.599673,24.99763],[121.599585,24.996428],[121.598768,24.995881],[121.598154,24.994488],[121.599293,24.993122],[121.59906,24.991729],[121.601864,24.990472],[121.601864,24.987986],[121.599848,24.986484],[121.600637,24.98031],[121.599352,24.978671],[121.60017,24.976922],[121.604493,24.975092],[121.605106,24.974436],[121.608231,24.974518],[121.610072,24.974245],[121.61124,24.974627],[121.613431,24.973371],[121.614132,24.973589],[121.616176,24.971677],[121.617754,24.970857],[121.619185,24.970584],[121.619974,24.9693],[121.619652,24.967169],[121.617841,24.966896],[121.616907,24.967525],[121.61492,24.966186],[121.613635,24.966432],[121.612058,24.965366],[121.610451,24.964984],[121.609224,24.964],[121.608465,24.963181],[121.605252,24.96299],[121.603383,24.962279],[121.602156,24.961214],[121.601075,24.960886],[121.598359,24.961241],[121.597073,24.960504],[121.594824,24.961596],[121.593364,24.964219],[121.591962,24.963946],[121.591173,24.964601],[121.588749,24.963372],[121.588048,24.963673],[121.585711,24.963208],[121.584397,24.964574],[121.582206,24.964765],[121.580512,24.965394],[121.578642,24.966596],[121.577357,24.966486],[121.574553,24.966842],[121.574348,24.965284],[121.572976,24.96411],[121.570405,24.964438],[121.568419,24.964055],[121.56506,24.964082],[121.564359,24.964629],[121.561204,24.964711],[121.559539,24.96676],[121.558459,24.968535],[121.557495,24.972251],[121.556093,24.973398],[121.555187,24.976512],[121.554106,24.976867],[121.553172,24.979026],[121.553055,24.980747],[121.553902,24.984353],[121.553756,24.9852],[121.552617,24.986702],[121.550835,24.987221],[121.550777,24.985254],[121.549024,24.983752],[121.547096,24.983287],[121.544847,24.983779],[121.544146,24.985036],[121.544789,24.98703],[121.543854,24.988287],[121.539998,24.98774],[121.538187,24.987986],[121.536844,24.988724],[121.536581,24.989735],[121.537077,24.99151],[121.536259,24.994078],[121.535033,24.995062],[121.534361,24.993313],[121.531674,24.990527],[121.531352,24.992548],[121.531732,24.993204],[121.531352,24.995444],[121.530564,24.997657],[121.531615,25.001208],[121.533368,25.002547],[121.533864,25.003612],[121.532608,25.005771],[121.53182,25.008666],[121.53182,25.008694],[121.531644,25.008912],[121.531528,25.009076],[121.531381,25.009213],[121.530768,25.009704],[121.530622,25.009786],[121.530447,25.009841],[121.530359,25.009868],[121.530067,25.009923],[121.529892,25.00995],[121.529629,25.009978],[121.529191,25.010032],[121.529016,25.010087],[121.528899,25.010114],[121.528636,25.010196],[121.528402,25.010305],[121.527409,25.01077],[121.527234,25.010852],[121.526971,25.011016],[121.526533,25.011262],[121.525335,25.012409],[121.525218,25.0126],[121.525014,25.012873],[121.524809,25.013119],[121.52443,25.013584],[121.524342,25.013693],[121.524254,25.013802],[121.524079,25.013966],[121.523962,25.01413],[121.523729,25.014431],[121.52367,25.014485],[121.523583,25.014649],[121.523349,25.014895],[121.523261,25.015086],[121.523144,25.015196],[121.523115,25.015277],[121.522911,25.015578],[121.522823,25.015769],[121.522677,25.015988],[121.522531,25.016179],[121.522443,25.016316],[121.52221,25.016698],[121.522122,25.016807],[121.522064,25.016917],[121.521859,25.017217],[121.521742,25.017408],[121.521626,25.017545],[121.521509,25.017682],[121.521421,25.017763],[121.521041,25.018201],[121.520837,25.018392],[121.520545,25.018638],[121.52037,25.018802],[121.520194,25.018938],[121.519961,25.019075],[121.519756,25.019239],[121.519552,25.019375],[121.519143,25.019621],[121.518851,25.019758],[121.518617,25.019867],[121.517945,25.020195],[121.517595,25.020304],[121.516952,25.020523],[121.516631,25.020632],[121.516426,25.020687],[121.51628,25.020741],[121.516163,25.020769],[121.516076,25.020796],[121.515813,25.020905],[121.51555,25.020987],[121.515287,25.021096],[121.514966,25.021178],[121.514323,25.02137],[121.51409,25.021424],[121.513739,25.021506],[121.513535,25.021561],[121.513301,25.021615],[121.512921,25.02167],[121.512687,25.021697],[121.512541,25.021725],[121.512395,25.021752],[121.512337,25.021752],[121.512162,25.021779],[121.511957,25.021807],[121.511782,25.021807],[121.511665,25.021807],[121.511373,25.021834],[121.510847,25.021807],[121.510614,25.021779],[121.510555,25.021752],[121.510322,25.021725],[121.510117,25.02167],[121.509971,25.021643],[121.509562,25.021506],[121.509416,25.021451],[121.509241,25.02137],[121.509036,25.021315],[121.50889,25.021206],[121.508832,25.021178],[121.508715,25.021096],[121.508394,25.02085],[121.508335,25.020769],[121.507868,25.020331],[121.507547,25.020086],[121.507138,25.019703],[121.506787,25.019403],[121.506554,25.019184],[121.506145,25.018802],[121.505823,25.018474],[121.505385,25.018009],[121.505297,25.017927],[121.505064,25.017627],[121.504713,25.017244],[121.504596,25.017108],[121.504071,25.016507],[121.503779,25.016152],[121.502932,25.015059],[121.502377,25.014376],[121.502231,25.014185],[121.501938,25.01372],[121.501208,25.012846],[121.500858,25.012491],[121.500332,25.011999],[121.500157,25.011863],[121.499923,25.011726],[121.499719,25.011562],[121.499456,25.011371],[121.498667,25.010879],[121.498316,25.010661],[121.497031,25.009923],[121.496827,25.009841],[121.496301,25.009595],[121.49598,25.009486],[121.495629,25.009404],[121.495337,25.009322],[121.495279,25.009295],[121.494899,25.00924],[121.494023,25.009185],[121.493701,25.009185],[121.493497,25.009185],[121.493117,25.00924],[121.492796,25.009404],[121.492241,25.010087],[121.492036,25.010387],[121.49189,25.010661],[121.491832,25.010825],[121.491657,25.01107],[121.491569,25.011234],[121.491452,25.011426],[121.49116,25.011808],[121.490926,25.012027],[121.490488,25.012573],[121.490342,25.012737],[121.489963,25.01301],[121.489612,25.013147],[121.489554,25.013392],[121.489554,25.013474],[121.489437,25.013884],[121.489378,25.014103],[121.489262,25.014294],[121.489145,25.014485],[121.489115,25.014595],[121.489028,25.014704],[121.48894,25.014868],[121.488882,25.015004],[121.488794,25.01525],[121.488677,25.015551],[121.488677,25.015769],[121.488677,25.015851],[121.488648,25.016015],[121.488648,25.01637],[121.488619,25.016479],[121.48859,25.016616],[121.48859,25.016671],[121.488561,25.016835],[121.488561,25.016999],[121.488531,25.017272],[121.488502,25.017381],[121.488502,25.017463],[121.488531,25.017627],[121.488531,25.017791],[121.488561,25.018119],[121.488531,25.018501],[121.488531,25.018774],[121.488531,25.018856],[121.488502,25.019102],[121.488502,25.019157],[121.488502,25.019321],[121.488444,25.019676],[121.488385,25.019894],[121.488385,25.02014],[121.488385,25.020222],[121.488385,25.020386],[121.488356,25.020468],[121.488385,25.020605],[121.488385,25.020741],[121.488385,25.020878],[121.488385,25.021042],[121.488473,25.021397],[121.488531,25.021725],[121.48859,25.022134],[121.488619,25.022326],[121.488677,25.023582],[121.48859,25.023774],[121.488531,25.023937],[121.488327,25.024375],[121.488122,25.024839],[121.487947,25.025276],[121.487801,25.025604],[121.487626,25.025986],[121.487597,25.026478],[121.487567,25.026943],[121.487567,25.026997],[121.487538,25.027106],[121.487334,25.02738],[121.487129,25.027489],[121.486603,25.028254],[121.486311,25.028937],[121.486253,25.029019],[121.486107,25.029292],[121.48564,25.030166],[121.485435,25.030549],[121.485231,25.030931],[121.485026,25.031341],[121.484822,25.031778],[121.484793,25.031969],[121.484734,25.032133],[121.484676,25.032324],[121.484471,25.032789],[121.484384,25.032953],[121.484296,25.033198],[121.48415,25.033581],[121.483916,25.034155],[121.483741,25.034674],[121.483683,25.035083],[121.483624,25.035329],[121.483624,25.035657],[121.483624,25.035985],[121.483653,25.036313],[121.483712,25.036559],[121.483829,25.036914],[121.483887,25.037105],[121.483975,25.037351],[121.484091,25.037651],[121.484325,25.038007],[121.484384,25.038143],[121.484588,25.038416],[121.484997,25.039017],[121.485201,25.039209],[121.485231,25.039236],[121.485318,25.039345],[121.485377,25.039427],[121.48564,25.039646],[121.485815,25.03981],[121.485902,25.039892],[121.486107,25.040083],[121.486224,25.040192],[121.486428,25.040356],[121.48672,25.040602],[121.487012,25.040875],[121.487275,25.041121],[121.487538,25.041367],[121.488006,25.041804],[121.488239,25.04205],[121.488736,25.042514],[121.489086,25.042705],[121.489203,25.042705],[121.489466,25.042733],[121.49005,25.042787],[121.490372,25.042815],[121.49078,25.042842],[121.491306,25.042897],[121.491744,25.042869],[121.491949,25.042897],[121.492621,25.042897],[121.493438,25.042869],[121.493585,25.042869],[121.493847,25.042869],[121.49411,25.042869],[121.494461,25.042842],[121.494957,25.042842],[121.49522,25.042842],[121.495571,25.042951],[121.495892,25.043061],[121.496213,25.043224],[121.496389,25.043306],[121.496622,25.043388],[121.496856,25.043498],[121.497469,25.043798],[121.497645,25.043907],[121.497908,25.043989],[121.499017,25.044536],[121.499397,25.0447],[121.49966,25.044809],[121.50004,25.045027],[121.500244,25.045137],[121.50039,25.045246],[121.500975,25.045683],[121.501237,25.045874],[121.501997,25.046803],[121.502084,25.046912],[121.502231,25.047104],[121.502406,25.047295],[121.50299,25.047923],[121.503136,25.048087],[121.503136,25.048224],[121.503574,25.048634],[121.503662,25.048715],[121.503895,25.048907],[121.50445,25.049508],[121.504626,25.049754],[121.504655,25.049781],[121.504713,25.04989],[121.504801,25.050081],[121.504947,25.050382],[121.505181,25.050901],[121.505356,25.051283],[121.505444,25.051447],[121.505794,25.052294],[121.505823,25.052403],[121.505969,25.052813],[121.506057,25.053141],[121.506174,25.053469],[121.506261,25.053988],[121.506261,25.05407],[121.506291,25.054452],[121.50632,25.054698],[121.50632,25.054808],[121.506349,25.055245],[121.506378,25.055764],[121.506203,25.056419],[121.50594,25.057075],[121.505823,25.057348],[121.505765,25.057485],[121.50556,25.058031],[121.505531,25.05814],[121.505444,25.058414],[121.505414,25.058605],[121.505385,25.05926],[121.505414,25.059561],[121.505444,25.059725],[121.505531,25.060271],[121.50556,25.060381],[121.505619,25.06079],[121.505736,25.061036],[121.505999,25.061938],[121.506057,25.062211],[121.506174,25.062648],[121.506261,25.062976],[121.50632,25.06314],[121.506378,25.063304],[121.506466,25.063631],[121.506524,25.063768],[121.506583,25.063987],[121.506641,25.064178],[121.506758,25.064478],[121.506816,25.064724],[121.506846,25.065243],[121.506875,25.065626],[121.506904,25.066445],[121.506904,25.066828],[121.506933,25.067319],[121.506933,25.067675],[121.506933,25.067757],[121.506962,25.068221],[121.506992,25.068412],[121.506992,25.068685],[121.507021,25.069341],[121.507021,25.069642],[121.507021,25.069805],[121.50705,25.070188],[121.507021,25.070488],[121.507021,25.070598],[121.506992,25.070789],[121.506992,25.070844],[121.506992,25.070953],[121.506787,25.071718],[121.506612,25.072182],[121.506554,25.072455],[121.506437,25.072729],[121.506378,25.07292],[121.50632,25.073029],[121.50632,25.07322],[121.50632,25.073439],[121.506291,25.073712],[121.506232,25.074013],[121.506174,25.074422],[121.506115,25.074586],[121.506028,25.074859],[121.505882,25.075296],[121.505823,25.075515],[121.505648,25.075925],[121.505268,25.076799],[121.505122,25.077127],[121.504976,25.077455],[121.504859,25.077701],[121.504801,25.077837],[121.504743,25.077946],[121.504655,25.07811],[121.504655,25.078192],[121.504538,25.078465],[121.50445,25.078793],[121.504421,25.07893],[121.504304,25.07923],[121.5041,25.079886],[121.503983,25.080187],[121.503954,25.080296],[121.503808,25.080569],[121.503662,25.080842],[121.503603,25.080951],[121.503428,25.081307],[121.50337,25.081416],[121.503253,25.081689],[121.503107,25.081962],[121.503048,25.082072],[121.502932,25.082317],[121.50261,25.082946],[121.502493,25.083192],[121.502406,25.083328],[121.501938,25.084011],[121.501763,25.084312],[121.501471,25.084749],[121.501325,25.084967],[121.501179,25.085186],[121.501004,25.085459],[121.500916,25.085541],[121.50077,25.085814],[121.500566,25.086087],[121.500273,25.086552],[121.499865,25.087098],[121.499689,25.087344],[121.499514,25.087535],[121.498784,25.088191],[121.498609,25.088355],[121.498229,25.088683],[121.497966,25.088874],[121.497586,25.089229],[121.497265,25.089502],[121.497177,25.089584],[121.496827,25.089885],[121.495366,25.091141],[121.495191,25.091305],[121.495103,25.091387],[121.494928,25.091578],[121.494724,25.091742],[121.493993,25.092316],[121.493585,25.092644],[121.493322,25.092862],[121.493059,25.093081],[121.492475,25.093573],[121.492212,25.093791],[121.492036,25.093955],[121.491715,25.094228],[121.49154,25.094392],[121.49116,25.094775],[121.491131,25.094775],[121.49078,25.095102],[121.490693,25.095212],[121.490342,25.095567],[121.490255,25.095622],[121.490079,25.095813],[121.489758,25.096195],[121.489174,25.096769],[121.488969,25.09696],[121.488736,25.097124],[121.488006,25.097534],[121.487655,25.097752],[121.48748,25.097862],[121.487158,25.09808],[121.487012,25.098162],[121.48675,25.098353],[121.486516,25.09849],[121.486282,25.098627],[121.486019,25.098763],[121.485961,25.098818],[121.485523,25.098954],[121.485464,25.098982],[121.485318,25.099009],[121.485143,25.099091],[121.485055,25.099118],[121.484793,25.099228],[121.484646,25.099282],[121.484354,25.099392],[121.484238,25.099446],[121.484121,25.099473],[121.483945,25.099555],[121.483799,25.09961],[121.483595,25.099692],[121.48339,25.099747],[121.483274,25.099801],[121.48231,25.100293],[121.482018,25.10043],[121.481755,25.100566],[121.481463,25.10073],[121.481141,25.100839],[121.481054,25.100867],[121.480849,25.100921],[121.480762,25.100949],[121.480411,25.101003],[121.480265,25.101031],[121.480002,25.101085],[121.479827,25.101113],[121.479447,25.101167],[121.479155,25.101249],[121.478104,25.101413],[121.477899,25.101413],[121.477782,25.10144],[121.477461,25.10144],[121.476906,25.101468],[121.476439,25.101468],[121.476117,25.101468],[121.475475,25.101468],[121.475212,25.101495],[121.474861,25.101495],[121.47454,25.101495],[121.474043,25.10155],[121.473897,25.10155],[121.473576,25.101577],[121.473459,25.101577],[121.473021,25.101604],[121.472641,25.101604],[121.471444,25.101604],[121.471093,25.101604],[121.470714,25.101604],[121.469399,25.101632],[121.469107,25.101632],[121.468961,25.101632],[121.468143,25.101632],[121.468026,25.101632],[121.467617,25.101632],[121.467384,25.101632],[121.467033,25.101659],[121.4668,25.101659],[121.466537,25.101659],[121.466099,25.101741],[121.465923,25.101823],[121.465047,25.102151],[121.464609,25.102287],[121.464141,25.102451],[121.463966,25.102533],[121.463733,25.102615],[121.463411,25.102779],[121.463119,25.102916],[121.463002,25.10297],[121.462652,25.103189],[121.462272,25.10338],[121.461951,25.103544],[121.4616,25.103735],[121.461191,25.104008],[121.461104,25.10409],[121.460841,25.104254],[121.460753,25.104309],[121.460578,25.104445],[121.460111,25.104773],[121.458212,25.106194],[121.457686,25.106686],[121.457336,25.107095],[121.457219,25.107532],[121.45716,25.107724],[121.45716,25.108461],[121.45719,25.108653],[121.457219,25.108816],[121.457423,25.10939],[121.457569,25.109827],[121.457628,25.110128],[121.457657,25.110237],[121.457745,25.110428],[121.457774,25.11051],[121.45792,25.110865],[121.458183,25.111412],[121.458358,25.11174],[121.45865,25.112095],[121.458738,25.112204],[121.458855,25.112395],[121.45903,25.112723],[121.459059,25.112805],[121.459205,25.113051],[121.459293,25.113187],[121.45938,25.113324],[121.459906,25.114362],[121.460081,25.114635],[121.460169,25.114881],[121.460315,25.115127],[121.460403,25.115291],[121.46052,25.11551],[121.460666,25.115728],[121.460753,25.115865],[121.460841,25.116056],[121.460899,25.116192],[121.460841,25.116411],[121.460841,25.116493],[121.460753,25.116712],[121.460666,25.116903],[121.460578,25.117258],[121.46052,25.117504],[121.460344,25.118077],[121.460257,25.118323],[121.460198,25.118542],[121.46014,25.118733],[121.460052,25.119006],[121.459994,25.119307],[121.459935,25.119553],[121.459818,25.120154],[121.459789,25.12029],[121.459731,25.120536],[121.459643,25.120946],[121.459585,25.121137],[121.459585,25.121192],[121.459439,25.121629],[121.45938,25.121847],[121.459293,25.122066],[121.459001,25.122558],[121.458942,25.122667],[121.458825,25.122858],[121.458796,25.122913],[121.458796,25.12294],[121.458913,25.122967],[121.459205,25.12294],[121.459439,25.122967],[121.459965,25.12294],[121.46014,25.122967],[121.460578,25.122967],[121.46087,25.122967],[121.461104,25.122995],[121.461396,25.123049],[121.461542,25.123159],[121.461571,25.123432],[121.461746,25.123596],[121.462243,25.123623],[121.46271,25.123705],[121.46347,25.123924],[121.463849,25.123924],[121.464521,25.12417],[121.464755,25.124224],[121.464813,25.124333],[121.464667,25.124525],[121.46458,25.124634],[121.46458,25.124689],[121.464609,25.124825],[121.464696,25.125071],[121.464726,25.125372],[121.464726,25.125508],[121.464696,25.125781],[121.464696,25.125836],[121.464667,25.126054],[121.464609,25.126164],[121.464463,25.126737],[121.464346,25.127284],[121.464317,25.127448],[121.464521,25.128158],[121.464726,25.128459],[121.464813,25.128841],[121.464872,25.129005],[121.46493,25.129169],[121.465018,25.129415],[121.465135,25.129824],[121.465193,25.129988],[121.465368,25.130617],[121.465427,25.130972],[121.465602,25.131573],[121.465748,25.131764],[121.465982,25.131955],[121.466128,25.132119],[121.466274,25.132365],[121.466449,25.132529],[121.466712,25.132857],[121.466946,25.132966],[121.467121,25.133185],[121.467267,25.133294],[121.467559,25.133567],[121.467705,25.133731],[121.467909,25.134004],[121.467968,25.134113],[121.46826,25.134332],[121.468377,25.134523],[121.468435,25.134796],[121.468698,25.135316],[121.468786,25.135452],[121.468932,25.135616],[121.469165,25.13578],[121.46937,25.135944],[121.46975,25.136135],[121.469983,25.136272],[121.470188,25.136381],[121.470743,25.136681],[121.471064,25.136927],[121.47121,25.137009],[121.471269,25.137037],[121.471502,25.137255],[121.471561,25.13731],[121.471765,25.137501],[121.471765,25.137528],[121.47197,25.137747],[121.472232,25.138239],[121.472291,25.138594],[121.472349,25.138758],[121.472495,25.139085],[121.472612,25.139277],[121.472933,25.139577],[121.473693,25.140206],[121.473985,25.140397],[121.474277,25.140697],[121.47454,25.140889],[121.474686,25.140998],[121.474949,25.141244],[121.475153,25.141571],[121.47527,25.141735],[121.475387,25.141899],[121.475562,25.142118],[121.475854,25.142336],[121.476205,25.142582],[121.476322,25.142664],[121.476439,25.142801],[121.476555,25.143101],[121.476555,25.143238],[121.476585,25.143675],[121.476731,25.143894],[121.476818,25.144003],[121.476994,25.144112],[121.477256,25.144221],[121.477461,25.144276],[121.477724,25.144495],[121.477841,25.144631],[121.478016,25.144768],[121.47825,25.144959],[121.478542,25.145205],[121.478951,25.14556],[121.479155,25.145724],[121.479272,25.145833],[121.479447,25.145942],[121.479593,25.146052],[121.479973,25.146352],[121.480265,25.146571],[121.48044,25.146707],[121.480528,25.146735],[121.480616,25.146844],[121.480645,25.146871],[121.480849,25.14709],[121.481024,25.147281],[121.481287,25.147636],[121.481404,25.147745],[121.481667,25.147991],[121.481784,25.148265],[121.481872,25.14851],[121.481959,25.148702],[121.482018,25.148838],[121.482134,25.149084],[121.482222,25.149221],[121.48231,25.149385],[121.482397,25.149549],[121.482543,25.149794],[121.482835,25.150231],[121.483011,25.150341],[121.483244,25.15045],[121.483595,25.150696],[121.483683,25.150723],[121.484734,25.15086],[121.486545,25.150805],[121.486779,25.150942],[121.48748,25.151433],[121.487451,25.151652],[121.487421,25.151843],[121.487597,25.152308],[121.487597,25.152472],[121.487567,25.152909],[121.487743,25.153155],[121.487889,25.153291],[121.488093,25.15351],[121.488268,25.153947],[121.488619,25.154247],[121.489349,25.155367],[121.489554,25.155723],[121.489612,25.155804],[121.4897,25.15605],[121.489787,25.156214],[121.490021,25.156405],[121.490109,25.156542],[121.490196,25.156679],[121.490926,25.157826],[121.491073,25.15799],[121.491335,25.158454],[121.491481,25.158673],[121.491569,25.158837],[121.491628,25.15911],[121.49189,25.159711],[121.492153,25.160066],[121.492299,25.160257],[121.492358,25.160394],[121.492591,25.160613],[121.492708,25.160695],[121.493731,25.161377],[121.493847,25.161432],[121.494753,25.161978],[121.494899,25.162088],[121.495337,25.162579],[121.495571,25.162825],[121.495804,25.162989],[121.496155,25.163153],[121.496418,25.163262],[121.496739,25.163426],[121.497119,25.16359],[121.497265,25.163672],[121.497469,25.163754],[121.497674,25.163918],[121.497878,25.164109],[121.498521,25.16471],[121.498755,25.164956],[121.49893,25.165257],[121.499134,25.165639],[121.49928,25.165994],[121.499543,25.167087],[121.499602,25.16736],[121.499689,25.167551],[121.499835,25.167907],[121.500011,25.168125],[121.500303,25.16848],[121.50039,25.16859],[121.500507,25.168644],[121.500712,25.168726],[121.500858,25.168754],[121.5015,25.169136],[121.501763,25.169273],[121.501851,25.169409],[121.501909,25.169546],[121.501938,25.169928],[121.501909,25.169983],[121.50188,25.170147],[121.501792,25.170557],[121.501763,25.170802],[121.501734,25.170857],[121.501676,25.171103],[121.501676,25.171294],[121.501734,25.171403],[121.50188,25.17154],[121.502172,25.171841],[121.502231,25.171895],[121.502318,25.172032],[121.502639,25.17307],[121.502552,25.173234],[121.502552,25.173261],[121.50334,25.173343],[121.503895,25.173316],[121.504918,25.173206],[121.505093,25.173043],[121.505356,25.172742],[121.505385,25.17266],[121.505444,25.172414],[121.505444,25.172332],[121.505297,25.171813],[121.505414,25.171595],[121.505502,25.171485],[121.50559,25.171349],[121.50559,25.171294],[121.505736,25.171076],[121.506261,25.171048],[121.506583,25.171158],[121.506933,25.171212],[121.50705,25.171158],[121.507371,25.170966],[121.507605,25.170802],[121.507926,25.170529],[121.508131,25.17042],[121.508248,25.170365],[121.509066,25.17001],[121.509328,25.169874],[121.509737,25.169682],[121.51,25.169573],[121.510409,25.169436],[121.511285,25.169409],[121.511548,25.169682],[121.51184,25.169928],[121.512103,25.170256],[121.513009,25.170939],[121.513535,25.170994],[121.513943,25.170966],[121.514294,25.170884],[121.514674,25.170748],[121.515112,25.170638],[121.515725,25.17042],[121.515842,25.170365],[121.516047,25.170256],[121.516251,25.170201],[121.516514,25.170147],[121.516894,25.170119],[121.517419,25.170037],[121.517653,25.169983],[121.518004,25.169874],[121.518091,25.169846],[121.518588,25.169628],[121.518938,25.169464],[121.519114,25.169409],[121.519376,25.1693],[121.51961,25.169245],[121.519844,25.169218],[121.520048,25.169382],[121.520165,25.169682],[121.520223,25.169819],[121.52037,25.170119],[121.520457,25.170229],[121.520545,25.17042],[121.520866,25.17083],[121.521012,25.171103],[121.5211,25.171267],[121.521187,25.171431],[121.521217,25.172141],[121.521217,25.17236],[121.521479,25.172961],[121.521626,25.173261],[121.521655,25.173288],[121.52183,25.17348],[121.521918,25.173562],[121.522034,25.173698],[121.522385,25.17419],[121.522502,25.174381],[121.522531,25.174545],[121.52256,25.174764],[121.522414,25.175283],[121.522385,25.175529],[121.522385,25.175692],[121.522385,25.175938],[121.522297,25.176184],[121.522181,25.176348],[121.522005,25.176649],[121.522064,25.177031],[121.522327,25.177878],[121.52221,25.178233],[121.521918,25.178616],[121.521713,25.178998],[121.521742,25.179135],[121.522327,25.179626],[121.522502,25.179763],[121.522589,25.179818],[121.522794,25.180009],[121.522882,25.180118],[121.523144,25.180364],[121.523378,25.180582],[121.524138,25.181293],[121.524488,25.181648],[121.524868,25.182003],[121.525072,25.182194],[121.52516,25.182249],[121.525394,25.182467],[121.525423,25.182522],[121.52554,25.182631],[121.525802,25.18285],[121.526357,25.183096],[121.52662,25.183123],[121.526883,25.18315],[121.527292,25.183205],[121.527672,25.183205],[121.528022,25.183178],[121.528402,25.183123],[121.528928,25.183041],[121.529191,25.183014],[121.530009,25.18326],[121.530272,25.183369],[121.530505,25.183506],[121.53071,25.18356],[121.530914,25.183588],[121.531177,25.183642],[121.531352,25.183642],[121.531703,25.183642],[121.532258,25.183615],[121.53328,25.183588],[121.533485,25.183642],[121.533631,25.183779],[121.533747,25.183888],[121.534478,25.184407],[121.534595,25.184434],[121.53477,25.184653],[121.53477,25.184708],[121.534974,25.185008],[121.53512,25.185281],[121.535208,25.185363],[121.535296,25.185527],[121.535325,25.185554],[121.5355,25.185828],[121.535617,25.186237],[121.535704,25.186511],[121.535821,25.186675],[121.536727,25.18692],[121.537194,25.18703],[121.53734,25.186975],[121.537778,25.186893],[121.538216,25.186866],[121.538479,25.186893],[121.538859,25.186975],[121.539122,25.187057],[121.539385,25.187112],[121.539823,25.187084],[121.540845,25.187221],[121.541079,25.187385],[121.541751,25.188095],[121.541926,25.188341],[121.542131,25.188587],[121.542306,25.188723],[121.542539,25.188805],[121.542627,25.188805],[121.542832,25.188969],[121.542861,25.189488],[121.54289,25.18968],[121.54289,25.189898],[121.54289,25.190035],[121.542861,25.190335],[121.542832,25.190772],[121.542773,25.190964],[121.542773,25.191373],[121.542802,25.19151],[121.542861,25.191728],[121.543124,25.192575],[121.543153,25.192903],[121.543211,25.193231],[121.54324,25.193559],[121.54327,25.193777],[121.543445,25.194105],[121.54362,25.19416],[121.543708,25.194242],[121.543825,25.194406],[121.543883,25.19446],[121.544117,25.194706],[121.544496,25.19528],[121.544584,25.195471],[121.544759,25.195635],[121.544935,25.195772],[121.545081,25.195826],[121.545256,25.195908],[121.545431,25.19599],[121.545636,25.196127],[121.545811,25.196236],[121.545986,25.1964],[121.546074,25.196564],[121.54622,25.196864],[121.546424,25.197028],[121.546658,25.197083],[121.546862,25.197083],[121.547096,25.197028],[121.547797,25.197575],[121.547972,25.197848],[121.548878,25.198176],[121.549345,25.197875],[121.549871,25.197411],[121.550309,25.197247],[121.550601,25.197138],[121.550777,25.197165],[121.550864,25.19722],[121.551273,25.197438],[121.551478,25.19752],[121.551653,25.197629],[121.551916,25.197821],[121.552003,25.197984],[121.552062,25.198094],[121.552208,25.19834],[121.552325,25.198476],[121.5525,25.198695],[121.552587,25.198804],[121.552646,25.19905],[121.552617,25.199214],[121.552587,25.199296],[121.552529,25.199678],[121.552529,25.199979],[121.552587,25.200279],[121.552617,25.200498],[121.552617,25.200689],[121.552558,25.200962],[121.552441,25.201099],[121.552354,25.201208],[121.552179,25.201345],[121.552062,25.201399],[121.551857,25.201563],[121.551682,25.201754],[121.551536,25.201946],[121.551478,25.202219],[121.551507,25.202328],[121.551565,25.202765],[121.551565,25.202902],[121.551594,25.203066],[121.551653,25.203339],[121.551945,25.203639],[121.552208,25.203749],[121.552412,25.203858],[121.552558,25.20394],[121.55288,25.204049],[121.553113,25.204186],[121.553201,25.204541],[121.55323,25.204677],[121.55323,25.204814],[121.553259,25.204923],[121.553289,25.204978],[121.553347,25.205115],[121.553405,25.205169],[121.553493,25.205251],[121.553581,25.205306],[121.553727,25.205442],[121.553931,25.205634],[121.554077,25.205798],[121.554136,25.20588],[121.554223,25.206043],[121.554428,25.206644],[121.554574,25.207054],[121.554691,25.207327],[121.554778,25.207655],[121.554895,25.208174],[121.554953,25.208311],[121.5551,25.208475],[121.555216,25.208529],[121.555917,25.208639],[121.556823,25.208693],[121.557203,25.208885],[121.557699,25.209212],[121.557904,25.209376],[121.55802,25.209513],[121.559189,25.210169],[121.559422,25.210169],[121.55989,25.210169],[121.560182,25.210059],[121.560357,25.210005],[121.560795,25.209841],[121.560971,25.209786],[121.561409,25.209677],[121.56173,25.209622],[121.562256,25.209595],[121.562373,25.209568],[121.562665,25.209458],[121.562723,25.209376],[121.562782,25.209185],[121.562782,25.209021],[121.562811,25.208611],[121.562811,25.208475],[121.562957,25.207737],[121.562986,25.207464],[121.563074,25.207273],[121.563337,25.206508],[121.563366,25.206262],[121.563453,25.205961],[121.563512,25.20577],[121.563599,25.205606],[121.56395,25.205279],[121.564038,25.205197],[121.564184,25.20506],[121.564563,25.204213],[121.564651,25.203803],[121.564768,25.203257],[121.564885,25.203011],[121.564943,25.202793],[121.565031,25.20241],[121.565089,25.202246],[121.565089,25.201973],[121.564943,25.20159],[121.564826,25.201017],[121.565001,25.20088],[121.565323,25.200634],[121.565586,25.20047],[121.565703,25.200307],[121.565761,25.200061],[121.565878,25.199869],[121.566228,25.199596],[121.566491,25.199514],[121.566812,25.199432],[121.567543,25.199214],[121.568361,25.198913],[121.568682,25.198667],[121.569558,25.19834],[121.569938,25.198285],[121.570464,25.197821],[121.57061,25.197711],[121.570873,25.197438],[121.570902,25.197383],[121.57096,25.197274],[121.570989,25.197028],[121.570931,25.19681],[121.570873,25.1967],[121.570814,25.196455],[121.571077,25.196099],[121.571486,25.195772],[121.571574,25.195662],[121.571661,25.195526],[121.572158,25.195335],[121.572391,25.195225],[121.573268,25.195007],[121.573414,25.195034],[121.573531,25.195061],[121.573706,25.195143],[121.574144,25.195143],[121.574465,25.195253],[121.574582,25.195307],[121.574903,25.195444],[121.57505,25.195498],[121.5754,25.19558],[121.575663,25.195608],[121.576101,25.195335],[121.576159,25.195307],[121.576393,25.195253],[121.576627,25.19528],[121.576948,25.195335],[121.577153,25.195335],[121.577649,25.194843],[121.578029,25.194652],[121.578263,25.194597],[121.578555,25.194515],[121.578847,25.194296],[121.579139,25.194133],[121.579402,25.194351],[121.579489,25.194597],[121.579548,25.194761],[121.580336,25.195307],[121.580891,25.195362],[121.58168,25.195225],[121.581943,25.195143],[121.582235,25.195089],[121.582615,25.195061],[121.583433,25.194788],[121.583695,25.194652],[121.583725,25.19457],[121.583579,25.19446],[121.583228,25.194214],[121.583024,25.193996],[121.582936,25.193887],[121.582878,25.193723],[121.582819,25.193395],[121.582702,25.193149],[121.582732,25.192985],[121.582936,25.192712],[121.583141,25.192603],[121.583403,25.192439],[121.583549,25.192329],[121.583783,25.191974],[121.583783,25.191838],[121.583637,25.191455],[121.583695,25.191237],[121.583842,25.190964],[121.583695,25.190663],[121.583783,25.190554],[121.583812,25.190526],[121.583929,25.190417],[121.583958,25.190308],[121.583988,25.189953],[121.583988,25.189871],[121.583871,25.189734],[121.583783,25.189488],[121.583812,25.189352],[121.583929,25.189188],[121.584017,25.188997],[121.584017,25.18886],[121.583988,25.188805],[121.583695,25.188696],[121.583549,25.188723],[121.583491,25.188751],[121.58317,25.188696],[121.582994,25.188587],[121.582936,25.188423],[121.583053,25.187986],[121.582878,25.187467],[121.582586,25.187276],[121.582089,25.186811],[121.582001,25.186593],[121.581768,25.186101],[121.582001,25.185582],[121.582323,25.185172],[121.582586,25.184871],[121.582761,25.184516],[121.582761,25.184325],[121.582673,25.184079],[121.582644,25.183915],[121.582586,25.183751],[121.582498,25.183669],[121.582293,25.183615],[121.582031,25.18356],[121.581709,25.183424],[121.581651,25.183314],[121.581417,25.182905],[121.581359,25.182768],[121.58133,25.182467],[121.581242,25.182304],[121.581067,25.182167],[121.580862,25.181948],[121.580862,25.181812],[121.580921,25.181621],[121.581388,25.180883],[121.5813,25.180664],[121.581271,25.180446],[121.582147,25.179818],[121.582235,25.179572],[121.582206,25.179326],[121.582206,25.178971],[121.582293,25.178807],[121.582469,25.178534],[121.582615,25.17826],[121.58279,25.178096],[121.582878,25.177987],[121.583053,25.177769],[121.583345,25.177414],[121.583433,25.17714],[121.583462,25.177086],[121.58352,25.176894],[121.583111,25.176649],[121.582965,25.176293],[121.582965,25.176048],[121.582994,25.175638],[121.582994,25.175556],[121.582965,25.175447],[121.582819,25.175228],[121.582673,25.175009],[121.582469,25.174818],[121.582293,25.174709],[121.582089,25.174463],[121.581943,25.174245],[121.581797,25.173917],[121.581592,25.173753],[121.581067,25.17337],[121.58095,25.173234],[121.580687,25.172906],[121.579577,25.172168],[121.579256,25.171922],[121.578642,25.171048],[121.578087,25.17072],[121.577299,25.169956],[121.577386,25.168781],[121.577299,25.168234],[121.577036,25.167306],[121.577007,25.167142],[121.577065,25.167005],[121.578496,25.165803],[121.578847,25.165612],[121.579606,25.165475],[121.580512,25.165448],[121.581008,25.16553],[121.581242,25.16553],[121.582031,25.165448],[121.582615,25.16553],[121.583053,25.165803],[121.583374,25.165639],[121.583433,25.165421],[121.583462,25.165311],[121.583608,25.165065],[121.583812,25.164984],[121.58428,25.164902],[121.584572,25.164792],[121.584776,25.164656],[121.58501,25.164492],[121.585185,25.164328],[121.585331,25.164219],[121.585828,25.163809],[121.586061,25.163672],[121.586207,25.16359],[121.58647,25.163481],[121.586616,25.163426],[121.587142,25.163426],[121.587347,25.163399],[121.587668,25.163235],[121.587843,25.162989],[121.588135,25.162962],[121.588427,25.162989],[121.588544,25.163044],[121.588778,25.163099],[121.589245,25.163399],[121.589829,25.163727],[121.589917,25.163536],[121.589976,25.163317],[121.590005,25.163099],[121.590151,25.162525],[121.590238,25.162224],[121.590238,25.162142],[121.590297,25.161897],[121.590326,25.161787],[121.590384,25.161596],[121.590472,25.161214],[121.590501,25.160995],[121.590501,25.160394],[121.590589,25.160203],[121.590823,25.159766],[121.590939,25.15952],[121.590998,25.159438],[121.591115,25.159192],[121.591699,25.157908],[121.591786,25.157662],[121.591553,25.156979],[121.591582,25.156733],[121.59164,25.156515],[121.591728,25.156378],[121.591845,25.156023],[121.591816,25.155777],[121.591786,25.155531],[121.591582,25.155122],[121.591524,25.15504],[121.591348,25.15493],[121.59091,25.154712],[121.590793,25.15463],[121.590764,25.154575],[121.590677,25.154302],[121.590618,25.154138],[121.590589,25.153947],[121.59056,25.153728],[121.590209,25.153182],[121.590063,25.153073],[121.589859,25.152909],[121.589654,25.152799],[121.58945,25.152663],[121.589713,25.152116],[121.590092,25.151898],[121.590384,25.151789],[121.59053,25.151679],[121.591144,25.151352],[121.591319,25.151242],[121.591524,25.151106],[121.592166,25.150887],[121.592517,25.150887],[121.592692,25.15086],[121.592926,25.150805],[121.593568,25.150313],[121.593714,25.15004],[121.593802,25.149767],[121.59386,25.148948],[121.593831,25.148401],[121.593831,25.148292],[121.594036,25.147909],[121.594503,25.147527],[121.59497,25.146899],[121.595233,25.146598],[121.595496,25.146079],[121.595759,25.145423],[121.595993,25.144686],[121.595963,25.144276],[121.595905,25.144085],[121.595788,25.143675],[121.595759,25.143593],[121.595788,25.143429],[121.596752,25.142746],[121.5983,25.140479],[121.598475,25.140233],[121.598651,25.140151],[121.599001,25.140014],[121.599206,25.13996],[121.599527,25.13985],[121.599936,25.139686],[121.600316,25.139468],[121.600491,25.139386],[121.600666,25.139195],[121.600841,25.138949],[121.601046,25.13873],[121.601455,25.138266],[121.601572,25.138102],[121.601659,25.137911],[121.602127,25.137802],[121.602682,25.137528],[121.602944,25.137364],[121.603178,25.1372],[121.60347,25.136982],[121.604025,25.136326],[121.604084,25.13619],[121.604259,25.136217],[121.604376,25.136272],[121.60458,25.136381],[121.604726,25.13649],[121.604872,25.136681],[121.604931,25.136845],[121.60569,25.136736],[121.60569,25.136654],[121.60534,25.13608],[121.60534,25.135835],[121.605252,25.135534],[121.604902,25.134988],[121.60458,25.134605],[121.60458,25.134414],[121.604609,25.134195],[121.604551,25.133977],[121.60458,25.13354],[121.604639,25.133376],[121.604785,25.133021],[121.604843,25.13283],[121.604843,25.132638],[121.604843,25.132474],[121.604551,25.131518],[121.604551,25.131081],[121.604639,25.130781],[121.604872,25.130699],[121.605223,25.130644],[121.605427,25.130617],[121.605807,25.130562],[121.606274,25.130507],[121.606742,25.130507],[121.607238,25.130398],[121.60756,25.130316],[121.607676,25.130262],[121.607793,25.130207],[121.607822,25.130207],[121.607735,25.129906],[121.60756,25.129305],[121.607501,25.129169],[121.607384,25.129087],[121.607151,25.128841],[121.606596,25.12824],[121.606304,25.127939],[121.606041,25.127748],[121.605836,25.127502],[121.605573,25.127202],[121.605106,25.126874],[121.604697,25.12641],[121.604609,25.126082],[121.604434,25.125918],[121.604259,25.125809],[121.604113,25.125727],[121.603353,25.125508],[121.603032,25.125891],[121.602769,25.126136],[121.602506,25.126164],[121.602302,25.126054],[121.601922,25.126027],[121.601601,25.125672],[121.601513,25.125399],[121.601396,25.125044],[121.60125,25.124661],[121.601163,25.12406],[121.601133,25.123514],[121.601163,25.123323],[121.601163,25.123213],[121.6009,25.122667],[121.600841,25.122476],[121.600841,25.122312],[121.600783,25.122039],[121.60052,25.121492],[121.600316,25.121301],[121.60017,25.121001],[121.599994,25.120618],[121.599965,25.120536],[121.599702,25.120318],[121.599469,25.120427],[121.599176,25.120345],[121.598797,25.119717],[121.598709,25.119443],[121.598621,25.119252],[121.598475,25.118924],[121.598388,25.118706],[121.598213,25.118214],[121.598154,25.118023],[121.598096,25.117914],[121.59792,25.117531],[121.597687,25.117203],[121.59757,25.117012],[121.597424,25.116712],[121.597424,25.116356],[121.597512,25.11622],[121.597278,25.115919],[121.59719,25.115837],[121.596927,25.115619],[121.596781,25.115291],[121.596635,25.1151],[121.596577,25.115045],[121.596343,25.114745],[121.596256,25.114553],[121.596197,25.114499],[121.595993,25.114226],[121.595671,25.114144],[121.595525,25.113898],[121.595496,25.113788],[121.595467,25.113488],[121.595525,25.113351],[121.595584,25.113269],[121.595788,25.113078],[121.595934,25.112914],[121.59608,25.112778],[121.596139,25.112696],[121.596226,25.112532],[121.596343,25.112259],[121.596402,25.112013],[121.596577,25.111166],[121.596869,25.110783],[121.597395,25.109718],[121.597658,25.10939],[121.598388,25.108926],[121.598621,25.108926],[121.598914,25.108926],[121.599118,25.108898],[121.599439,25.108625],[121.599498,25.108571],[121.599556,25.108489],[121.599907,25.108407],[121.600053,25.108516],[121.600579,25.108516],[121.600958,25.108434],[121.601133,25.108407],[121.601426,25.108379],[121.601513,25.108379],[121.601805,25.108379],[121.60201,25.108407],[121.602652,25.108297],[121.602944,25.108161],[121.603032,25.108052],[121.603441,25.107778],[121.603879,25.107696],[121.604113,25.107642],[121.60423,25.107587],[121.604755,25.107341],[121.604872,25.107369],[121.605719,25.107314],[121.606216,25.107314],[121.606304,25.107287],[121.606479,25.10715],[121.606859,25.106959],[121.60756,25.106877],[121.608348,25.106549],[121.608494,25.10644],[121.608611,25.106358],[121.608874,25.106194],[121.609371,25.105921],[121.609487,25.105839],[121.609809,25.105593],[121.61048,25.105128],[121.610919,25.105019],[121.611357,25.104855],[121.611649,25.104719],[121.612029,25.104637],[121.61235,25.104609],[121.612671,25.104637],[121.61308,25.104637],[121.613518,25.104582],[121.61384,25.104473],[121.614102,25.104336],[121.61419,25.104282],[121.614657,25.104145],[121.61492,25.104063],[121.615271,25.103926],[121.615767,25.103489],[121.615943,25.103271],[121.616089,25.103216],[121.616235,25.102998],[121.616439,25.10256],[121.616673,25.102342],[121.616702,25.10226],[121.616731,25.102041],[121.61679,25.101905],[121.616907,25.101796],[121.617053,25.101632],[121.617228,25.10144],[121.617345,25.101167],[121.617841,25.100921],[121.618221,25.100757],[121.618338,25.100648],[121.618513,25.100457],[121.618571,25.100375],[121.618659,25.100211],[121.619039,25.10002],[121.619302,25.099829],[121.619944,25.099337],[121.620236,25.099118],[121.620587,25.098791],[121.620996,25.098627],[121.621142,25.098572],[121.621376,25.098381],[121.621492,25.098299],[121.62158,25.098217],[121.621668,25.09808],[121.621755,25.097889],[121.621931,25.097561],[121.622515,25.097179],[121.622778,25.097097],[121.622982,25.097042],[121.623157,25.096987],[121.623771,25.096987],[121.623975,25.097069],[121.624384,25.097069],[121.624589,25.097097],[121.624705,25.097097],[121.624881,25.097097],[121.625173,25.097069],[121.625377,25.097042],[121.626137,25.09625],[121.626254,25.096004],[121.626195,25.095813],[121.626108,25.095676],[121.625523,25.095239],[121.625377,25.095102],[121.625348,25.095075],[121.62529,25.094884],[121.625231,25.094638],[121.625144,25.094338],[121.625085,25.094146],[121.625056,25.093928],[121.625056,25.093682],[121.625523,25.093054],[121.625582,25.09289],[121.62564,25.092726],[121.625728,25.092316],[121.625932,25.091988],[121.626137,25.091715],[121.626254,25.091578],[121.626312,25.091278],[121.626049,25.090977],[121.625991,25.090841],[121.625991,25.090704],[121.626137,25.090322],[121.626195,25.090267],[121.626283,25.090158],[121.6264,25.090076],[121.626633,25.089803],[121.626692,25.089748],[121.626809,25.089584],[121.626925,25.089448],[121.62713,25.089284],[121.627656,25.088737],[121.627977,25.088464],[121.628152,25.088191],[121.62824,25.087672],[121.62824,25.087453],[121.62824,25.087371],[121.628269,25.087071],[121.628327,25.086962],[121.628415,25.08677],[121.628561,25.086524],[121.628561,25.086415],[121.628561,25.086333],[121.628415,25.086142],[121.628094,25.085541],[121.627918,25.085295],[121.627772,25.085104],[121.627568,25.084831],[121.627568,25.084312],[121.627656,25.084093],[121.62786,25.08382],[121.627948,25.083683],[121.628006,25.083519],[121.627977,25.083383],[121.62786,25.083028],[121.627772,25.082809],[121.627656,25.082563],[121.62748,25.082372],[121.627334,25.08229],[121.626429,25.082126],[121.626166,25.082072],[121.625932,25.081962],[121.625815,25.081798],[121.625669,25.081662],[121.625611,25.081607],[121.625523,25.081443],[121.625406,25.081307],[121.625027,25.080951],[121.624939,25.080897],[121.624705,25.080706],[121.624384,25.080487],[121.624209,25.080268],[121.62415,25.080105],[121.624209,25.079777],[121.624238,25.079722],[121.624384,25.079504],[121.624501,25.079312],[121.624472,25.079039],[121.624209,25.078766],[121.623946,25.078711],[121.623829,25.078493],[121.623888,25.078329],[121.623946,25.078192],[121.624092,25.07811],[121.62415,25.07811],[121.624297,25.078138],[121.62453,25.078329],[121.624793,25.078629],[121.624881,25.078739],[121.625085,25.078848],[121.625056,25.078657],[121.625056,25.078575],[121.625027,25.078411],[121.624998,25.07822],[121.624939,25.078001],[121.62491,25.077946],[121.624793,25.077782],[121.623187,25.076936],[121.623157,25.076772],[121.623187,25.076553],[121.623216,25.076198],[121.623216,25.075925],[121.623128,25.075652],[121.622953,25.075324],[121.622894,25.075187],[121.622807,25.074832],[121.622748,25.074668],[121.622223,25.074723],[121.621814,25.074887],[121.621726,25.074859],[121.621668,25.074832],[121.621259,25.073958],[121.621142,25.073821],[121.62085,25.073548],[121.620675,25.073384],[121.620587,25.073056],[121.620645,25.072647],[121.620791,25.072319],[121.620996,25.072182],[121.621142,25.072073],[121.621259,25.071854],[121.621259,25.071062],[121.621259,25.070789],[121.621317,25.070625],[121.621288,25.070406],[121.621463,25.069997],[121.621522,25.069778],[121.621463,25.069532],[121.621142,25.069587],[121.620967,25.06956],[121.620879,25.069286],[121.620353,25.06874],[121.62009,25.068631],[121.619857,25.068603],[121.619681,25.068631],[121.619594,25.068631],[121.619535,25.068412],[121.618659,25.067729],[121.618542,25.067647],[121.617929,25.067675],[121.617724,25.067675],[121.617637,25.06762],[121.617549,25.067401],[121.617637,25.067046],[121.617783,25.0668],[121.6179,25.066664],[121.617929,25.066555],[121.617958,25.066363],[121.6179,25.065954],[121.61787,25.065817],[121.617783,25.065571],[121.617841,25.06538],[121.617929,25.065161],[121.617812,25.065107],[121.617724,25.065107],[121.617491,25.065271],[121.617199,25.065653],[121.61714,25.065817],[121.617023,25.065899],[121.616965,25.065899],[121.616702,25.06579],[121.616673,25.065708],[121.616673,25.065407],[121.616673,25.065134],[121.616614,25.06497],[121.616381,25.064451],[121.616322,25.064314],[121.616176,25.064014],[121.616118,25.063932],[121.616118,25.063905],[121.617023,25.063604],[121.617345,25.063495],[121.617608,25.063358],[121.617812,25.063276],[121.617987,25.063222],[121.618221,25.063194],[121.618513,25.063058],[121.619389,25.062511],[121.619886,25.062156],[121.620236,25.061856],[121.620762,25.061364],[121.620996,25.061118],[121.621142,25.060954],[121.621638,25.060353],[121.621726,25.060189],[121.622047,25.059616],[121.622106,25.059479],[121.622164,25.05926],[121.622223,25.059069],[121.622281,25.058905],[121.622369,25.058714],[121.622515,25.058386],[121.622632,25.058222],[121.622778,25.058004],[121.622894,25.057785],[121.62307,25.057539],[121.623245,25.057321],[121.623537,25.056938],[121.623771,25.056556],[121.624004,25.056255],[121.624092,25.056091],[121.62418,25.0559],[121.624238,25.055736],[121.6238,25.055135],[121.623479,25.054999],[121.623362,25.055026],[121.623187,25.055299],[121.623011,25.055436],[121.622836,25.055545],[121.622573,25.055709],[121.622398,25.0559],[121.622164,25.056146],[121.622106,25.056173],[121.621872,25.056365],[121.621113,25.056665],[121.620821,25.056693],[121.620499,25.056638],[121.620236,25.056228],[121.620207,25.055982],[121.620207,25.055818],[121.620295,25.055518],[121.620499,25.055217],[121.620704,25.054889],[121.620762,25.05478],[121.621054,25.054125],[121.621025,25.053824],[121.620003,25.053086],[121.61974,25.052977],[121.619419,25.052841],[121.61898,25.052649],[121.618659,25.052513],[121.618163,25.052294],[121.618104,25.05224],[121.617666,25.051721],[121.617286,25.051365],[121.617169,25.051283],[121.616819,25.05101],[121.616761,25.050983],[121.61641,25.050737],[121.616293,25.050409],[121.616264,25.049562],[121.616264,25.049125],[121.616439,25.048715],[121.616468,25.048497],[121.616498,25.048005],[121.616644,25.047787],[121.616936,25.047377],[121.617053,25.047213],[121.617169,25.046994],[121.617315,25.046721],[121.617549,25.046311],[121.61825,25.045],[121.618455,25.044672],[121.618688,25.044208],[121.618776,25.044099],[121.618922,25.043798],[121.619214,25.043334],[121.619302,25.043252],[121.619652,25.042951],[121.619944,25.042678],[121.62012,25.042459],[121.620353,25.042104],[121.620441,25.04194],[121.620529,25.041722],[121.620704,25.041449],[121.620791,25.041312],[121.620879,25.041176],[121.621025,25.041012],[121.621171,25.04082],[121.621346,25.040575],[121.621551,25.040356],[121.621697,25.040274],[121.621843,25.040137],[121.621931,25.040083],[121.62231,25.039974],[121.622427,25.039946],[121.622894,25.03981],[121.623333,25.039482],[121.623596,25.039263],[121.62418,25.03869],[121.624443,25.038444],[121.624618,25.038198],[121.624705,25.038034],[121.625027,25.037706],[121.62529,25.037679],[121.625436,25.037733],[121.625845,25.03787],[121.626137,25.037925],[121.626283,25.03787],[121.626546,25.037843],[121.626633,25.037788],[121.626838,25.037706],[121.627159,25.037515],[121.627305,25.037406],[121.627364,25.037351],[121.627568,25.037242],[121.62786,25.03716],[121.628211,25.037105],[121.62862,25.037023],[121.628882,25.036914],[121.629204,25.036832],[121.629467,25.036723],[121.629729,25.036559],[121.629992,25.036094],[121.630051,25.035821],[121.630138,25.035138],[121.630343,25.035083],[121.630606,25.035165],[121.630869,25.035302],[121.631073,25.035384],[121.631424,25.035466],[121.631803,25.035575],[121.632212,25.035657],[121.63303,25.035821],[121.633322,25.035794],[121.633468,25.035739],[121.633644,25.035657],[121.633731,25.035521],[121.633819,25.035329],[121.634023,25.034838],[121.634374,25.034783],[121.634841,25.035002],[121.635075,25.03481],[121.635162,25.034728],[121.635338,25.034619],[121.635455,25.034537],[121.63563,25.034455],[121.635776,25.034401],[121.636097,25.034346],[121.636594,25.034237],[121.636915,25.034073],[121.637178,25.033991],[121.637353,25.033936],[121.63747,25.033936],[121.637587,25.033827],[121.637762,25.033772],[121.637908,25.033745],[121.638083,25.033581],[121.638113,25.033499],[121.6382,25.03339],[121.638259,25.03328],[121.638317,25.033171],[121.638405,25.033117],[121.638843,25.032816],[121.639573,25.032297],[121.63969,25.032215],[121.639894,25.032024],[121.640245,25.031969],[121.640449,25.031942],[121.640829,25.031751],[121.640946,25.031669],[121.641413,25.031395],[121.64153,25.031314],[121.64226,25.031177],[121.642494,25.031013],[121.642728,25.030931],[121.643224,25.030549],[121.64337,25.030467],[121.643487,25.030494],[121.643838,25.030275],[121.644042,25.02992],[121.644247,25.029784],[121.644772,25.029647],[121.644918,25.029674],[121.645181,25.029674],[121.645415,25.02951],[121.645561,25.029429],[121.645765,25.029456],[121.645941,25.029401],[121.646496,25.028445],[121.646496,25.028199],[121.646525,25.028117],[121.646934,25.027981],[121.64781,25.028527],[121.647985,25.028636],[121.648277,25.028418],[121.64854,25.028063],[121.648774,25.027899],[121.649387,25.028117],[121.649709,25.027981],[121.65003,25.027735],[121.650234,25.027625],[121.650556,25.027707],[121.650673,25.027735],[121.650935,25.027789],[121.651169,25.027789],[121.651257,25.027762],[121.651666,25.028035],[121.651841,25.028145],[121.651958,25.028117],[121.652338,25.027735],[121.652542,25.027598],[121.653477,25.027544],[121.653681,25.027653],[121.653798,25.027735],[121.653944,25.027844],[121.654382,25.027844],[121.654528,25.027789],[121.654674,25.027735],[121.654908,25.027735],[121.655054,25.027571],[121.655112,25.027462],[121.6552,25.027462],[121.655288,25.027544],[121.65558,25.02768],[121.656047,25.027735],[121.656427,25.027844],[121.656982,25.028035],[121.657216,25.028226],[121.657303,25.028336],[121.657391,25.028554],[121.657566,25.0288],[121.6578,25.028937],[121.657946,25.029046],[121.658121,25.029101],[121.658296,25.029183],[121.658472,25.029292],[121.658588,25.029347],[121.658764,25.029456],[121.659348,25.029674],[121.659494,25.029784],[121.65964,25.029866],[121.66002,25.030111],[121.660224,25.030221],[121.660458,25.030303],[121.661451,25.030467],[121.661743,25.030385],[121.662093,25.030303],[121.662561,25.030193],[121.66297,25.030221],[121.66332,25.030111],[121.663583,25.02992],[121.664547,25.02962],[121.66481,25.029538],[121.66519,25.029647],[121.665394,25.029784],[121.665482,25.029866],[121.665599,25.029893],[121.665774,25.029948],[121.665861,25.029948],[121.665774,25.029401],[121.665715,25.029237],[121.665628,25.029073],[121.665453,25.028773],[121.665336,25.028554],[121.665219,25.028445],[121.664927,25.028226],[121.664898,25.028145],[121.664868,25.027926],[121.664839,25.027598],[121.664839,25.02738],[121.664956,25.027024],[121.665014,25.026751],[121.665073,25.026587],[121.665307,25.02615],[121.665365,25.025959],[121.665277,25.025741],[121.664956,25.024784],[121.664868,25.02462],[121.664664,25.024484],[121.664518,25.024429],[121.664343,25.024183],[121.664284,25.023965],[121.663846,25.023091],[121.663437,25.022954],[121.662824,25.022763],[121.662298,25.022845],[121.661801,25.022954],[121.661246,25.023145],[121.660984,25.023282],[121.660691,25.023391],[121.660487,25.023418],[121.66037,25.023418],[121.65999,25.023446],[121.659669,25.023446],[121.659581,25.023446],[121.659465,25.023446],[121.659173,25.023446],[121.658968,25.023418],[121.658559,25.0235],[121.658501,25.023473],[121.658384,25.023473],[121.658238,25.023582],[121.657478,25.023282],[121.657245,25.023418],[121.656777,25.023582],[121.656719,25.023582],[121.656514,25.023637],[121.656252,25.023746],[121.656076,25.023828],[121.656018,25.023828],[121.655872,25.023774],[121.655492,25.023719],[121.655171,25.02391],[121.654733,25.024156],[121.65447,25.024238],[121.65409,25.024375],[121.65371,25.024402],[121.653185,25.024211],[121.653039,25.024211],[121.652746,25.024156],[121.652454,25.024101],[121.651987,25.023965],[121.651724,25.02391],[121.65149,25.02391],[121.651082,25.02391],[121.650819,25.023937],[121.650351,25.024019],[121.65003,25.023992],[121.649884,25.023965],[121.649504,25.023664],[121.649358,25.023555],[121.649241,25.023418],[121.649125,25.023255],[121.648949,25.023118],[121.648862,25.023036],[121.648686,25.022899],[121.648277,25.022735],[121.646846,25.021779],[121.646233,25.021725],[121.645853,25.022107],[121.645765,25.022326],[121.645649,25.022626],[121.645503,25.022872],[121.645298,25.023145],[121.645181,25.023227],[121.645094,25.023364],[121.644655,25.023746],[121.644363,25.023856],[121.6441,25.02391],[121.643838,25.024019],[121.643779,25.024047],[121.643604,25.024156],[121.643253,25.024347],[121.64302,25.024538],[121.642757,25.024511],[121.642523,25.024402],[121.642377,25.024347],[121.642114,25.024293],[121.64153,25.023937],[121.641384,25.023856],[121.641034,25.023637],[121.6408,25.0235],[121.640741,25.0235],[121.640508,25.0235],[121.640391,25.023528],[121.640216,25.023555],[121.640128,25.023555],[121.639778,25.023582],[121.638375,25.023746],[121.638025,25.02391],[121.637967,25.023937],[121.637879,25.024019],[121.637499,25.024074],[121.637382,25.023992],[121.637061,25.023801],[121.636769,25.023746],[121.63636,25.02361],[121.636156,25.023528],[121.635863,25.023336],[121.635601,25.023364],[121.635659,25.023856],[121.63563,25.023965],[121.635513,25.024047],[121.635338,25.024074],[121.634929,25.024156],[121.634666,25.024265],[121.634403,25.024457],[121.634052,25.024757],[121.633819,25.024921],[121.633702,25.024948],[121.633497,25.024948],[121.633381,25.025003],[121.633235,25.025112],[121.633118,25.025221],[121.632855,25.02544],[121.632446,25.025631],[121.631365,25.025139],[121.631219,25.02503],[121.630927,25.02473],[121.630869,25.02462],[121.630518,25.02391],[121.630372,25.023528],[121.630284,25.023282],[121.630255,25.023118],[121.630284,25.022981],[121.630314,25.022763],[121.630314,25.022626],[121.630314,25.022462],[121.630284,25.022298],[121.630226,25.022162],[121.63008,25.021943],[121.629905,25.02167],[121.629788,25.021479],[121.629729,25.02137],[121.629554,25.021124],[121.629379,25.02096],[121.629204,25.020632],[121.629087,25.020331],[121.629028,25.020086],[121.628853,25.019867],[121.628415,25.019621],[121.628181,25.019539],[121.628035,25.019512],[121.627364,25.019566],[121.627042,25.019566],[121.626692,25.019239],[121.626516,25.018993],[121.6264,25.018884],[121.626312,25.018774],[121.626078,25.01861],[121.625932,25.018528],[121.625699,25.018419],[121.625523,25.018337],[121.624939,25.018201],[121.624004,25.017791],[121.623683,25.017545],[121.623537,25.017436],[121.623391,25.017326],[121.623187,25.017272],[121.622573,25.017354],[121.622369,25.017436],[121.622223,25.017518],[121.621405,25.017927],[121.621171,25.017982],[121.621025,25.018009],[121.620704,25.018283],[121.620061,25.018392],[121.619827,25.018283],[121.619506,25.018146],[121.619214,25.018119],[121.618776,25.018201],[121.618513,25.018283],[121.61825,25.018337],[121.617929,25.018337],[121.61752,25.018419],[121.617257,25.018556],[121.617023,25.018774],[121.616907,25.018965],[121.616293,25.019594],[121.616059,25.019703],[121.615855,25.019648],[121.615651,25.019621],[121.615096,25.019512],[121.61492,25.019457],[121.614599,25.019375],[121.614336,25.019348],[121.61384,25.019266],[121.613606,25.019184],[121.613372,25.019129],[121.613139,25.019239],[121.612963,25.019348],[121.612788,25.019566],[121.612584,25.019621],[121.612438,25.019594],[121.612087,25.019485],[121.611152,25.019894],[121.610889,25.019867],[121.610568,25.01984],[121.610422,25.01984],[121.610188,25.019894],[121.609779,25.020195],[121.609663,25.020413],[121.609546,25.020659],[121.6094,25.02085],[121.609078,25.020823],[121.608874,25.020632],[121.60864,25.020386],[121.608553,25.02014],[121.608436,25.01984],[121.608348,25.019676],[121.607968,25.019403],[121.60753,25.019375],[121.605807,25.019266],[121.605077,25.019157],[121.604902,25.019129],[121.604551,25.019102],[121.604171,25.019102],[121.604084,25.018993],[121.60385,25.018665],[121.603616,25.018201],[121.603529,25.018009],[121.603529,25.017818],[121.603412,25.017463],[121.603207,25.017108],[121.603061,25.016807],[121.602974,25.016452],[121.603003,25.016179],[121.602944,25.015715],[121.602886,25.015523],[121.602769,25.015305],[121.602623,25.015086],[121.602097,25.014977],[121.601718,25.015086],[121.601484,25.015141],[121.60125,25.015114],[121.600754,25.014813],[121.600608,25.014786],[121.600316,25.014786],[121.599907,25.014922],[121.599118,25.014758],[121.59868,25.014786],[121.598271,25.014786],[121.598067,25.014813],[121.597628,25.014813],[121.597249,25.014376]]]}},{"type":"Feature","properties":{"COUNTYNAME":"新北市","COUNTYID":"F","COUNTYCODE":"65000","COUNTYENG":"New Taipei City"},"geometry":{"type":"Polygon","coordinates":[[[121.623537,24.794379],[121.621697,24.79274],[121.620441,24.792549],[121.617169,24.793833],[121.615826,24.793915],[121.613343,24.793204],[121.609633,24.793751],[121.607151,24.790418],[121.605632,24.789134],[121.602915,24.789434],[121.598884,24.787686],[121.594678,24.787358],[121.591962,24.787495],[121.592926,24.786238],[121.593422,24.784654],[121.593189,24.782605],[121.594328,24.781048],[121.594445,24.778807],[121.595701,24.775994],[121.59757,24.772551],[121.597336,24.771623],[121.595554,24.768973],[121.596256,24.767306],[121.595817,24.766487],[121.593422,24.76482],[121.590501,24.76075],[121.590823,24.758783],[121.589391,24.757198],[121.588953,24.75515],[121.589713,24.753592],[121.589946,24.751899],[121.590823,24.750888],[121.592254,24.750287],[121.594591,24.750178],[121.595175,24.748812],[121.596139,24.748238],[121.594357,24.746271],[121.59278,24.74597],[121.59167,24.744905],[121.591933,24.743321],[121.594795,24.740971],[121.59535,24.739113],[121.594211,24.734688],[121.595,24.732502],[121.593714,24.730453],[121.594065,24.729251],[121.597833,24.729279],[121.597541,24.727694],[121.593919,24.725837],[121.592634,24.724607],[121.590443,24.72346],[121.589128,24.721739],[121.587025,24.720127],[121.58574,24.720072],[121.583462,24.720564],[121.579635,24.722313],[121.578555,24.722449],[121.577824,24.721766],[121.577678,24.71887],[121.577269,24.71745],[121.577269,24.714855],[121.575634,24.711057],[121.574816,24.710101],[121.572362,24.710402],[121.570464,24.71398],[121.569471,24.712669],[121.567484,24.711522],[121.565469,24.711713],[121.563249,24.712806],[121.561818,24.712614],[121.558225,24.710921],[121.556385,24.711221],[121.554428,24.708353],[121.551215,24.705976],[121.550309,24.705675],[121.547534,24.706276],[121.543416,24.705757],[121.542948,24.704665],[121.540816,24.702315],[121.538479,24.700567],[121.537837,24.699747],[121.538567,24.69819],[121.538479,24.696414],[121.53883,24.694584],[121.537486,24.693792],[121.537749,24.692289],[121.537574,24.690104],[121.536844,24.688492],[121.53623,24.688246],[121.533309,24.68841],[121.531878,24.6877],[121.529132,24.687618],[121.528227,24.688875],[121.527117,24.688519],[121.526971,24.685405],[121.524926,24.684504],[121.523787,24.683302],[121.51482,24.683247],[121.513681,24.684312],[121.512191,24.684476],[121.510117,24.68322],[121.507459,24.682455],[121.505531,24.679887],[121.504392,24.679368],[121.502932,24.679395],[121.499164,24.678029],[121.497119,24.676335],[121.496827,24.675516],[121.493906,24.673549],[121.492708,24.673194],[121.489262,24.674232],[121.488473,24.675133],[121.486866,24.675161],[121.484997,24.673877],[121.482982,24.673849],[121.481784,24.674341],[121.480002,24.673849],[121.479214,24.675461],[121.477052,24.67833],[121.476,24.679176],[121.475446,24.68087],[121.475475,24.683302],[121.47419,24.684804],[121.47305,24.689694],[121.474628,24.692672],[121.474803,24.693683],[121.474219,24.696114],[121.470597,24.696742],[121.469808,24.696196],[121.466975,24.697726],[121.463645,24.701031],[121.460403,24.702588],[121.456489,24.703244],[121.452282,24.705129],[121.450355,24.705594],[121.449099,24.708544],[121.448777,24.712205],[121.446441,24.714199],[121.445155,24.714773],[121.441533,24.723132],[121.440949,24.726082],[121.43832,24.726602],[121.436334,24.728705],[121.43426,24.730016],[121.434377,24.731027],[121.435341,24.732912],[121.435049,24.734141],[121.432946,24.736819],[121.433063,24.739195],[121.431982,24.742255],[121.430375,24.743457],[121.430142,24.745561],[121.42874,24.74791],[121.429207,24.749932],[121.428477,24.751516],[121.428477,24.753456],[121.427893,24.75474],[121.426549,24.75616],[121.425497,24.759056],[121.425906,24.760313],[121.425118,24.761214],[121.42354,24.761679],[121.423424,24.763099],[121.42541,24.766951],[121.426724,24.768262],[121.429382,24.770175],[121.431427,24.771923],[121.43575,24.772961],[121.438116,24.774901],[121.44057,24.779135],[121.442468,24.780529],[121.444075,24.780638],[121.446119,24.781867],[121.447521,24.784217],[121.449508,24.785938],[121.448836,24.788232],[121.450471,24.790008],[121.450384,24.790937],[121.449478,24.791074],[121.447288,24.790063],[121.44571,24.790145],[121.4446,24.791101],[121.442673,24.792057],[121.441679,24.793314],[121.438262,24.795335],[121.437094,24.798204],[121.438057,24.801099],[121.437941,24.804214],[121.437006,24.805443],[121.437269,24.808175],[121.436509,24.810442],[121.436422,24.812218],[121.432245,24.813475],[121.429996,24.814923],[121.428564,24.81678],[121.427717,24.817381],[121.427192,24.818747],[121.425322,24.820059],[121.425059,24.82279],[121.424066,24.825031],[121.42354,24.825495],[121.419363,24.825604],[121.417582,24.825249],[121.416209,24.826943],[121.416092,24.828746],[121.414369,24.83074],[121.413843,24.831969],[121.414894,24.833554],[121.415654,24.835494],[121.412441,24.837133],[121.411448,24.83828],[121.410338,24.83869],[121.40876,24.840684],[121.405518,24.842378],[121.404642,24.842487],[121.402714,24.84358],[121.401137,24.841941],[121.399881,24.841586],[121.397982,24.841777],[121.397048,24.842788],[121.397281,24.843716],[121.393659,24.843962],[121.392432,24.843225],[121.389132,24.842187],[121.38808,24.842405],[121.385013,24.840821],[121.384517,24.838007],[121.383348,24.836969],[121.380924,24.836477],[121.377886,24.83451],[121.375812,24.833854],[121.372921,24.833581],[121.372804,24.834975],[121.370642,24.835466],[121.370233,24.836122],[121.367312,24.83675],[121.364158,24.838143],[121.362522,24.837952],[121.360068,24.838171],[121.35779,24.839537],[121.354869,24.843935],[121.351685,24.844454],[121.348823,24.84552],[121.346749,24.845902],[121.342484,24.844673],[121.341404,24.843826],[121.339593,24.843389],[121.335971,24.843935],[121.335825,24.844946],[121.336146,24.846885],[121.336964,24.848224],[121.340177,24.848743],[121.341959,24.848579],[121.346749,24.850191],[121.348122,24.849754],[121.348531,24.848579],[121.350313,24.848743],[121.349787,24.849399],[121.352474,24.849071],[121.351802,24.850136],[121.35335,24.850573],[121.354811,24.85336],[121.356739,24.853606],[121.357878,24.853141],[121.357819,24.854453],[121.355541,24.855081],[121.354285,24.856584],[121.353642,24.858414],[121.351422,24.85937],[121.34929,24.859807],[121.347333,24.862075],[121.346048,24.866036],[121.345055,24.866937],[121.345902,24.868167],[121.349349,24.868768],[121.350575,24.870106],[121.353117,24.87109],[121.354402,24.873248],[121.353409,24.874996],[121.353526,24.876472],[121.352065,24.876772],[121.350575,24.878575],[121.347246,24.878684],[121.345639,24.88005],[121.345318,24.883574],[121.344734,24.88576],[121.343799,24.886661],[121.341374,24.887454],[121.34117,24.888738],[121.342105,24.89259],[121.340615,24.892316],[121.338366,24.893327],[121.337548,24.892671],[121.33524,24.89177],[121.333313,24.89177],[121.333196,24.893191],[121.332086,24.8936],[121.333429,24.896578],[121.333225,24.898244],[121.333576,24.899173],[121.33194,24.899884],[121.330625,24.897889],[121.329077,24.897316],[121.327821,24.895922],[121.326682,24.89595],[121.325572,24.897261],[121.322418,24.898545],[121.321249,24.899938],[121.320314,24.900184],[121.321892,24.902315],[121.321775,24.90349],[121.323674,24.904418],[121.325514,24.906194],[121.326244,24.907369],[121.326215,24.909172],[121.323498,24.910019],[121.323119,24.911713],[121.321512,24.913215],[121.320285,24.913543],[121.319584,24.914936],[121.317569,24.916357],[121.320314,24.918843],[121.321366,24.920318],[121.324608,24.92335],[121.327383,24.924634],[121.329866,24.924989],[121.334247,24.924744],[121.335503,24.925071],[121.338512,24.927175],[121.339768,24.928486],[121.337811,24.928541],[121.335825,24.929005],[121.334306,24.929716],[121.330976,24.929606],[121.324696,24.928677],[121.322038,24.928022],[121.323206,24.931273],[121.321921,24.932338],[121.320899,24.932529],[121.320694,24.933677],[121.318328,24.934688],[121.315758,24.938485],[121.318533,24.940233],[121.323089,24.942774],[121.325017,24.943621],[121.32785,24.944276],[121.330421,24.944522],[121.331589,24.945834],[121.329223,24.947391],[121.328084,24.948866],[121.328113,24.95545],[121.328668,24.957444],[121.329136,24.960586],[121.328698,24.96411],[121.328084,24.965558],[121.329778,24.966896],[121.328844,24.967907],[121.327558,24.967142],[121.328581,24.968481],[121.328873,24.969601],[121.328552,24.971486],[121.32785,24.972824],[121.325134,24.971158],[121.324024,24.971294],[121.323995,24.971349],[121.323674,24.972824],[121.327442,24.974764],[121.327442,24.975447],[121.32861,24.976321],[121.327149,24.97766],[121.327383,24.978425],[121.328464,24.978397],[121.329778,24.979053],[121.331005,24.979299],[121.331589,24.978643],[121.333984,24.978725],[121.334656,24.979763],[121.335912,24.9799],[121.336584,24.98061],[121.339096,24.980692],[121.340264,24.980091],[121.342046,24.980965],[121.34266,24.982331],[121.344763,24.980282],[121.347362,24.978834],[121.34856,24.979763],[121.35005,24.979954],[121.352357,24.980856],[121.353117,24.980091],[121.35335,24.978507],[121.353964,24.977824],[121.357732,24.977824],[121.359221,24.978179],[121.361237,24.977796],[121.361383,24.97878],[121.36369,24.979599],[121.365092,24.978534],[121.36591,24.978589],[121.368919,24.976786],[121.369036,24.976786],[121.371226,24.978288],[121.372395,24.979954],[121.376805,24.981293],[121.378733,24.983205],[121.380953,24.984271],[121.382122,24.983888],[121.385568,24.986538],[121.383407,24.988614],[121.384312,24.991756],[121.38364,24.992904],[121.38364,24.994625],[121.384254,24.995745],[121.385305,24.99569],[121.388022,24.9964],[121.389979,24.994597],[121.390329,24.993477],[121.394273,24.993505],[121.396463,24.995553],[121.396843,24.997329],[121.398683,24.99834],[121.399968,24.998285],[121.401575,24.999159],[121.40324,24.999323],[121.403006,25.000553],[121.402013,25.001044],[121.402042,25.002547],[121.400144,25.004459],[121.400377,25.00547],[121.399501,25.006973],[121.393601,25.009841],[121.392053,25.011016],[121.391264,25.012245],[121.392082,25.012546],[121.392608,25.013748],[121.392345,25.014895],[121.392958,25.015578],[121.394419,25.014676],[121.396054,25.015223],[121.397544,25.016234],[121.401633,25.015769],[121.404321,25.017244],[121.405635,25.017108],[121.407534,25.017518],[121.409462,25.018419],[121.411243,25.017982],[121.41209,25.01943],[121.410688,25.019894],[121.410718,25.02096],[121.408673,25.02085],[121.405723,25.023173],[121.404613,25.023746],[121.403912,25.025167],[121.402218,25.025822],[121.401049,25.026997],[121.401517,25.028145],[121.400669,25.029183],[121.39918,25.029483],[121.398245,25.030166],[121.397953,25.031232],[121.398742,25.031559],[121.398216,25.032516],[121.398742,25.03481],[121.400845,25.034237],[121.399589,25.03593],[121.401195,25.036367],[121.400728,25.037952],[121.399822,25.037488],[121.399034,25.03858],[121.397573,25.038498],[121.397194,25.039209],[121.39436,25.04011],[121.39436,25.041203],[121.393542,25.041995],[121.391293,25.041476],[121.390651,25.041858],[121.392637,25.043388],[121.396171,25.043634],[121.396755,25.043088],[121.397632,25.043689],[121.399618,25.042924],[121.400669,25.043224],[121.398274,25.044099],[121.403035,25.045492],[121.400786,25.045437],[121.399852,25.044973],[121.398011,25.046776],[121.399413,25.047814],[121.396025,25.048552],[121.394419,25.047486],[121.394331,25.049562],[121.394682,25.050382],[121.395237,25.049562],[121.396609,25.049617],[121.398508,25.04847],[121.398304,25.049781],[121.397486,25.050409],[121.398041,25.05112],[121.399735,25.049371],[121.40029,25.04959],[121.400173,25.050983],[121.400699,25.051393],[121.397427,25.051529],[121.396463,25.052431],[121.39436,25.053086],[121.392929,25.053988],[121.39103,25.053605],[121.392608,25.055053],[121.390709,25.054207],[121.390855,25.053387],[121.389862,25.052841],[121.389307,25.053469],[121.386182,25.052595],[121.384575,25.052513],[121.385831,25.053114],[121.387292,25.054644],[121.387292,25.05549],[121.385685,25.056911],[121.385743,25.05814],[121.388664,25.056993],[121.38846,25.05814],[121.389687,25.059124],[121.387671,25.059643],[121.388957,25.060708],[121.390914,25.060818],[121.39106,25.061528],[121.388314,25.061528],[121.388343,25.062948],[121.387087,25.062566],[121.386152,25.063249],[121.383874,25.06273],[121.38291,25.062921],[121.382122,25.064314],[121.380135,25.065134],[121.376659,25.06609],[121.374439,25.065981],[121.367312,25.065134],[121.364158,25.06497],[121.358199,25.064915],[121.354898,25.065161],[121.354898,25.06538],[121.354986,25.067237],[121.353847,25.067811],[121.353759,25.068603],[121.35227,25.068767],[121.352299,25.06792],[121.350313,25.069286],[121.34894,25.069887],[121.346457,25.070297],[121.348239,25.071062],[121.348677,25.072128],[121.349553,25.071308],[121.350488,25.071991],[121.350605,25.07292],[121.352065,25.073657],[121.353467,25.073357],[121.351744,25.074477],[121.349874,25.073548],[121.3504,25.075215],[121.349991,25.076499],[121.348677,25.074204],[121.348034,25.073821],[121.344412,25.07333],[121.341842,25.072674],[121.34266,25.07322],[121.341141,25.073466],[121.340527,25.074094],[121.340615,25.076335],[121.34152,25.076635],[121.342835,25.075296],[121.343711,25.075078],[121.346136,25.07557],[121.344471,25.076061],[121.343945,25.0774],[121.344325,25.077974],[121.345931,25.076772],[121.345142,25.078329],[121.346603,25.078356],[121.347917,25.079148],[121.346486,25.079531],[121.343594,25.07964],[121.342455,25.080105],[121.346924,25.080651],[121.34891,25.081225],[121.350196,25.08117],[121.349232,25.082399],[121.348151,25.082372],[121.346691,25.083519],[121.34152,25.084066],[121.338658,25.083629],[121.33635,25.085186],[121.333459,25.086606],[121.332641,25.086716],[121.330976,25.088027],[121.330129,25.088273],[121.328026,25.090977],[121.324725,25.092616],[121.321337,25.092589],[121.319467,25.09319],[121.318241,25.092999],[121.317043,25.093982],[121.315729,25.094228],[121.31345,25.095348],[121.310383,25.096578],[121.305242,25.096742],[121.304366,25.096386],[121.302847,25.096769],[121.301387,25.098463],[121.301212,25.101686],[121.300043,25.102287],[121.299809,25.103517],[121.29832,25.104473],[121.295486,25.103025],[121.29388,25.103052],[121.291631,25.102642],[121.290725,25.104855],[121.290316,25.10674],[121.286724,25.107041],[121.284825,25.108789],[121.282956,25.109363],[121.282693,25.110073],[121.283803,25.112122],[121.283832,25.114417],[121.283394,25.117832],[121.287658,25.117914],[121.291339,25.118569],[121.292595,25.119088],[121.294902,25.120809],[121.296158,25.122831],[121.29683,25.12264],[121.296421,25.124607],[121.296713,25.126164],[121.298174,25.12529],[121.298787,25.124197],[121.300627,25.125235],[121.304162,25.12417],[121.304483,25.125918],[121.30495,25.126109],[121.309507,25.125891],[121.309974,25.125535],[121.310208,25.12376],[121.313479,25.123459],[121.316459,25.124115],[121.318912,25.123924],[121.320139,25.123432],[121.323527,25.124279],[121.324696,25.124006],[121.326857,25.124224],[121.330655,25.125453],[121.331706,25.125344],[121.335503,25.126082],[121.338629,25.126956],[121.341696,25.128704],[121.345026,25.128431],[121.346895,25.129879],[121.348618,25.13007],[121.353438,25.1316],[121.355424,25.133075],[121.359922,25.134742],[121.364479,25.137883],[121.365268,25.140151],[121.365793,25.139686],[121.367342,25.13914],[121.369123,25.139577],[121.371635,25.140998],[121.371986,25.141981],[121.375374,25.141954],[121.377419,25.142855],[121.379463,25.142992],[121.382735,25.144549],[121.386036,25.145806],[121.389774,25.147718],[121.387817,25.151925],[121.387993,25.152035],[121.391702,25.167989],[121.40029,25.160421],[121.402305,25.158782],[121.405518,25.160449],[121.406774,25.162443],[121.411272,25.167524],[121.412528,25.16848],[121.413346,25.170475],[121.414106,25.171212],[121.417436,25.175529],[121.418838,25.177414],[121.417757,25.179435],[121.416355,25.180664],[121.409462,25.181921],[121.407592,25.182495],[121.404321,25.183096],[121.404584,25.186074],[121.403912,25.186975],[121.404846,25.189816],[121.409987,25.190663],[121.411827,25.190663],[121.412207,25.189925],[121.414193,25.190117],[121.415917,25.19069],[121.416735,25.191537],[121.418721,25.191537],[121.419393,25.192548],[121.418546,25.19293],[121.417757,25.194433],[121.418662,25.195061],[121.418166,25.196263],[121.418925,25.199268],[121.423599,25.20618],[121.42468,25.207928],[121.428681,25.212272],[121.430054,25.215031],[121.430872,25.215905],[121.435925,25.217107],[121.437649,25.218009],[121.437298,25.219675],[121.439372,25.224292],[121.440862,25.228417],[121.442293,25.229701],[121.44352,25.232515],[121.443403,25.234236],[121.44536,25.237979],[121.446119,25.240356],[121.445915,25.241858],[121.445827,25.242568],[121.447229,25.245246],[121.447609,25.246666],[121.450764,25.250791],[121.452691,25.252813],[121.456167,25.253141],[121.457511,25.253004],[121.460899,25.252103],[121.462506,25.252075],[121.467325,25.253305],[121.469691,25.254998],[121.471561,25.255982],[121.472875,25.25732],[121.474861,25.260599],[121.475329,25.262812],[121.475913,25.263358],[121.477023,25.266281],[121.477958,25.267647],[121.480966,25.270871],[121.485552,25.272756],[121.486662,25.272756],[121.488882,25.273958],[121.490956,25.274695],[121.492212,25.275924],[121.493789,25.276362],[121.495454,25.277946],[121.497323,25.278848],[121.501208,25.279913],[121.502698,25.279776],[121.503749,25.281361],[121.506437,25.281443],[121.505999,25.282208],[121.507663,25.282754],[121.508978,25.282918],[121.509358,25.285486],[121.508452,25.286934],[121.508364,25.288737],[121.50927,25.291305],[121.510701,25.292015],[121.51184,25.291797],[121.512775,25.29095],[121.513622,25.289338],[121.514031,25.286688],[121.514791,25.28595],[121.516894,25.284912],[121.518588,25.284776],[121.520837,25.285513],[121.520837,25.286524],[121.52294,25.287016],[121.525919,25.286032],[121.527643,25.286661],[121.530447,25.288354],[121.531674,25.289638],[121.533339,25.289857],[121.534507,25.291114],[121.534828,25.292507],[121.533601,25.294993],[121.533747,25.297069],[121.537107,25.30032],[121.539356,25.2992],[121.540728,25.297834],[121.541225,25.29461],[121.545752,25.29237],[121.550397,25.291633],[121.551799,25.291961],[121.553785,25.293026],[121.556969,25.292288],[121.560386,25.291988],[121.562139,25.293026],[121.563921,25.293518],[121.565644,25.293272],[121.56541,25.294037],[121.566842,25.295075],[121.567163,25.296796],[121.569295,25.298462],[121.572216,25.298408],[121.574465,25.299091],[121.577737,25.298899],[121.579577,25.297752],[121.582615,25.296304],[121.586646,25.293436],[121.590647,25.29207],[121.593744,25.29207],[121.59535,25.291387],[121.597044,25.291578],[121.597599,25.289939],[121.602389,25.287726],[121.603938,25.286497],[121.606333,25.283847],[121.60791,25.281443],[121.61568,25.279257],[121.617841,25.278137],[121.620733,25.275761],[121.623128,25.27393],[121.629729,25.2668],[121.63414,25.260052],[121.635046,25.256665],[121.635863,25.250108],[121.635133,25.245191],[121.633877,25.240629],[121.634169,25.239536],[121.636389,25.236394],[121.638142,25.235957],[121.637645,25.235356],[121.638843,25.233963],[121.642698,25.230931],[121.645765,25.230357],[121.646262,25.231477],[121.647284,25.231259],[121.645941,25.230138],[121.648657,25.230111],[121.64708,25.232351],[121.651257,25.233335],[121.65263,25.232761],[121.651549,25.231504],[121.651344,25.230521],[121.653039,25.230029],[121.653769,25.229346],[121.651666,25.225931],[121.652104,25.225112],[121.65114,25.224784],[121.650176,25.222735],[121.651169,25.220468],[121.653477,25.216288],[121.655843,25.21331],[121.660954,25.208748],[121.662064,25.208529],[121.663817,25.209513],[121.662152,25.207901],[121.662678,25.207409],[121.664051,25.20924],[121.664255,25.207027],[121.666212,25.206016],[121.670593,25.202738],[121.673105,25.202219],[121.67404,25.203394],[121.674449,25.202383],[121.675296,25.203257],[121.673923,25.203967],[121.678071,25.205934],[121.677779,25.204623],[121.67848,25.202656],[121.679298,25.20282],[121.681459,25.204295],[121.681401,25.205634],[121.682482,25.205579],[121.684147,25.207191],[121.687126,25.207956],[121.687272,25.205224],[121.689141,25.20536],[121.688353,25.206562],[121.690339,25.208229],[121.692646,25.208529],[121.692939,25.209404],[121.694019,25.209895],[121.694341,25.21178],[121.696122,25.21301],[121.696181,25.214294],[121.701322,25.217517],[121.702519,25.216261],[121.700942,25.215359],[121.701351,25.214731],[121.700475,25.213775],[121.693377,25.207655],[121.69253,25.205142],[121.691887,25.20435],[121.692705,25.203312],[121.693815,25.204377],[121.694224,25.203394],[121.696006,25.203694],[121.694837,25.202164],[121.694019,25.201782],[121.694691,25.200416],[121.693348,25.199869],[121.692325,25.197848],[121.689813,25.196564],[121.689433,25.195307],[121.688674,25.19528],[121.686717,25.192575],[121.685928,25.192384],[121.686425,25.190554],[121.685841,25.189516],[121.68771,25.185636],[121.688674,25.184653],[121.690164,25.182276],[121.692646,25.180145],[121.696152,25.181784],[121.698868,25.180992],[121.702724,25.180582],[121.703483,25.179981],[121.703542,25.178752],[121.704593,25.17684],[121.706579,25.176949],[121.707164,25.17602],[121.709646,25.176567],[121.709325,25.175966],[121.709033,25.175638],[121.707018,25.174217],[121.705966,25.173835],[121.704009,25.174081],[121.702256,25.173534],[121.702198,25.172551],[121.701059,25.170693],[121.700942,25.169327],[121.699102,25.168917],[121.698927,25.167224],[121.697524,25.166787],[121.696531,25.167169],[121.694983,25.166677],[121.691274,25.166322],[121.691069,25.16482],[121.68958,25.164],[121.68882,25.164082],[121.687593,25.161869],[121.684818,25.160121],[121.683183,25.160667],[121.682511,25.159274],[121.681342,25.159301],[121.678392,25.157444],[121.677574,25.155723],[121.674128,25.155422],[121.67147,25.155559],[121.6696,25.154602],[121.669191,25.1534],[121.667614,25.152936],[121.665949,25.152936],[121.663817,25.152198],[121.662327,25.152608],[121.661071,25.152144],[121.658267,25.152253],[121.657216,25.151433],[121.655755,25.149221],[121.651461,25.147964],[121.65041,25.145833],[121.649533,25.144877],[121.646262,25.145779],[121.644013,25.145779],[121.642377,25.144986],[121.639807,25.14586],[121.638872,25.144413],[121.636769,25.14362],[121.634753,25.143921],[121.632066,25.14261],[121.631015,25.142555],[121.629291,25.141763],[121.626809,25.139714],[121.626809,25.139686],[121.626809,25.139632],[121.627743,25.137173],[121.627831,25.136108],[121.628649,25.134687],[121.63265,25.132229],[121.633059,25.131108],[121.634637,25.13048],[121.637937,25.130835],[121.640771,25.129606],[121.641793,25.128076],[121.64302,25.12783],[121.644363,25.125016],[121.644889,25.123377],[121.644685,25.122203],[121.646233,25.121055],[121.645678,25.119034],[121.646028,25.115919],[121.645736,25.1154],[121.646233,25.113625],[121.647664,25.111876],[121.648803,25.111193],[121.650147,25.109663],[121.650468,25.108079],[121.652221,25.104664],[121.651666,25.103435],[121.650234,25.10338],[121.64892,25.101905],[121.650381,25.100539],[121.650556,25.098709],[121.652922,25.097315],[121.653477,25.096332],[121.655346,25.095622],[121.656164,25.094556],[121.655667,25.093463],[121.657654,25.092753],[121.658384,25.091578],[121.660925,25.090868],[121.661947,25.089366],[121.664284,25.089448],[121.666358,25.088],[121.666825,25.086825],[121.667906,25.08576],[121.672492,25.08382],[121.67404,25.082918],[121.674975,25.083437],[121.678597,25.087262],[121.680554,25.0883],[121.681722,25.087125],[121.681547,25.084421],[121.680525,25.084585],[121.679853,25.083738],[121.680495,25.081908],[121.679707,25.080023],[121.678947,25.079476],[121.67921,25.078547],[121.680203,25.078083],[121.680408,25.077045],[121.681489,25.077045],[121.683825,25.074887],[121.688411,25.071745],[121.690076,25.071745],[121.691624,25.070461],[121.694954,25.069997],[121.696502,25.070079],[121.699335,25.067456],[121.700387,25.067347],[121.704243,25.067948],[121.705236,25.066937],[121.706871,25.066609],[121.709296,25.067702],[121.712363,25.068057],[121.714962,25.066391],[121.717825,25.063823],[121.718993,25.061637],[121.720804,25.060435],[121.721973,25.060135],[121.722703,25.058468],[121.725536,25.058414],[121.726179,25.058113],[121.726968,25.05631],[121.728224,25.054944],[121.730093,25.05336],[121.732079,25.052731],[121.734796,25.054179],[121.737833,25.054644],[121.73979,25.053059],[121.745924,25.053004],[121.747619,25.053742],[121.748174,25.055026],[121.749137,25.055381],[121.750832,25.057048],[121.752146,25.057621],[121.755593,25.058277],[121.756703,25.05926],[121.757959,25.059015],[121.759302,25.059452],[121.760529,25.057976],[121.761814,25.057758],[121.762311,25.056966],[121.764034,25.05743],[121.764823,25.059561],[121.765904,25.059998],[121.767335,25.061801],[121.769993,25.063495],[121.771716,25.063194],[121.772154,25.063823],[121.77306,25.066855],[121.77566,25.070051],[121.773644,25.073084],[121.772154,25.074122],[121.771307,25.076116],[121.769409,25.077892],[121.767072,25.078766],[121.761668,25.078383],[121.760003,25.081033],[121.759127,25.084476],[121.759594,25.08677],[121.759185,25.088683],[121.759828,25.09024],[121.758981,25.091879],[121.758368,25.094775],[121.759448,25.096305],[121.75939,25.09931],[121.759887,25.100539],[121.756761,25.101905],[121.756703,25.102752],[121.758017,25.10338],[121.757462,25.104118],[121.757404,25.106631],[121.75606,25.108407],[121.753869,25.10868],[121.75273,25.10685],[121.75089,25.107751],[121.749985,25.109663],[121.751825,25.111029],[121.757024,25.110128],[121.75939,25.112586],[121.761435,25.112395],[121.763275,25.113433],[121.765465,25.113242],[121.766926,25.112504],[121.767977,25.113952],[121.76973,25.114963],[121.77049,25.116821],[121.771424,25.117504],[121.77157,25.118515],[121.772972,25.120099],[121.7749,25.11988],[121.775835,25.118706],[121.777149,25.118597],[121.779398,25.117586],[121.780567,25.117668],[121.783517,25.116602],[121.785269,25.118241],[121.786029,25.118132],[121.787256,25.115892],[121.790147,25.112259],[121.792922,25.112887],[121.794675,25.112559],[121.795668,25.113734],[121.797771,25.114307],[121.797946,25.116111],[121.798618,25.116657],[121.797567,25.117722],[121.798735,25.118405],[121.798823,25.119334],[121.797596,25.119826],[121.79707,25.121274],[121.794208,25.12335],[121.794616,25.126382],[121.797596,25.125044],[121.798092,25.124306],[121.799115,25.124361],[121.799816,25.123131],[121.800721,25.123049],[121.80224,25.12182],[121.803146,25.12223],[121.803408,25.123514],[121.804869,25.125071],[121.804986,25.125781],[121.803847,25.127229],[121.804226,25.128486],[121.805336,25.129196],[121.805336,25.131136],[121.803905,25.13354],[121.802503,25.134332],[121.803496,25.136217],[121.806855,25.135616],[121.807381,25.134687],[121.810419,25.133103],[121.811762,25.133704],[121.813865,25.134086],[121.815414,25.134769],[121.817429,25.134113],[121.819824,25.134824],[121.821869,25.136026],[121.825345,25.13608],[121.82663,25.135643],[121.825812,25.134687],[121.823037,25.132502],[121.821956,25.132584],[121.821723,25.130562],[121.819766,25.12936],[121.819123,25.127038],[121.819649,25.124798],[121.82108,25.122394],[121.822541,25.121438],[121.825403,25.121738],[121.825637,25.122558],[121.828003,25.122749],[121.82958,25.124388],[121.828499,25.127284],[121.830252,25.127803],[121.831508,25.127038],[121.831771,25.127721],[121.833757,25.127011],[121.834078,25.128431],[121.836474,25.127994],[121.839015,25.128595],[121.839453,25.128076],[121.840709,25.128595],[121.842053,25.128131],[121.841848,25.128868],[121.843016,25.12854],[121.84287,25.12783],[121.844857,25.127284],[121.848946,25.127257],[121.850027,25.126737],[121.852656,25.126164],[121.856073,25.124825],[121.859082,25.12488],[121.86063,25.124607],[121.862353,25.126328],[121.86285,25.125372],[121.862616,25.124306],[121.864076,25.124224],[121.865011,25.123159],[121.868516,25.123159],[121.869539,25.125235],[121.870298,25.125317],[121.87059,25.124361],[121.871525,25.123814],[121.872489,25.125372],[121.873628,25.124798],[121.875994,25.125563],[121.877425,25.125071],[121.877892,25.123568],[121.879966,25.123077],[121.881164,25.12376],[121.884377,25.123323],[121.886276,25.122476],[121.888349,25.122558],[121.889693,25.121711],[121.888963,25.120509],[121.88981,25.119853],[121.891037,25.120263],[121.892147,25.119744],[121.89314,25.120645],[121.8946,25.120154],[121.895973,25.121001],[121.896031,25.120208],[121.897083,25.119689],[121.900734,25.120782],[121.904444,25.123295],[121.904531,25.124333],[121.906605,25.123869],[121.908124,25.123951],[121.910315,25.123377],[121.911775,25.12417],[121.913353,25.124497],[121.914638,25.124224],[121.915222,25.124825],[121.915719,25.12671],[121.916478,25.127257],[121.918902,25.127612],[121.921181,25.128486],[121.922232,25.129551],[121.924014,25.130125],[121.926059,25.129661],[121.926789,25.128841],[121.924131,25.12406],[121.922554,25.122312],[121.921181,25.121328],[121.920801,25.117476],[121.916945,25.116192],[121.916069,25.114908],[121.91604,25.11387],[121.916916,25.113078],[121.91861,25.112504],[121.921239,25.113679],[121.921152,25.114144],[121.923196,25.113269],[121.924452,25.11174],[121.92492,25.110483],[121.926555,25.108161],[121.925445,25.106085],[121.923225,25.10532],[121.924102,25.103926],[121.923605,25.103435],[121.921911,25.104063],[121.92048,25.103353],[121.919428,25.102123],[121.918552,25.100211],[121.91972,25.09767],[121.919603,25.094857],[121.917354,25.094256],[121.915981,25.092535],[121.916011,25.091961],[121.914404,25.089775],[121.914404,25.085486],[121.914842,25.084339],[121.916449,25.082454],[121.916858,25.081416],[121.915339,25.078083],[121.915543,25.076635],[121.916653,25.075952],[121.919866,25.07628],[121.920772,25.075324],[121.922495,25.074395],[121.925504,25.072046],[121.926731,25.0718],[121.928425,25.070871],[121.928133,25.068795],[121.930148,25.066281],[121.931725,25.063112],[121.931258,25.062867],[121.931725,25.060982],[121.930703,25.061063],[121.930645,25.059916],[121.931258,25.056091],[121.930674,25.05601],[121.931579,25.054125],[121.930382,25.052813],[121.929739,25.051365],[121.92895,25.046257],[121.930206,25.045628],[121.930382,25.044153],[121.929067,25.043252],[121.92898,25.042159],[121.930265,25.041695],[121.929038,25.041312],[121.929535,25.039837],[121.930761,25.038608],[121.932047,25.035848],[121.934529,25.032379],[121.939349,25.02768],[121.942241,25.024648],[121.944753,25.022626],[121.947119,25.021069],[121.949952,25.020468],[121.94966,25.021615],[121.952143,25.022244],[121.955998,25.022353],[121.958686,25.022981],[121.960876,25.022981],[121.964849,25.024702],[121.966923,25.023937],[121.968909,25.024457],[121.969902,25.025495],[121.973641,25.02656],[121.975685,25.026751],[121.977876,25.026615],[121.983017,25.024921],[121.987983,25.022326],[121.990144,25.021069],[121.992276,25.016479],[121.991429,25.014977],[121.991166,25.012955],[121.993182,25.014239],[121.993941,25.016015],[121.997622,25.019485],[121.999111,25.019594],[122.000718,25.016452],[122.001828,25.014813],[122.00358,25.014622],[122.004106,25.015496],[122.005099,25.015578],[122.005421,25.01484],[122.005216,25.01301],[122.006063,25.012382],[122.006618,25.011016],[122.007494,25.011863],[122.00583,25.008639],[122.007056,25.008639],[122.006939,25.008011],[122.005654,25.007765],[122.005304,25.004514],[122.005976,25.003339],[122.005158,25.001564],[122.00358,25.002001],[121.996687,25.000771],[121.995781,25.000116],[121.996074,24.999487],[121.994467,24.999187],[121.992715,24.997411],[121.990641,24.995745],[121.989297,24.99375],[121.985967,24.992111],[121.983864,24.990581],[121.980914,24.991073],[121.977526,24.99009],[121.976094,24.988806],[121.974751,24.985282],[121.97221,24.985364],[121.970924,24.984599],[121.970399,24.985063],[121.967711,24.984817],[121.967302,24.982714],[121.966017,24.983096],[121.96406,24.985555],[121.962804,24.987768],[121.959766,24.988369],[121.958131,24.987303],[121.955473,24.988314],[121.953194,24.988013],[121.950361,24.988341],[121.947907,24.986675],[121.94633,24.986975],[121.945804,24.987795],[121.943906,24.987959],[121.943,24.986374],[121.941014,24.985582],[121.940576,24.984517],[121.938648,24.984845],[121.937538,24.983069],[121.935756,24.983424],[121.934442,24.983151],[121.933507,24.980911],[121.930615,24.981047],[121.929038,24.980419],[121.928541,24.979681],[121.926789,24.980173],[121.926468,24.979736],[121.924306,24.979381],[121.922291,24.978616],[121.920859,24.979709],[121.919048,24.978643],[121.917325,24.978807],[121.916244,24.979463],[121.914813,24.979326],[121.914024,24.978643],[121.912476,24.978288],[121.910841,24.976758],[121.91049,24.974928],[121.910052,24.974764],[121.908241,24.975884],[121.90681,24.975611],[121.905437,24.973425],[121.904035,24.974682],[121.902808,24.974381],[121.900325,24.971814],[121.89942,24.970284],[121.89942,24.969355],[121.8972,24.967087],[121.89609,24.96706],[121.891825,24.96512],[121.88943,24.964683],[121.888495,24.963181],[121.887561,24.963727],[121.884727,24.964383],[121.882303,24.964137],[121.879178,24.962716],[121.87798,24.962744],[121.876227,24.961569],[121.87465,24.961733],[121.872313,24.961323],[121.871525,24.960722],[121.869159,24.961487],[121.865128,24.962252],[121.863638,24.962143],[121.861243,24.963645],[121.858789,24.963399],[121.854291,24.961542],[121.85397,24.959957],[121.852539,24.959602],[121.850377,24.961187],[121.848771,24.960012],[121.847164,24.960367],[121.845528,24.95922],[121.845061,24.957662],[121.843484,24.956898],[121.843016,24.955176],[121.841381,24.954166],[121.841264,24.952581],[121.84176,24.951352],[121.84068,24.947882],[121.839219,24.946353],[121.839044,24.944632],[121.839833,24.9422],[121.841498,24.940998],[121.842432,24.939359],[121.845791,24.938348],[121.846609,24.937856],[121.847894,24.935289],[121.847807,24.934005],[121.849384,24.931109],[121.84915,24.930344],[121.853824,24.927913],[121.85397,24.925918],[121.852101,24.923733],[121.850815,24.923432],[121.850231,24.922476],[121.845587,24.919389],[121.844827,24.917176],[121.843338,24.915401],[121.83954,24.912641],[121.838022,24.910073],[121.83659,24.908544],[121.8344,24.906823],[121.833407,24.906713],[121.8318,24.90491],[121.827944,24.905347],[121.82701,24.904555],[121.825958,24.905238],[121.822395,24.904555],[121.819853,24.902916],[121.818276,24.902725],[121.816377,24.903681],[121.815384,24.904692],[121.813427,24.905457],[121.811675,24.906522],[121.810448,24.905211],[121.810477,24.903681],[121.808549,24.902943],[121.806096,24.902533],[121.804518,24.901168],[121.803116,24.901741],[121.802182,24.901004],[121.800049,24.901222],[121.799027,24.900894],[121.797041,24.901577],[121.795317,24.899829],[121.793419,24.899747],[121.791754,24.899528],[121.792075,24.897562],[121.793068,24.896988],[121.79301,24.89625],[121.790556,24.894584],[121.790001,24.893464],[121.788161,24.892781],[121.786876,24.892945],[121.785649,24.892316],[121.785795,24.890841],[121.784189,24.890267],[121.782962,24.890404],[121.781647,24.889393],[121.782202,24.887372],[121.78191,24.884585],[121.782232,24.883165],[121.781881,24.882427],[121.782378,24.880433],[121.782232,24.879176],[121.784218,24.877646],[121.785182,24.874149],[121.784539,24.873658],[121.783196,24.874231],[121.781998,24.873139],[121.779135,24.871418],[121.777383,24.870817],[121.777295,24.869724],[121.775163,24.86661],[121.775455,24.865134],[121.771161,24.864861],[121.769146,24.865927],[121.767393,24.864861],[121.767861,24.863796],[121.766108,24.862539],[121.765407,24.861009],[121.764297,24.859862],[121.763538,24.859916],[121.762661,24.8612],[121.761522,24.859889],[121.76196,24.858277],[121.760996,24.857704],[121.760967,24.856693],[121.757404,24.85672],[121.753548,24.85601],[121.753665,24.855163],[121.751182,24.85489],[121.750627,24.85448],[121.748787,24.855081],[121.747823,24.854917],[121.747356,24.853715],[121.745778,24.852868],[121.7435,24.852841],[121.741981,24.852458],[121.740404,24.853469],[121.738242,24.855327],[121.736198,24.855737],[121.732605,24.855846],[121.730502,24.8553],[121.727143,24.853141],[121.726237,24.851694],[121.724835,24.850628],[121.721914,24.849836],[121.719519,24.846558],[121.719724,24.845601],[121.718643,24.845656],[121.715576,24.844345],[121.715225,24.842897],[121.714261,24.841777],[121.711282,24.841449],[121.708975,24.840602],[121.70839,24.839127],[121.707514,24.838854],[121.703279,24.835193],[121.701731,24.834374],[121.699861,24.834865],[121.699073,24.835521],[121.698138,24.83421],[121.696385,24.834565],[121.696707,24.833745],[121.696093,24.831969],[121.696385,24.83044],[121.695947,24.829675],[121.694516,24.829183],[121.691829,24.827161],[121.69104,24.827216],[121.688908,24.826205],[121.687681,24.825003],[121.687681,24.824348],[121.689696,24.822708],[121.690105,24.821397],[121.688937,24.819348],[121.689346,24.817327],[121.68844,24.816207],[121.687214,24.816261],[121.68625,24.817491],[121.683066,24.816917],[121.680758,24.817518],[121.678889,24.815332],[121.676727,24.814103],[121.675325,24.814704],[121.674157,24.81413],[121.672638,24.815141],[121.671002,24.816862],[121.669016,24.81801],[121.668782,24.816944],[121.667293,24.816207],[121.665774,24.814786],[121.664781,24.814404],[121.662999,24.812628],[121.660954,24.811836],[121.660721,24.810852],[121.653097,24.811262],[121.651812,24.811699],[121.65041,24.812956],[121.648657,24.812655],[121.647489,24.813857],[121.646408,24.81077],[121.645736,24.809705],[121.644363,24.809186],[121.641997,24.810442],[121.640303,24.810306],[121.638784,24.810743],[121.637207,24.809432],[121.634374,24.809131],[121.632212,24.809213],[121.630051,24.80894],[121.628035,24.807984],[121.625991,24.808803],[121.625699,24.808585],[121.626429,24.805798],[121.626108,24.803367],[121.624822,24.801618],[121.625144,24.799433],[121.62602,24.79651],[121.62529,24.794953],[121.623537,24.794379]],[[121.607793,25.130207],[121.607676,25.130262],[121.60756,25.130316],[121.607238,25.130398],[121.606742,25.130507],[121.606274,25.130507],[121.605807,25.130562],[121.605427,25.130617],[121.605223,25.130644],[121.604872,25.130699],[121.604639,25.130781],[121.604551,25.131081],[121.604551,25.131518],[121.604843,25.132474],[121.604843,25.132638],[121.604843,25.13283],[121.604785,25.133021],[121.604639,25.133376],[121.60458,25.13354],[121.604551,25.133977],[121.604609,25.134195],[121.60458,25.134414],[121.60458,25.134605],[121.604902,25.134988],[121.605252,25.135534],[121.60534,25.135835],[121.60534,25.13608],[121.60569,25.136654],[121.60569,25.136736],[121.604931,25.136845],[121.604872,25.136681],[121.604726,25.13649],[121.60458,25.136381],[121.604376,25.136272],[121.604259,25.136217],[121.604084,25.13619],[121.604025,25.136326],[121.60347,25.136982],[121.603178,25.1372],[121.602944,25.137364],[121.602682,25.137528],[121.602127,25.137802],[121.601659,25.137911],[121.601572,25.138102],[121.601455,25.138266],[121.601046,25.13873],[121.600841,25.138949],[121.600666,25.139195],[121.600491,25.139386],[121.600316,25.139468],[121.599936,25.139686],[121.599527,25.13985],[121.599206,25.13996],[121.599001,25.140014],[121.598651,25.140151],[121.598475,25.140233],[121.5983,25.140479],[121.596752,25.142746],[121.595788,25.143429],[121.595759,25.143593],[121.595788,25.143675],[121.595905,25.144085],[121.595963,25.144276],[121.595993,25.144686],[121.595759,25.145423],[121.595496,25.146079],[121.595233,25.146598],[121.59497,25.146899],[121.594503,25.147527],[121.594036,25.147909],[121.593831,25.148292],[121.593831,25.148401],[121.59386,25.148948],[121.593802,25.149767],[121.593714,25.15004],[121.593568,25.150313],[121.592926,25.150805],[121.592692,25.15086],[121.592517,25.150887],[121.592166,25.150887],[121.591524,25.151106],[121.591319,25.151242],[121.591144,25.151352],[121.59053,25.151679],[121.590384,25.151789],[121.590092,25.151898],[121.589713,25.152116],[121.58945,25.152663],[121.589654,25.152799],[121.589859,25.152909],[121.590063,25.153073],[121.590209,25.153182],[121.59056,25.153728],[121.590589,25.153947],[121.590618,25.154138],[121.590677,25.154302],[121.590764,25.154575],[121.590793,25.15463],[121.59091,25.154712],[121.591348,25.15493],[121.591524,25.15504],[121.591582,25.155122],[121.591786,25.155531],[121.591816,25.155777],[121.591845,25.156023],[121.591728,25.156378],[121.59164,25.156515],[121.591582,25.156733],[121.591553,25.156979],[121.591786,25.157662],[121.591699,25.157908],[121.591115,25.159192],[121.590998,25.159438],[121.590939,25.15952],[121.590823,25.159766],[121.590589,25.160203],[121.590501,25.160394],[121.590501,25.160995],[121.590472,25.161214],[121.590384,25.161596],[121.590326,25.161787],[121.590297,25.161897],[121.590238,25.162142],[121.590238,25.162224],[121.590151,25.162525],[121.590005,25.163099],[121.589976,25.163317],[121.589917,25.163536],[121.589829,25.163727],[121.589245,25.163399],[121.588778,25.163099],[121.588544,25.163044],[121.588427,25.162989],[121.588135,25.162962],[121.587843,25.162989],[121.587668,25.163235],[121.587347,25.163399],[121.587142,25.163426],[121.586616,25.163426],[121.58647,25.163481],[121.586207,25.16359],[121.586061,25.163672],[121.585828,25.163809],[121.585331,25.164219],[121.585185,25.164328],[121.58501,25.164492],[121.584776,25.164656],[121.584572,25.164792],[121.58428,25.164902],[121.583812,25.164984],[121.583608,25.165065],[121.583462,25.165311],[121.583433,25.165421],[121.583374,25.165639],[121.583053,25.165803],[121.582615,25.16553],[121.582031,25.165448],[121.581242,25.16553],[121.581008,25.16553],[121.580512,25.165448],[121.579606,25.165475],[121.578847,25.165612],[121.578496,25.165803],[121.577065,25.167005],[121.577007,25.167142],[121.577036,25.167306],[121.577299,25.168234],[121.577386,25.168781],[121.577299,25.169956],[121.578087,25.17072],[121.578642,25.171048],[121.579256,25.171922],[121.579577,25.172168],[121.580687,25.172906],[121.58095,25.173234],[121.581067,25.17337],[121.581592,25.173753],[121.581797,25.173917],[121.581943,25.174245],[121.582089,25.174463],[121.582293,25.174709],[121.582469,25.174818],[121.582673,25.175009],[121.582819,25.175228],[121.582965,25.175447],[121.582994,25.175556],[121.582994,25.175638],[121.582965,25.176048],[121.582965,25.176293],[121.583111,25.176649],[121.58352,25.176894],[121.583462,25.177086],[121.583433,25.17714],[121.583345,25.177414],[121.583053,25.177769],[121.582878,25.177987],[121.58279,25.178096],[121.582615,25.17826],[121.582469,25.178534],[121.582293,25.178807],[121.582206,25.178971],[121.582206,25.179326],[121.582235,25.179572],[121.582147,25.179818],[121.581271,25.180446],[121.5813,25.180664],[121.581388,25.180883],[121.580921,25.181621],[121.580862,25.181812],[121.580862,25.181948],[121.581067,25.182167],[121.581242,25.182304],[121.58133,25.182467],[121.581359,25.182768],[121.581417,25.182905],[121.581651,25.183314],[121.581709,25.183424],[121.582031,25.18356],[121.582293,25.183615],[121.582498,25.183669],[121.582586,25.183751],[121.582644,25.183915],[121.582673,25.184079],[121.582761,25.184325],[121.582761,25.184516],[121.582586,25.184871],[121.582323,25.185172],[121.582001,25.185582],[121.581768,25.186101],[121.582001,25.186593],[121.582089,25.186811],[121.582586,25.187276],[121.582878,25.187467],[121.583053,25.187986],[121.582936,25.188423],[121.582994,25.188587],[121.58317,25.188696],[121.583491,25.188751],[121.583549,25.188723],[121.583695,25.188696],[121.583988,25.188805],[121.584017,25.18886],[121.584017,25.188997],[121.583929,25.189188],[121.583812,25.189352],[121.583783,25.189488],[121.583871,25.189734],[121.583988,25.189871],[121.583988,25.189953],[121.583958,25.190308],[121.583929,25.190417],[121.583812,25.190526],[121.583783,25.190554],[121.583695,25.190663],[121.583842,25.190964],[121.583695,25.191237],[121.583637,25.191455],[121.583783,25.191838],[121.583783,25.191974],[121.583549,25.192329],[121.583403,25.192439],[121.583141,25.192603],[121.582936,25.192712],[121.582732,25.192985],[121.582702,25.193149],[121.582819,25.193395],[121.582878,25.193723],[121.582936,25.193887],[121.583024,25.193996],[121.583228,25.194214],[121.583579,25.19446],[121.583725,25.19457],[121.583695,25.194652],[121.583433,25.194788],[121.582615,25.195061],[121.582235,25.195089],[121.581943,25.195143],[121.58168,25.195225],[121.580891,25.195362],[121.580336,25.195307],[121.579548,25.194761],[121.579489,25.194597],[121.579402,25.194351],[121.579139,25.194133],[121.578847,25.194296],[121.578555,25.194515],[121.578263,25.194597],[121.578029,25.194652],[121.577649,25.194843],[121.577153,25.195335],[121.576948,25.195335],[121.576627,25.19528],[121.576393,25.195253],[121.576159,25.195307],[121.576101,25.195335],[121.575663,25.195608],[121.5754,25.19558],[121.57505,25.195498],[121.574903,25.195444],[121.574582,25.195307],[121.574465,25.195253],[121.574144,25.195143],[121.573706,25.195143],[121.573531,25.195061],[121.573414,25.195034],[121.573268,25.195007],[121.572391,25.195225],[121.572158,25.195335],[121.571661,25.195526],[121.571574,25.195662],[121.571486,25.195772],[121.571077,25.196099],[121.570814,25.196455],[121.570873,25.1967],[121.570931,25.19681],[121.570989,25.197028],[121.57096,25.197274],[121.570902,25.197383],[121.570873,25.197438],[121.57061,25.197711],[121.570464,25.197821],[121.569938,25.198285],[121.569558,25.19834],[121.568682,25.198667],[121.568361,25.198913],[121.567543,25.199214],[121.566812,25.199432],[121.566491,25.199514],[121.566228,25.199596],[121.565878,25.199869],[121.565761,25.200061],[121.565703,25.200307],[121.565586,25.20047],[121.565323,25.200634],[121.565001,25.20088],[121.564826,25.201017],[121.564943,25.20159],[121.565089,25.201973],[121.565089,25.202246],[121.565031,25.20241],[121.564943,25.202793],[121.564885,25.203011],[121.564768,25.203257],[121.564651,25.203803],[121.564563,25.204213],[121.564184,25.20506],[121.564038,25.205197],[121.56395,25.205279],[121.563599,25.205606],[121.563512,25.20577],[121.563453,25.205961],[121.563366,25.206262],[121.563337,25.206508],[121.563074,25.207273],[121.562986,25.207464],[121.562957,25.207737],[121.562811,25.208475],[121.562811,25.208611],[121.562782,25.209021],[121.562782,25.209185],[121.562723,25.209376],[121.562665,25.209458],[121.562373,25.209568],[121.562256,25.209595],[121.56173,25.209622],[121.561409,25.209677],[121.560971,25.209786],[121.560795,25.209841],[121.560357,25.210005],[121.560182,25.210059],[121.55989,25.210169],[121.559422,25.210169],[121.559189,25.210169],[121.55802,25.209513],[121.557904,25.209376],[121.557699,25.209212],[121.557203,25.208885],[121.556823,25.208693],[121.555917,25.208639],[121.555216,25.208529],[121.5551,25.208475],[121.554953,25.208311],[121.554895,25.208174],[121.554778,25.207655],[121.554691,25.207327],[121.554574,25.207054],[121.554428,25.206644],[121.554223,25.206043],[121.554136,25.20588],[121.554077,25.205798],[121.553931,25.205634],[121.553727,25.205442],[121.553581,25.205306],[121.553493,25.205251],[121.553405,25.205169],[121.553347,25.205115],[121.553289,25.204978],[121.553259,25.204923],[121.55323,25.204814],[121.55323,25.204677],[121.553201,25.204541],[121.553113,25.204186],[121.55288,25.204049],[121.552558,25.20394],[121.552412,25.203858],[121.552208,25.203749],[121.551945,25.203639],[121.551653,25.203339],[121.551594,25.203066],[121.551565,25.202902],[121.551565,25.202765],[121.551507,25.202328],[121.551478,25.202219],[121.551536,25.201946],[121.551682,25.201754],[121.551857,25.201563],[121.552062,25.201399],[121.552179,25.201345],[121.552354,25.201208],[121.552441,25.201099],[121.552558,25.200962],[121.552617,25.200689],[121.552617,25.200498],[121.552587,25.200279],[121.552529,25.199979],[121.552529,25.199678],[121.552587,25.199296],[121.552617,25.199214],[121.552646,25.19905],[121.552587,25.198804],[121.5525,25.198695],[121.552325,25.198476],[121.552208,25.19834],[121.552062,25.198094],[121.552003,25.197984],[121.551916,25.197821],[121.551653,25.197629],[121.551478,25.19752],[121.551273,25.197438],[121.550864,25.19722],[121.550777,25.197165],[121.550601,25.197138],[121.550309,25.197247],[121.549871,25.197411],[121.549345,25.197875],[121.548878,25.198176],[121.547972,25.197848],[121.547797,25.197575],[121.547096,25.197028],[121.546862,25.197083],[121.546658,25.197083],[121.546424,25.197028],[121.54622,25.196864],[121.546074,25.196564],[121.545986,25.1964],[121.545811,25.196236],[121.545636,25.196127],[121.545431,25.19599],[121.545256,25.195908],[121.545081,25.195826],[121.544935,25.195772],[121.544759,25.195635],[121.544584,25.195471],[121.544496,25.19528],[121.544117,25.194706],[121.543883,25.19446],[121.543825,25.194406],[121.543708,25.194242],[121.54362,25.19416],[121.543445,25.194105],[121.54327,25.193777],[121.54324,25.193559],[121.543211,25.193231],[121.543153,25.192903],[121.543124,25.192575],[121.542861,25.191728],[121.542802,25.19151],[121.542773,25.191373],[121.542773,25.190964],[121.542832,25.190772],[121.542861,25.190335],[121.54289,25.190035],[121.54289,25.189898],[121.54289,25.18968],[121.542861,25.189488],[121.542832,25.188969],[121.542627,25.188805],[121.542539,25.188805],[121.542306,25.188723],[121.542131,25.188587],[121.541926,25.188341],[121.541751,25.188095],[121.541079,25.187385],[121.540845,25.187221],[121.539823,25.187084],[121.539385,25.187112],[121.539122,25.187057],[121.538859,25.186975],[121.538479,25.186893],[121.538216,25.186866],[121.537778,25.186893],[121.53734,25.186975],[121.537194,25.18703],[121.536727,25.18692],[121.535821,25.186675],[121.535704,25.186511],[121.535617,25.186237],[121.5355,25.185828],[121.535325,25.185554],[121.535296,25.185527],[121.535208,25.185363],[121.53512,25.185281],[121.534974,25.185008],[121.53477,25.184708],[121.53477,25.184653],[121.534595,25.184434],[121.534478,25.184407],[121.533747,25.183888],[121.533631,25.183779],[121.533485,25.183642],[121.53328,25.183588],[121.532258,25.183615],[121.531703,25.183642],[121.531352,25.183642],[121.531177,25.183642],[121.530914,25.183588],[121.53071,25.18356],[121.530505,25.183506],[121.530272,25.183369],[121.530009,25.18326],[121.529191,25.183014],[121.528928,25.183041],[121.528402,25.183123],[121.528022,25.183178],[121.527672,25.183205],[121.527292,25.183205],[121.526883,25.18315],[121.52662,25.183123],[121.526357,25.183096],[121.525802,25.18285],[121.52554,25.182631],[121.525423,25.182522],[121.525394,25.182467],[121.52516,25.182249],[121.525072,25.182194],[121.524868,25.182003],[121.524488,25.181648],[121.524138,25.181293],[121.523378,25.180582],[121.523144,25.180364],[121.522882,25.180118],[121.522794,25.180009],[121.522589,25.179818],[121.522502,25.179763],[121.522327,25.179626],[121.521742,25.179135],[121.521713,25.178998],[121.521918,25.178616],[121.52221,25.178233],[121.522327,25.177878],[121.522064,25.177031],[121.522005,25.176649],[121.522181,25.176348],[121.522297,25.176184],[121.522385,25.175938],[121.522385,25.175692],[121.522385,25.175529],[121.522414,25.175283],[121.52256,25.174764],[121.522531,25.174545],[121.522502,25.174381],[121.522385,25.17419],[121.522034,25.173698],[121.521918,25.173562],[121.52183,25.17348],[121.521655,25.173288],[121.521626,25.173261],[121.521479,25.172961],[121.521217,25.17236],[121.521217,25.172141],[121.521187,25.171431],[121.5211,25.171267],[121.521012,25.171103],[121.520866,25.17083],[121.520545,25.17042],[121.520457,25.170229],[121.52037,25.170119],[121.520223,25.169819],[121.520165,25.169682],[121.520048,25.169382],[121.519844,25.169218],[121.51961,25.169245],[121.519376,25.1693],[121.519114,25.169409],[121.518938,25.169464],[121.518588,25.169628],[121.518091,25.169846],[121.518004,25.169874],[121.517653,25.169983],[121.517419,25.170037],[121.516894,25.170119],[121.516514,25.170147],[121.516251,25.170201],[121.516047,25.170256],[121.515842,25.170365],[121.515725,25.17042],[121.515112,25.170638],[121.514674,25.170748],[121.514294,25.170884],[121.513943,25.170966],[121.513535,25.170994],[121.513009,25.170939],[121.512103,25.170256],[121.51184,25.169928],[121.511548,25.169682],[121.511285,25.169409],[121.510409,25.169436],[121.51,25.169573],[121.509737,25.169682],[121.509328,25.169874],[121.509066,25.17001],[121.508248,25.170365],[121.508131,25.17042],[121.507926,25.170529],[121.507605,25.170802],[121.507371,25.170966],[121.50705,25.171158],[121.506933,25.171212],[121.506583,25.171158],[121.506261,25.171048],[121.505736,25.171076],[121.50559,25.171294],[121.50559,25.171349],[121.505502,25.171485],[121.505414,25.171595],[121.505297,25.171813],[121.505444,25.172332],[121.505444,25.172414],[121.505385,25.17266],[121.505356,25.172742],[121.505093,25.173043],[121.504918,25.173206],[121.503895,25.173316],[121.50334,25.173343],[121.502552,25.173261],[121.502552,25.173234],[121.502639,25.17307],[121.502318,25.172032],[121.502231,25.171895],[121.502172,25.171841],[121.50188,25.17154],[121.501734,25.171403],[121.501676,25.171294],[121.501676,25.171103],[121.501734,25.170857],[121.501763,25.170802],[121.501792,25.170557],[121.50188,25.170147],[121.501909,25.169983],[121.501938,25.169928],[121.501909,25.169546],[121.501851,25.169409],[121.501763,25.169273],[121.5015,25.169136],[121.500858,25.168754],[121.500712,25.168726],[121.500507,25.168644],[121.50039,25.16859],[121.500303,25.16848],[121.500011,25.168125],[121.499835,25.167907],[121.499689,25.167551],[121.499602,25.16736],[121.499543,25.167087],[121.49928,25.165994],[121.499134,25.165639],[121.49893,25.165257],[121.498755,25.164956],[121.498521,25.16471],[121.497878,25.164109],[121.497674,25.163918],[121.497469,25.163754],[121.497265,25.163672],[121.497119,25.16359],[121.496739,25.163426],[121.496418,25.163262],[121.496155,25.163153],[121.495804,25.162989],[121.495571,25.162825],[121.495337,25.162579],[121.494899,25.162088],[121.494753,25.161978],[121.493847,25.161432],[121.493731,25.161377],[121.492708,25.160695],[121.492591,25.160613],[121.492358,25.160394],[121.492299,25.160257],[121.492153,25.160066],[121.49189,25.159711],[121.491628,25.15911],[121.491569,25.158837],[121.491481,25.158673],[121.491335,25.158454],[121.491073,25.15799],[121.490926,25.157826],[121.490196,25.156679],[121.490109,25.156542],[121.490021,25.156405],[121.489787,25.156214],[121.4897,25.15605],[121.489612,25.155804],[121.489554,25.155723],[121.489349,25.155367],[121.488619,25.154247],[121.488268,25.153947],[121.488093,25.15351],[121.487889,25.153291],[121.487743,25.153155],[121.487567,25.152909],[121.487597,25.152472],[121.487597,25.152308],[121.487421,25.151843],[121.487451,25.151652],[121.48748,25.151433],[121.486779,25.150942],[121.486545,25.150805],[121.484734,25.15086],[121.483683,25.150723],[121.483595,25.150696],[121.483244,25.15045],[121.483011,25.150341],[121.482835,25.150231],[121.482543,25.149794],[121.482397,25.149549],[121.48231,25.149385],[121.482222,25.149221],[121.482134,25.149084],[121.482018,25.148838],[121.481959,25.148702],[121.481872,25.14851],[121.481784,25.148265],[121.481667,25.147991],[121.481404,25.147745],[121.481287,25.147636],[121.481024,25.147281],[121.480849,25.14709],[121.480645,25.146871],[121.480616,25.146844],[121.480528,25.146735],[121.48044,25.146707],[121.480265,25.146571],[121.479973,25.146352],[121.479593,25.146052],[121.479447,25.145942],[121.479272,25.145833],[121.479155,25.145724],[121.478951,25.14556],[121.478542,25.145205],[121.47825,25.144959],[121.478016,25.144768],[121.477841,25.144631],[121.477724,25.144495],[121.477461,25.144276],[121.477256,25.144221],[121.476994,25.144112],[121.476818,25.144003],[121.476731,25.143894],[121.476585,25.143675],[121.476555,25.143238],[121.476555,25.143101],[121.476439,25.142801],[121.476322,25.142664],[121.476205,25.142582],[121.475854,25.142336],[121.475562,25.142118],[121.475387,25.141899],[121.47527,25.141735],[121.475153,25.141571],[121.474949,25.141244],[121.474686,25.140998],[121.47454,25.140889],[121.474277,25.140697],[121.473985,25.140397],[121.473693,25.140206],[121.472933,25.139577],[121.472612,25.139277],[121.472495,25.139085],[121.472349,25.138758],[121.472291,25.138594],[121.472232,25.138239],[121.47197,25.137747],[121.471765,25.137528],[121.471765,25.137501],[121.471561,25.13731],[121.471502,25.137255],[121.471269,25.137037],[121.47121,25.137009],[121.471064,25.136927],[121.470743,25.136681],[121.470188,25.136381],[121.469983,25.136272],[121.46975,25.136135],[121.46937,25.135944],[121.469165,25.13578],[121.468932,25.135616],[121.468786,25.135452],[121.468698,25.135316],[121.468435,25.134796],[121.468377,25.134523],[121.46826,25.134332],[121.467968,25.134113],[121.467909,25.134004],[121.467705,25.133731],[121.467559,25.133567],[121.467267,25.133294],[121.467121,25.133185],[121.466946,25.132966],[121.466712,25.132857],[121.466449,25.132529],[121.466274,25.132365],[121.466128,25.132119],[121.465982,25.131955],[121.465748,25.131764],[121.465602,25.131573],[121.465427,25.130972],[121.465368,25.130617],[121.465193,25.129988],[121.465135,25.129824],[121.465018,25.129415],[121.46493,25.129169],[121.464872,25.129005],[121.464813,25.128841],[121.464726,25.128459],[121.464521,25.128158],[121.464317,25.127448],[121.464346,25.127284],[121.464463,25.126737],[121.464609,25.126164],[121.464667,25.126054],[121.464696,25.125836],[121.464696,25.125781],[121.464726,25.125508],[121.464726,25.125372],[121.464696,25.125071],[121.464609,25.124825],[121.46458,25.124689],[121.46458,25.124634],[121.464667,25.124525],[121.464813,25.124333],[121.464755,25.124224],[121.464521,25.12417],[121.463849,25.123924],[121.46347,25.123924],[121.46271,25.123705],[121.462243,25.123623],[121.461746,25.123596],[121.461571,25.123432],[121.461542,25.123159],[121.461396,25.123049],[121.461104,25.122995],[121.46087,25.122967],[121.460578,25.122967],[121.46014,25.122967],[121.459965,25.12294],[121.459439,25.122967],[121.459205,25.12294],[121.458913,25.122967],[121.458796,25.12294],[121.458796,25.122913],[121.458825,25.122858],[121.458942,25.122667],[121.459001,25.122558],[121.459293,25.122066],[121.45938,25.121847],[121.459439,25.121629],[121.459585,25.121192],[121.459585,25.121137],[121.459643,25.120946],[121.459731,25.120536],[121.459789,25.12029],[121.459818,25.120154],[121.459935,25.119553],[121.459994,25.119307],[121.460052,25.119006],[121.46014,25.118733],[121.460198,25.118542],[121.460257,25.118323],[121.460344,25.118077],[121.46052,25.117504],[121.460578,25.117258],[121.460666,25.116903],[121.460753,25.116712],[121.460841,25.116493],[121.460841,25.116411],[121.460899,25.116192],[121.460841,25.116056],[121.460753,25.115865],[121.460666,25.115728],[121.46052,25.11551],[121.460403,25.115291],[121.460315,25.115127],[121.460169,25.114881],[121.460081,25.114635],[121.459906,25.114362],[121.45938,25.113324],[121.459293,25.113187],[121.459205,25.113051],[121.459059,25.112805],[121.45903,25.112723],[121.458855,25.112395],[121.458738,25.112204],[121.45865,25.112095],[121.458358,25.11174],[121.458183,25.111412],[121.45792,25.110865],[121.457774,25.11051],[121.457745,25.110428],[121.457657,25.110237],[121.457628,25.110128],[121.457569,25.109827],[121.457423,25.10939],[121.457219,25.108816],[121.45719,25.108653],[121.45716,25.108461],[121.45716,25.107724],[121.457219,25.107532],[121.457336,25.107095],[121.457686,25.106686],[121.458212,25.106194],[121.460111,25.104773],[121.460578,25.104445],[121.460753,25.104309],[121.460841,25.104254],[121.461104,25.10409],[121.461191,25.104008],[121.4616,25.103735],[121.461951,25.103544],[121.462272,25.10338],[121.462652,25.103189],[121.463002,25.10297],[121.463119,25.102916],[121.463411,25.102779],[121.463733,25.102615],[121.463966,25.102533],[121.464141,25.102451],[121.464609,25.102287],[121.465047,25.102151],[121.465923,25.101823],[121.466099,25.101741],[121.466537,25.101659],[121.4668,25.101659],[121.467033,25.101659],[121.467384,25.101632],[121.467617,25.101632],[121.468026,25.101632],[121.468143,25.101632],[121.468961,25.101632],[121.469107,25.101632],[121.469399,25.101632],[121.470714,25.101604],[121.471093,25.101604],[121.471444,25.101604],[121.472641,25.101604],[121.473021,25.101604],[121.473459,25.101577],[121.473576,25.101577],[121.473897,25.10155],[121.474043,25.10155],[121.47454,25.101495],[121.474861,25.101495],[121.475212,25.101495],[121.475475,25.101468],[121.476117,25.101468],[121.476439,25.101468],[121.476906,25.101468],[121.477461,25.10144],[121.477782,25.10144],[121.477899,25.101413],[121.478104,25.101413],[121.479155,25.101249],[121.479447,25.101167],[121.479827,25.101113],[121.480002,25.101085],[121.480265,25.101031],[121.480411,25.101003],[121.480762,25.100949],[121.480849,25.100921],[121.481054,25.100867],[121.481141,25.100839],[121.481463,25.10073],[121.481755,25.100566],[121.482018,25.10043],[121.48231,25.100293],[121.483274,25.099801],[121.48339,25.099747],[121.483595,25.099692],[121.483799,25.09961],[121.483945,25.099555],[121.484121,25.099473],[121.484238,25.099446],[121.484354,25.099392],[121.484646,25.099282],[121.484793,25.099228],[121.485055,25.099118],[121.485143,25.099091],[121.485318,25.099009],[121.485464,25.098982],[121.485523,25.098954],[121.485961,25.098818],[121.486019,25.098763],[121.486282,25.098627],[121.486516,25.09849],[121.48675,25.098353],[121.487012,25.098162],[121.487158,25.09808],[121.48748,25.097862],[121.487655,25.097752],[121.488006,25.097534],[121.488736,25.097124],[121.488969,25.09696],[121.489174,25.096769],[121.489758,25.096195],[121.490079,25.095813],[121.490255,25.095622],[121.490342,25.095567],[121.490693,25.095212],[121.49078,25.095102],[121.491131,25.094775],[121.49116,25.094775],[121.49154,25.094392],[121.491715,25.094228],[121.492036,25.093955],[121.492212,25.093791],[121.492475,25.093573],[121.493059,25.093081],[121.493322,25.092862],[121.493585,25.092644],[121.493993,25.092316],[121.494724,25.091742],[121.494928,25.091578],[121.495103,25.091387],[121.495191,25.091305],[121.495366,25.091141],[121.496827,25.089885],[121.497177,25.089584],[121.497265,25.089502],[121.497586,25.089229],[121.497966,25.088874],[121.498229,25.088683],[121.498609,25.088355],[121.498784,25.088191],[121.499514,25.087535],[121.499689,25.087344],[121.499865,25.087098],[121.500273,25.086552],[121.500566,25.086087],[121.50077,25.085814],[121.500916,25.085541],[121.501004,25.085459],[121.501179,25.085186],[121.501325,25.084967],[121.501471,25.084749],[121.501763,25.084312],[121.501938,25.084011],[121.502406,25.083328],[121.502493,25.083192],[121.50261,25.082946],[121.502932,25.082317],[121.503048,25.082072],[121.503107,25.081962],[121.503253,25.081689],[121.50337,25.081416],[121.503428,25.081307],[121.503603,25.080951],[121.503662,25.080842],[121.503808,25.080569],[121.503954,25.080296],[121.503983,25.080187],[121.5041,25.079886],[121.504304,25.07923],[121.504421,25.07893],[121.50445,25.078793],[121.504538,25.078465],[121.504655,25.078192],[121.504655,25.07811],[121.504743,25.077946],[121.504801,25.077837],[121.504859,25.077701],[121.504976,25.077455],[121.505122,25.077127],[121.505268,25.076799],[121.505648,25.075925],[121.505823,25.075515],[121.505882,25.075296],[121.506028,25.074859],[121.506115,25.074586],[121.506174,25.074422],[121.506232,25.074013],[121.506291,25.073712],[121.50632,25.073439],[121.50632,25.07322],[121.50632,25.073029],[121.506378,25.07292],[121.506437,25.072729],[121.506554,25.072455],[121.506612,25.072182],[121.506787,25.071718],[121.506992,25.070953],[121.506992,25.070844],[121.506992,25.070789],[121.507021,25.070598],[121.507021,25.070488],[121.50705,25.070188],[121.507021,25.069805],[121.507021,25.069642],[121.507021,25.069341],[121.506992,25.068685],[121.506992,25.068412],[121.506962,25.068221],[121.506933,25.067757],[121.506933,25.067675],[121.506933,25.067319],[121.506904,25.066828],[121.506904,25.066445],[121.506875,25.065626],[121.506846,25.065243],[121.506816,25.064724],[121.506758,25.064478],[121.506641,25.064178],[121.506583,25.063987],[121.506524,25.063768],[121.506466,25.063631],[121.506378,25.063304],[121.50632,25.06314],[121.506261,25.062976],[121.506174,25.062648],[121.506057,25.062211],[121.505999,25.061938],[121.505736,25.061036],[121.505619,25.06079],[121.50556,25.060381],[121.505531,25.060271],[121.505444,25.059725],[121.505414,25.059561],[121.505385,25.05926],[121.505414,25.058605],[121.505444,25.058414],[121.505531,25.05814],[121.50556,25.058031],[121.505765,25.057485],[121.505823,25.057348],[121.50594,25.057075],[121.506203,25.056419],[121.506378,25.055764],[121.506349,25.055245],[121.50632,25.054808],[121.50632,25.054698],[121.506291,25.054452],[121.506261,25.05407],[121.506261,25.053988],[121.506174,25.053469],[121.506057,25.053141],[121.505969,25.052813],[121.505823,25.052403],[121.505794,25.052294],[121.505444,25.051447],[121.505356,25.051283],[121.505181,25.050901],[121.504947,25.050382],[121.504801,25.050081],[121.504713,25.04989],[121.504655,25.049781],[121.504626,25.049754],[121.50445,25.049508],[121.503895,25.048907],[121.503662,25.048715],[121.503574,25.048634],[121.503136,25.048224],[121.503136,25.048087],[121.50299,25.047923],[121.502406,25.047295],[121.502231,25.047104],[121.502084,25.046912],[121.501997,25.046803],[121.501237,25.045874],[121.500975,25.045683],[121.50039,25.045246],[121.500244,25.045137],[121.50004,25.045027],[121.49966,25.044809],[121.499397,25.0447],[121.499017,25.044536],[121.497908,25.043989],[121.497645,25.043907],[121.497469,25.043798],[121.496856,25.043498],[121.496622,25.043388],[121.496389,25.043306],[121.496213,25.043224],[121.495892,25.043061],[121.495571,25.042951],[121.49522,25.042842],[121.494957,25.042842],[121.494461,25.042842],[121.49411,25.042869],[121.493847,25.042869],[121.493585,25.042869],[121.493438,25.042869],[121.492621,25.042897],[121.491949,25.042897],[121.491744,25.042869],[121.491306,25.042897],[121.49078,25.042842],[121.490372,25.042815],[121.49005,25.042787],[121.489466,25.042733],[121.489203,25.042705],[121.489086,25.042705],[121.488736,25.042514],[121.488239,25.04205],[121.488006,25.041804],[121.487538,25.041367],[121.487275,25.041121],[121.487012,25.040875],[121.48672,25.040602],[121.486428,25.040356],[121.486224,25.040192],[121.486107,25.040083],[121.485902,25.039892],[121.485815,25.03981],[121.48564,25.039646],[121.485377,25.039427],[121.485318,25.039345],[121.485231,25.039236],[121.485201,25.039209],[121.484997,25.039017],[121.484588,25.038416],[121.484384,25.038143],[121.484325,25.038007],[121.484091,25.037651],[121.483975,25.037351],[121.483887,25.037105],[121.483829,25.036914],[121.483712,25.036559],[121.483653,25.036313],[121.483624,25.035985],[121.483624,25.035657],[121.483624,25.035329],[121.483683,25.035083],[121.483741,25.034674],[121.483916,25.034155],[121.48415,25.033581],[121.484296,25.033198],[121.484384,25.032953],[121.484471,25.032789],[121.484676,25.032324],[121.484734,25.032133],[121.484793,25.031969],[121.484822,25.031778],[121.485026,25.031341],[121.485231,25.030931],[121.485435,25.030549],[121.48564,25.030166],[121.486107,25.029292],[121.486253,25.029019],[121.486311,25.028937],[121.486603,25.028254],[121.487129,25.027489],[121.487334,25.02738],[121.487538,25.027106],[121.487567,25.026997],[121.487567,25.026943],[121.487597,25.026478],[121.487626,25.025986],[121.487801,25.025604],[121.487947,25.025276],[121.488122,25.024839],[121.488327,25.024375],[121.488531,25.023937],[121.48859,25.023774],[121.488677,25.023582],[121.488619,25.022326],[121.48859,25.022134],[121.488531,25.021725],[121.488473,25.021397],[121.488385,25.021042],[121.488385,25.020878],[121.488385,25.020741],[121.488385,25.020605],[121.488356,25.020468],[121.488385,25.020386],[121.488385,25.020222],[121.488385,25.02014],[121.488385,25.019894],[121.488444,25.019676],[121.488502,25.019321],[121.488502,25.019157],[121.488502,25.019102],[121.488531,25.018856],[121.488531,25.018774],[121.488531,25.018501],[121.488561,25.018119],[121.488531,25.017791],[121.488531,25.017627],[121.488502,25.017463],[121.488502,25.017381],[121.488531,25.017272],[121.488561,25.016999],[121.488561,25.016835],[121.48859,25.016671],[121.48859,25.016616],[121.488619,25.016479],[121.488648,25.01637],[121.488648,25.016015],[121.488677,25.015851],[121.488677,25.015769],[121.488677,25.015551],[121.488794,25.01525],[121.488882,25.015004],[121.48894,25.014868],[121.489028,25.014704],[121.489115,25.014595],[121.489145,25.014485],[121.489262,25.014294],[121.489378,25.014103],[121.489437,25.013884],[121.489554,25.013474],[121.489554,25.013392],[121.489612,25.013147],[121.489963,25.01301],[121.490342,25.012737],[121.490488,25.012573],[121.490926,25.012027],[121.49116,25.011808],[121.491452,25.011426],[121.491569,25.011234],[121.491657,25.01107],[121.491832,25.010825],[121.49189,25.010661],[121.492036,25.010387],[121.492241,25.010087],[121.492796,25.009404],[121.493117,25.00924],[121.493497,25.009185],[121.493701,25.009185],[121.494023,25.009185],[121.494899,25.00924],[121.495279,25.009295],[121.495337,25.009322],[121.495629,25.009404],[121.49598,25.009486],[121.496301,25.009595],[121.496827,25.009841],[121.497031,25.009923],[121.498316,25.010661],[121.498667,25.010879],[121.499456,25.011371],[121.499719,25.011562],[121.499923,25.011726],[121.500157,25.011863],[121.500332,25.011999],[121.500858,25.012491],[121.501208,25.012846],[121.501938,25.01372],[121.502231,25.014185],[121.502377,25.014376],[121.502932,25.015059],[121.503779,25.016152],[121.504071,25.016507],[121.504596,25.017108],[121.504713,25.017244],[121.505064,25.017627],[121.505297,25.017927],[121.505385,25.018009],[121.505823,25.018474],[121.506145,25.018802],[121.506554,25.019184],[121.506787,25.019403],[121.507138,25.019703],[121.507547,25.020086],[121.507868,25.020331],[121.508335,25.020769],[121.508394,25.02085],[121.508715,25.021096],[121.508832,25.021178],[121.50889,25.021206],[121.509036,25.021315],[121.509241,25.02137],[121.509416,25.021451],[121.509562,25.021506],[121.509971,25.021643],[121.510117,25.02167],[121.510322,25.021725],[121.510555,25.021752],[121.510614,25.021779],[121.510847,25.021807],[121.511373,25.021834],[121.511665,25.021807],[121.511782,25.021807],[121.511957,25.021807],[121.512162,25.021779],[121.512337,25.021752],[121.512395,25.021752],[121.512541,25.021725],[121.512687,25.021697],[121.512921,25.02167],[121.513301,25.021615],[121.513535,25.021561],[121.513739,25.021506],[121.51409,25.021424],[121.514323,25.02137],[121.514966,25.021178],[121.515287,25.021096],[121.51555,25.020987],[121.515813,25.020905],[121.516076,25.020796],[121.516163,25.020769],[121.51628,25.020741],[121.516426,25.020687],[121.516631,25.020632],[121.516952,25.020523],[121.517595,25.020304],[121.517945,25.020195],[121.518617,25.019867],[121.518851,25.019758],[121.519143,25.019621],[121.519552,25.019375],[121.519756,25.019239],[121.519961,25.019075],[121.520194,25.018938],[121.52037,25.018802],[121.520545,25.018638],[121.520837,25.018392],[121.521041,25.018201],[121.521421,25.017763],[121.521509,25.017682],[121.521626,25.017545],[121.521742,25.017408],[121.521859,25.017217],[121.522064,25.016917],[121.522122,25.016807],[121.52221,25.016698],[121.522443,25.016316],[121.522531,25.016179],[121.522677,25.015988],[121.522823,25.015769],[121.522911,25.015578],[121.523115,25.015277],[121.523144,25.015196],[121.523261,25.015086],[121.523349,25.014895],[121.523583,25.014649],[121.52367,25.014485],[121.523729,25.014431],[121.523962,25.01413],[121.524079,25.013966],[121.524254,25.013802],[121.524342,25.013693],[121.52443,25.013584],[121.524809,25.013119],[121.525014,25.012873],[121.525218,25.0126],[121.525335,25.012409],[121.526533,25.011262],[121.526971,25.011016],[121.527234,25.010852],[121.527409,25.01077],[121.528402,25.010305],[121.528636,25.010196],[121.528899,25.010114],[121.529016,25.010087],[121.529191,25.010032],[121.529629,25.009978],[121.529892,25.00995],[121.530067,25.009923],[121.530359,25.009868],[121.530447,25.009841],[121.530622,25.009786],[121.530768,25.009704],[121.531381,25.009213],[121.531528,25.009076],[121.531644,25.008912],[121.53182,25.008694],[121.53182,25.008666],[121.532608,25.005771],[121.533864,25.003612],[121.533368,25.002547],[121.531615,25.001208],[121.530564,24.997657],[121.531352,24.995444],[121.531732,24.993204],[121.531352,24.992548],[121.531674,24.990527],[121.534361,24.993313],[121.535033,24.995062],[121.536259,24.994078],[121.537077,24.99151],[121.536581,24.989735],[121.536844,24.988724],[121.538187,24.987986],[121.539998,24.98774],[121.543854,24.988287],[121.544789,24.98703],[121.544146,24.985036],[121.544847,24.983779],[121.547096,24.983287],[121.549024,24.983752],[121.550777,24.985254],[121.550835,24.987221],[121.552617,24.986702],[121.553756,24.9852],[121.553902,24.984353],[121.553055,24.980747],[121.553172,24.979026],[121.554106,24.976867],[121.555187,24.976512],[121.556093,24.973398],[121.557495,24.972251],[121.558459,24.968535],[121.559539,24.96676],[121.561204,24.964711],[121.564359,24.964629],[121.56506,24.964082],[121.568419,24.964055],[121.570405,24.964438],[121.572976,24.96411],[121.574348,24.965284],[121.574553,24.966842],[121.577357,24.966486],[121.578642,24.966596],[121.580512,24.965394],[121.582206,24.964765],[121.584397,24.964574],[121.585711,24.963208],[121.588048,24.963673],[121.588749,24.963372],[121.591173,24.964601],[121.591962,24.963946],[121.593364,24.964219],[121.594824,24.961596],[121.597073,24.960504],[121.598359,24.961241],[121.601075,24.960886],[121.602156,24.961214],[121.603383,24.962279],[121.605252,24.96299],[121.608465,24.963181],[121.609224,24.964],[121.610451,24.964984],[121.612058,24.965366],[121.613635,24.966432],[121.61492,24.966186],[121.616907,24.967525],[121.617841,24.966896],[121.619652,24.967169],[121.619974,24.9693],[121.619185,24.970584],[121.617754,24.970857],[121.616176,24.971677],[121.614132,24.973589],[121.613431,24.973371],[121.61124,24.974627],[121.610072,24.974245],[121.608231,24.974518],[121.605106,24.974436],[121.604493,24.975092],[121.60017,24.976922],[121.599352,24.978671],[121.600637,24.98031],[121.599848,24.986484],[121.601864,24.987986],[121.601864,24.990472],[121.59906,24.991729],[121.599293,24.993122],[121.598154,24.994488],[121.598768,24.995881],[121.599585,24.996428],[121.599673,24.99763],[121.60052,24.998504],[121.600549,25.000717],[121.599702,25.002492],[121.597891,25.004159],[121.595905,25.004514],[121.595642,25.007164],[121.596489,25.011917],[121.597482,25.013037],[121.597249,25.014376],[121.597628,25.014813],[121.598067,25.014813],[121.598271,25.014786],[121.59868,25.014786],[121.599118,25.014758],[121.599907,25.014922],[121.600316,25.014786],[121.600608,25.014786],[121.600754,25.014813],[121.60125,25.015114],[121.601484,25.015141],[121.601718,25.015086],[121.602097,25.014977],[121.602623,25.015086],[121.602769,25.015305],[121.602886,25.015523],[121.602944,25.015715],[121.603003,25.016179],[121.602974,25.016452],[121.603061,25.016807],[121.603207,25.017108],[121.603412,25.017463],[121.603529,25.017818],[121.603529,25.018009],[121.603616,25.018201],[121.60385,25.018665],[121.604084,25.018993],[121.604171,25.019102],[121.604551,25.019102],[121.604902,25.019129],[121.605077,25.019157],[121.605807,25.019266],[121.60753,25.019375],[121.607968,25.019403],[121.608348,25.019676],[121.608436,25.01984],[121.608553,25.02014],[121.60864,25.020386],[121.608874,25.020632],[121.609078,25.020823],[121.6094,25.02085],[121.609546,25.020659],[121.609663,25.020413],[121.609779,25.020195],[121.610188,25.019894],[121.610422,25.01984],[121.610568,25.01984],[121.610889,25.019867],[121.611152,25.019894],[121.612087,25.019485],[121.612438,25.019594],[121.612584,25.019621],[121.612788,25.019566],[121.612963,25.019348],[121.613139,25.019239],[121.613372,25.019129],[121.613606,25.019184],[121.61384,25.019266],[121.614336,25.019348],[121.614599,25.019375],[121.61492,25.019457],[121.615096,25.019512],[121.615651,25.019621],[121.615855,25.019648],[121.616059,25.019703],[121.616293,25.019594],[121.616907,25.018965],[121.617023,25.018774],[121.617257,25.018556],[121.61752,25.018419],[121.617929,25.018337],[121.61825,25.018337],[121.618513,25.018283],[121.618776,25.018201],[121.619214,25.018119],[121.619506,25.018146],[121.619827,25.018283],[121.620061,25.018392],[121.620704,25.018283],[121.621025,25.018009],[121.621171,25.017982],[121.621405,25.017927],[121.622223,25.017518],[121.622369,25.017436],[121.622573,25.017354],[121.623187,25.017272],[121.623391,25.017326],[121.623537,25.017436],[121.623683,25.017545],[121.624004,25.017791],[121.624939,25.018201],[121.625523,25.018337],[121.625699,25.018419],[121.625932,25.018528],[121.626078,25.01861],[121.626312,25.018774],[121.6264,25.018884],[121.626516,25.018993],[121.626692,25.019239],[121.627042,25.019566],[121.627364,25.019566],[121.628035,25.019512],[121.628181,25.019539],[121.628415,25.019621],[121.628853,25.019867],[121.629028,25.020086],[121.629087,25.020331],[121.629204,25.020632],[121.629379,25.02096],[121.629554,25.021124],[121.629729,25.02137],[121.629788,25.021479],[121.629905,25.02167],[121.63008,25.021943],[121.630226,25.022162],[121.630284,25.022298],[121.630314,25.022462],[121.630314,25.022626],[121.630314,25.022763],[121.630284,25.022981],[121.630255,25.023118],[121.630284,25.023282],[121.630372,25.023528],[121.630518,25.02391],[121.630869,25.02462],[121.630927,25.02473],[121.631219,25.02503],[121.631365,25.025139],[121.632446,25.025631],[121.632855,25.02544],[121.633118,25.025221],[121.633235,25.025112],[121.633381,25.025003],[121.633497,25.024948],[121.633702,25.024948],[121.633819,25.024921],[121.634052,25.024757],[121.634403,25.024457],[121.634666,25.024265],[121.634929,25.024156],[121.635338,25.024074],[121.635513,25.024047],[121.63563,25.023965],[121.635659,25.023856],[121.635601,25.023364],[121.635863,25.023336],[121.636156,25.023528],[121.63636,25.02361],[121.636769,25.023746],[121.637061,25.023801],[121.637382,25.023992],[121.637499,25.024074],[121.637879,25.024019],[121.637967,25.023937],[121.638025,25.02391],[121.638375,25.023746],[121.639778,25.023582],[121.640128,25.023555],[121.640216,25.023555],[121.640391,25.023528],[121.640508,25.0235],[121.640741,25.0235],[121.6408,25.0235],[121.641034,25.023637],[121.641384,25.023856],[121.64153,25.023937],[121.642114,25.024293],[121.642377,25.024347],[121.642523,25.024402],[121.642757,25.024511],[121.64302,25.024538],[121.643253,25.024347],[121.643604,25.024156],[121.643779,25.024047],[121.643838,25.024019],[121.6441,25.02391],[121.644363,25.023856],[121.644655,25.023746],[121.645094,25.023364],[121.645181,25.023227],[121.645298,25.023145],[121.645503,25.022872],[121.645649,25.022626],[121.645765,25.022326],[121.645853,25.022107],[121.646233,25.021725],[121.646846,25.021779],[121.648277,25.022735],[121.648686,25.022899],[121.648862,25.023036],[121.648949,25.023118],[121.649125,25.023255],[121.649241,25.023418],[121.649358,25.023555],[121.649504,25.023664],[121.649884,25.023965],[121.65003,25.023992],[121.650351,25.024019],[121.650819,25.023937],[121.651082,25.02391],[121.65149,25.02391],[121.651724,25.02391],[121.651987,25.023965],[121.652454,25.024101],[121.652746,25.024156],[121.653039,25.024211],[121.653185,25.024211],[121.65371,25.024402],[121.65409,25.024375],[121.65447,25.024238],[121.654733,25.024156],[121.655171,25.02391],[121.655492,25.023719],[121.655872,25.023774],[121.656018,25.023828],[121.656076,25.023828],[121.656252,25.023746],[121.656514,25.023637],[121.656719,25.023582],[121.656777,25.023582],[121.657245,25.023418],[121.657478,25.023282],[121.658238,25.023582],[121.658384,25.023473],[121.658501,25.023473],[121.658559,25.0235],[121.658968,25.023418],[121.659173,25.023446],[121.659465,25.023446],[121.659581,25.023446],[121.659669,25.023446],[121.65999,25.023446],[121.66037,25.023418],[121.660487,25.023418],[121.660691,25.023391],[121.660984,25.023282],[121.661246,25.023145],[121.661801,25.022954],[121.662298,25.022845],[121.662824,25.022763],[121.663437,25.022954],[121.663846,25.023091],[121.664284,25.023965],[121.664343,25.024183],[121.664518,25.024429],[121.664664,25.024484],[121.664868,25.02462],[121.664956,25.024784],[121.665277,25.025741],[121.665365,25.025959],[121.665307,25.02615],[121.665073,25.026587],[121.665014,25.026751],[121.664956,25.027024],[121.664839,25.02738],[121.664839,25.027598],[121.664868,25.027926],[121.664898,25.028145],[121.664927,25.028226],[121.665219,25.028445],[121.665336,25.028554],[121.665453,25.028773],[121.665628,25.029073],[121.665715,25.029237],[121.665774,25.029401],[121.665861,25.029948],[121.665774,25.029948],[121.665599,25.029893],[121.665482,25.029866],[121.665394,25.029784],[121.66519,25.029647],[121.66481,25.029538],[121.664547,25.02962],[121.663583,25.02992],[121.66332,25.030111],[121.66297,25.030221],[121.662561,25.030193],[121.662093,25.030303],[121.661743,25.030385],[121.661451,25.030467],[121.660458,25.030303],[121.660224,25.030221],[121.66002,25.030111],[121.65964,25.029866],[121.659494,25.029784],[121.659348,25.029674],[121.658764,25.029456],[121.658588,25.029347],[121.658472,25.029292],[121.658296,25.029183],[121.658121,25.029101],[121.657946,25.029046],[121.6578,25.028937],[121.657566,25.0288],[121.657391,25.028554],[121.657303,25.028336],[121.657216,25.028226],[121.656982,25.028035],[121.656427,25.027844],[121.656047,25.027735],[121.65558,25.02768],[121.655288,25.027544],[121.6552,25.027462],[121.655112,25.027462],[121.655054,25.027571],[121.654908,25.027735],[121.654674,25.027735],[121.654528,25.027789],[121.654382,25.027844],[121.653944,25.027844],[121.653798,25.027735],[121.653681,25.027653],[121.653477,25.027544],[121.652542,25.027598],[121.652338,25.027735],[121.651958,25.028117],[121.651841,25.028145],[121.651666,25.028035],[121.651257,25.027762],[121.651169,25.027789],[121.650935,25.027789],[121.650673,25.027735],[121.650556,25.027707],[121.650234,25.027625],[121.65003,25.027735],[121.649709,25.027981],[121.649387,25.028117],[121.648774,25.027899],[121.64854,25.028063],[121.648277,25.028418],[121.647985,25.028636],[121.64781,25.028527],[121.646934,25.027981],[121.646525,25.028117],[121.646496,25.028199],[121.646496,25.028445],[121.645941,25.029401],[121.645765,25.029456],[121.645561,25.029429],[121.645415,25.02951],[121.645181,25.029674],[121.644918,25.029674],[121.644772,25.029647],[121.644247,25.029784],[121.644042,25.02992],[121.643838,25.030275],[121.643487,25.030494],[121.64337,25.030467],[121.643224,25.030549],[121.642728,25.030931],[121.642494,25.031013],[121.64226,25.031177],[121.64153,25.031314],[121.641413,25.031395],[121.640946,25.031669],[121.640829,25.031751],[121.640449,25.031942],[121.640245,25.031969],[121.639894,25.032024],[121.63969,25.032215],[121.639573,25.032297],[121.638843,25.032816],[121.638405,25.033117],[121.638317,25.033171],[121.638259,25.03328],[121.6382,25.03339],[121.638113,25.033499],[121.638083,25.033581],[121.637908,25.033745],[121.637762,25.033772],[121.637587,25.033827],[121.63747,25.033936],[121.637353,25.033936],[121.637178,25.033991],[121.636915,25.034073],[121.636594,25.034237],[121.636097,25.034346],[121.635776,25.034401],[121.63563,25.034455],[121.635455,25.034537],[121.635338,25.034619],[121.635162,25.034728],[121.635075,25.03481],[121.634841,25.035002],[121.634374,25.034783],[121.634023,25.034838],[121.633819,25.035329],[121.633731,25.035521],[121.633644,25.035657],[121.633468,25.035739],[121.633322,25.035794],[121.63303,25.035821],[121.632212,25.035657],[121.631803,25.035575],[121.631424,25.035466],[121.631073,25.035384],[121.630869,25.035302],[121.630606,25.035165],[121.630343,25.035083],[121.630138,25.035138],[121.630051,25.035821],[121.629992,25.036094],[121.629729,25.036559],[121.629467,25.036723],[121.629204,25.036832],[121.628882,25.036914],[121.62862,25.037023],[121.628211,25.037105],[121.62786,25.03716],[121.627568,25.037242],[121.627364,25.037351],[121.627305,25.037406],[121.627159,25.037515],[121.626838,25.037706],[121.626633,25.037788],[121.626546,25.037843],[121.626283,25.03787],[121.626137,25.037925],[121.625845,25.03787],[121.625436,25.037733],[121.62529,25.037679],[121.625027,25.037706],[121.624705,25.038034],[121.624618,25.038198],[121.624443,25.038444],[121.62418,25.03869],[121.623596,25.039263],[121.623333,25.039482],[121.622894,25.03981],[121.622427,25.039946],[121.62231,25.039974],[121.621931,25.040083],[121.621843,25.040137],[121.621697,25.040274],[121.621551,25.040356],[121.621346,25.040575],[121.621171,25.04082],[121.621025,25.041012],[121.620879,25.041176],[121.620791,25.041312],[121.620704,25.041449],[121.620529,25.041722],[121.620441,25.04194],[121.620353,25.042104],[121.62012,25.042459],[121.619944,25.042678],[121.619652,25.042951],[121.619302,25.043252],[121.619214,25.043334],[121.618922,25.043798],[121.618776,25.044099],[121.618688,25.044208],[121.618455,25.044672],[121.61825,25.045],[121.617549,25.046311],[121.617315,25.046721],[121.617169,25.046994],[121.617053,25.047213],[121.616936,25.047377],[121.616644,25.047787],[121.616498,25.048005],[121.616468,25.048497],[121.616439,25.048715],[121.616264,25.049125],[121.616264,25.049562],[121.616293,25.050409],[121.61641,25.050737],[121.616761,25.050983],[121.616819,25.05101],[121.617169,25.051283],[121.617286,25.051365],[121.617666,25.051721],[121.618104,25.05224],[121.618163,25.052294],[121.618659,25.052513],[121.61898,25.052649],[121.619419,25.052841],[121.61974,25.052977],[121.620003,25.053086],[121.621025,25.053824],[121.621054,25.054125],[121.620762,25.05478],[121.620704,25.054889],[121.620499,25.055217],[121.620295,25.055518],[121.620207,25.055818],[121.620207,25.055982],[121.620236,25.056228],[121.620499,25.056638],[121.620821,25.056693],[121.621113,25.056665],[121.621872,25.056365],[121.622106,25.056173],[121.622164,25.056146],[121.622398,25.0559],[121.622573,25.055709],[121.622836,25.055545],[121.623011,25.055436],[121.623187,25.055299],[121.623362,25.055026],[121.623479,25.054999],[121.6238,25.055135],[121.624238,25.055736],[121.62418,25.0559],[121.624092,25.056091],[121.624004,25.056255],[121.623771,25.056556],[121.623537,25.056938],[121.623245,25.057321],[121.62307,25.057539],[121.622894,25.057785],[121.622778,25.058004],[121.622632,25.058222],[121.622515,25.058386],[121.622369,25.058714],[121.622281,25.058905],[121.622223,25.059069],[121.622164,25.05926],[121.622106,25.059479],[121.622047,25.059616],[121.621726,25.060189],[121.621638,25.060353],[121.621142,25.060954],[121.620996,25.061118],[121.620762,25.061364],[121.620236,25.061856],[121.619886,25.062156],[121.619389,25.062511],[121.618513,25.063058],[121.618221,25.063194],[121.617987,25.063222],[121.617812,25.063276],[121.617608,25.063358],[121.617345,25.063495],[121.617023,25.063604],[121.616118,25.063905],[121.616118,25.063932],[121.616176,25.064014],[121.616322,25.064314],[121.616381,25.064451],[121.616614,25.06497],[121.616673,25.065134],[121.616673,25.065407],[121.616673,25.065708],[121.616702,25.06579],[121.616965,25.065899],[121.617023,25.065899],[121.61714,25.065817],[121.617199,25.065653],[121.617491,25.065271],[121.617724,25.065107],[121.617812,25.065107],[121.617929,25.065161],[121.617841,25.06538],[121.617783,25.065571],[121.61787,25.065817],[121.6179,25.065954],[121.617958,25.066363],[121.617929,25.066555],[121.6179,25.066664],[121.617783,25.0668],[121.617637,25.067046],[121.617549,25.067401],[121.617637,25.06762],[121.617724,25.067675],[121.617929,25.067675],[121.618542,25.067647],[121.618659,25.067729],[121.619535,25.068412],[121.619594,25.068631],[121.619681,25.068631],[121.619857,25.068603],[121.62009,25.068631],[121.620353,25.06874],[121.620879,25.069286],[121.620967,25.06956],[121.621142,25.069587],[121.621463,25.069532],[121.621522,25.069778],[121.621463,25.069997],[121.621288,25.070406],[121.621317,25.070625],[121.621259,25.070789],[121.621259,25.071062],[121.621259,25.071854],[121.621142,25.072073],[121.620996,25.072182],[121.620791,25.072319],[121.620645,25.072647],[121.620587,25.073056],[121.620675,25.073384],[121.62085,25.073548],[121.621142,25.073821],[121.621259,25.073958],[121.621668,25.074832],[121.621726,25.074859],[121.621814,25.074887],[121.622223,25.074723],[121.622748,25.074668],[121.622807,25.074832],[121.622894,25.075187],[121.622953,25.075324],[121.623128,25.075652],[121.623216,25.075925],[121.623216,25.076198],[121.623187,25.076553],[121.623157,25.076772],[121.623187,25.076936],[121.624793,25.077782],[121.62491,25.077946],[121.624939,25.078001],[121.624998,25.07822],[121.625027,25.078411],[121.625056,25.078575],[121.625056,25.078657],[121.625085,25.078848],[121.624881,25.078739],[121.624793,25.078629],[121.62453,25.078329],[121.624297,25.078138],[121.62415,25.07811],[121.624092,25.07811],[121.623946,25.078192],[121.623888,25.078329],[121.623829,25.078493],[121.623946,25.078711],[121.624209,25.078766],[121.624472,25.079039],[121.624501,25.079312],[121.624384,25.079504],[121.624238,25.079722],[121.624209,25.079777],[121.62415,25.080105],[121.624209,25.080268],[121.624384,25.080487],[121.624705,25.080706],[121.624939,25.080897],[121.625027,25.080951],[121.625406,25.081307],[121.625523,25.081443],[121.625611,25.081607],[121.625669,25.081662],[121.625815,25.081798],[121.625932,25.081962],[121.626166,25.082072],[121.626429,25.082126],[121.627334,25.08229],[121.62748,25.082372],[121.627656,25.082563],[121.627772,25.082809],[121.62786,25.083028],[121.627977,25.083383],[121.628006,25.083519],[121.627948,25.083683],[121.62786,25.08382],[121.627656,25.084093],[121.627568,25.084312],[121.627568,25.084831],[121.627772,25.085104],[121.627918,25.085295],[121.628094,25.085541],[121.628415,25.086142],[121.628561,25.086333],[121.628561,25.086415],[121.628561,25.086524],[121.628415,25.08677],[121.628327,25.086962],[121.628269,25.087071],[121.62824,25.087371],[121.62824,25.087453],[121.62824,25.087672],[121.628152,25.088191],[121.627977,25.088464],[121.627656,25.088737],[121.62713,25.089284],[121.626925,25.089448],[121.626809,25.089584],[121.626692,25.089748],[121.626633,25.089803],[121.6264,25.090076],[121.626283,25.090158],[121.626195,25.090267],[121.626137,25.090322],[121.625991,25.090704],[121.625991,25.090841],[121.626049,25.090977],[121.626312,25.091278],[121.626254,25.091578],[121.626137,25.091715],[121.625932,25.091988],[121.625728,25.092316],[121.62564,25.092726],[121.625582,25.09289],[121.625523,25.093054],[121.625056,25.093682],[121.625056,25.093928],[121.625085,25.094146],[121.625144,25.094338],[121.625231,25.094638],[121.62529,25.094884],[121.625348,25.095075],[121.625377,25.095102],[121.625523,25.095239],[121.626108,25.095676],[121.626195,25.095813],[121.626254,25.096004],[121.626137,25.09625],[121.625377,25.097042],[121.625173,25.097069],[121.624881,25.097097],[121.624705,25.097097],[121.624589,25.097097],[121.624384,25.097069],[121.623975,25.097069],[121.623771,25.096987],[121.623157,25.096987],[121.622982,25.097042],[121.622778,25.097097],[121.622515,25.097179],[121.621931,25.097561],[121.621755,25.097889],[121.621668,25.09808],[121.62158,25.098217],[121.621492,25.098299],[121.621376,25.098381],[121.621142,25.098572],[121.620996,25.098627],[121.620587,25.098791],[121.620236,25.099118],[121.619944,25.099337],[121.619302,25.099829],[121.619039,25.10002],[121.618659,25.100211],[121.618571,25.100375],[121.618513,25.100457],[121.618338,25.100648],[121.618221,25.100757],[121.617841,25.100921],[121.617345,25.101167],[121.617228,25.10144],[121.617053,25.101632],[121.616907,25.101796],[121.61679,25.101905],[121.616731,25.102041],[121.616702,25.10226],[121.616673,25.102342],[121.616439,25.10256],[121.616235,25.102998],[121.616089,25.103216],[121.615943,25.103271],[121.615767,25.103489],[121.615271,25.103926],[121.61492,25.104063],[121.614657,25.104145],[121.61419,25.104282],[121.614102,25.104336],[121.61384,25.104473],[121.613518,25.104582],[121.61308,25.104637],[121.612671,25.104637],[121.61235,25.104609],[121.612029,25.104637],[121.611649,25.104719],[121.611357,25.104855],[121.610919,25.105019],[121.61048,25.105128],[121.609809,25.105593],[121.609487,25.105839],[121.609371,25.105921],[121.608874,25.106194],[121.608611,25.106358],[121.608494,25.10644],[121.608348,25.106549],[121.60756,25.106877],[121.606859,25.106959],[121.606479,25.10715],[121.606304,25.107287],[121.606216,25.107314],[121.605719,25.107314],[121.604872,25.107369],[121.604755,25.107341],[121.60423,25.107587],[121.604113,25.107642],[121.603879,25.107696],[121.603441,25.107778],[121.603032,25.108052],[121.602944,25.108161],[121.602652,25.108297],[121.60201,25.108407],[121.601805,25.108379],[121.601513,25.108379],[121.601426,25.108379],[121.601133,25.108407],[121.600958,25.108434],[121.600579,25.108516],[121.600053,25.108516],[121.599907,25.108407],[121.599556,25.108489],[121.599498,25.108571],[121.599439,25.108625],[121.599118,25.108898],[121.598914,25.108926],[121.598621,25.108926],[121.598388,25.108926],[121.597658,25.10939],[121.597395,25.109718],[121.596869,25.110783],[121.596577,25.111166],[121.596402,25.112013],[121.596343,25.112259],[121.596226,25.112532],[121.596139,25.112696],[121.59608,25.112778],[121.595934,25.112914],[121.595788,25.113078],[121.595584,25.113269],[121.595525,25.113351],[121.595467,25.113488],[121.595496,25.113788],[121.595525,25.113898],[121.595671,25.114144],[121.595993,25.114226],[121.596197,25.114499],[121.596256,25.114553],[121.596343,25.114745],[121.596577,25.115045],[121.596635,25.1151],[121.596781,25.115291],[121.596927,25.115619],[121.59719,25.115837],[121.597278,25.115919],[121.597512,25.11622],[121.597424,25.116356],[121.597424,25.116712],[121.59757,25.117012],[121.597687,25.117203],[121.59792,25.117531],[121.598096,25.117914],[121.598154,25.118023],[121.598213,25.118214],[121.598388,25.118706],[121.598475,25.118924],[121.598621,25.119252],[121.598709,25.119443],[121.598797,25.119717],[121.599176,25.120345],[121.599469,25.120427],[121.599702,25.120318],[121.599965,25.120536],[121.599994,25.120618],[121.60017,25.121001],[121.600316,25.121301],[121.60052,25.121492],[121.600783,25.122039],[121.600841,25.122312],[121.600841,25.122476],[121.6009,25.122667],[121.601163,25.123213],[121.601163,25.123323],[121.601133,25.123514],[121.601163,25.12406],[121.60125,25.124661],[121.601396,25.125044],[121.601513,25.125399],[121.601601,25.125672],[121.601922,25.126027],[121.602302,25.126054],[121.602506,25.126164],[121.602769,25.126136],[121.603032,25.125891],[121.603353,25.125508],[121.604113,25.125727],[121.604259,25.125809],[121.604434,25.125918],[121.604609,25.126082],[121.604697,25.12641],[121.605106,25.126874],[121.605573,25.127202],[121.605836,25.127502],[121.606041,25.127748],[121.606304,25.127939],[121.606596,25.12824],[121.607151,25.128841],[121.607384,25.129087],[121.607501,25.129169],[121.60756,25.129305],[121.607735,25.129906],[121.607822,25.130207],[121.607793,25.130207]]]}},{"type":"Feature","properties":{"COUNTYNAME":"台南市","COUNTYID":"D","COUNTYCODE":"67000","COUNTYENG":"Tainan City"},"geometry":{"type":"Polygon","coordinates":[[[120.495149,23.393207],[120.495587,23.393179],[120.497515,23.39124],[120.497106,23.389382],[120.499209,23.38788],[120.497895,23.385476],[120.496814,23.384246],[120.495792,23.383891],[120.494507,23.384301],[120.491235,23.382634],[120.490301,23.383072],[120.489337,23.38187],[120.485364,23.380258],[120.484371,23.379493],[120.483845,23.378263],[120.483378,23.375805],[120.483524,23.374685],[120.482998,23.373073],[120.482998,23.371652],[120.483875,23.370614],[120.483904,23.369576],[120.485393,23.369822],[120.487088,23.371051],[120.488256,23.373018],[120.489454,23.372854],[120.490096,23.371133],[120.491411,23.372472],[120.49439,23.369467],[120.496172,23.369904],[120.497282,23.36892],[120.498713,23.368675],[120.499472,23.368019],[120.5014,23.367746],[120.502189,23.368156],[120.502598,23.369521],[120.503474,23.368893],[120.504818,23.368893],[120.504847,23.367473],[120.506658,23.367063],[120.507038,23.366079],[120.508907,23.364604],[120.510543,23.364358],[120.510221,23.36332],[120.511098,23.362419],[120.511273,23.360534],[120.512412,23.359823],[120.512149,23.358212],[120.512354,23.355671],[120.510864,23.354005],[120.508031,23.352748],[120.507505,23.353895],[120.505694,23.355398],[120.504788,23.354797],[120.503591,23.351027],[120.503708,23.349497],[120.504701,23.34906],[120.504467,23.346547],[120.505548,23.3457],[120.505081,23.344825],[120.506599,23.344197],[120.507709,23.34305],[120.509608,23.343378],[120.510251,23.344033],[120.515508,23.34376],[120.516969,23.342531],[120.518604,23.341957],[120.520678,23.341957],[120.521233,23.340591],[120.523103,23.340673],[120.523804,23.340045],[120.524534,23.338324],[120.525848,23.339198],[120.526929,23.339389],[120.527572,23.338569],[120.530288,23.338078],[120.531544,23.336821],[120.533706,23.336466],[120.534027,23.335783],[120.536802,23.33327],[120.538379,23.330073],[120.539986,23.327861],[120.537065,23.326522],[120.535955,23.324282],[120.533764,23.321987],[120.531953,23.32114],[120.531486,23.317889],[120.528331,23.31595],[120.52728,23.314638],[120.523891,23.313354],[120.522606,23.311879],[120.522752,23.310103],[120.523366,23.30871],[120.523366,23.306361],[120.524096,23.303356],[120.523891,23.3024],[120.524563,23.30128],[120.525702,23.298247],[120.526257,23.29587],[120.525994,23.292237],[120.524476,23.291554],[120.523775,23.290106],[120.522577,23.289314],[120.521964,23.287402],[120.522898,23.284615],[120.522694,23.281446],[120.521116,23.279944],[120.521876,23.276611],[120.521701,23.275819],[120.522226,23.273988],[120.520415,23.271775],[120.522168,23.2703],[120.522548,23.269235],[120.526082,23.266503],[120.526666,23.264017],[120.528419,23.262214],[120.529237,23.258007],[120.53058,23.257297],[120.530726,23.25604],[120.532304,23.255138],[120.531544,23.253445],[120.531544,23.251997],[120.530872,23.251068],[120.529967,23.247954],[120.52912,23.247243],[120.527893,23.245358],[120.5243,23.242107],[120.520883,23.240441],[120.519422,23.239485],[120.519013,23.239266],[120.519802,23.237818],[120.520591,23.237654],[120.523161,23.23495],[120.523482,23.234103],[120.525732,23.231535],[120.526812,23.230934],[120.527864,23.232],[120.529412,23.232519],[120.531194,23.231836],[120.531982,23.229677],[120.534056,23.228994],[120.536218,23.229186],[120.539752,23.227656],[120.541505,23.22782],[120.54241,23.227],[120.543987,23.22659],[120.548719,23.223831],[120.549771,23.221345],[120.55053,23.220717],[120.552429,23.220334],[120.553627,23.218832],[120.554298,23.21875],[120.554853,23.217575],[120.557511,23.217247],[120.558066,23.216838],[120.561367,23.217439],[120.563791,23.220225],[120.565281,23.22099],[120.567355,23.219815],[120.568991,23.219433],[120.571035,23.218204],[120.572525,23.217821],[120.574686,23.217767],[120.577812,23.215554],[120.57825,23.214789],[120.579214,23.21692],[120.579681,23.218996],[120.58196,23.220089],[120.582924,23.221373],[120.58491,23.223258],[120.586545,23.224104],[120.58897,23.230278],[120.589934,23.231426],[120.590138,23.233885],[120.591686,23.236125],[120.592124,23.237327],[120.592358,23.239731],[120.593789,23.239403],[120.595717,23.23689],[120.596418,23.235032],[120.596623,23.23312],[120.596389,23.231726],[120.597411,23.228885],[120.598784,23.227984],[120.600303,23.227547],[120.602698,23.226071],[120.606028,23.22588],[120.60819,23.224678],[120.609709,23.222739],[120.611636,23.22282],[120.612863,23.223968],[120.616748,23.223558],[120.618588,23.225744],[120.619581,23.225771],[120.624956,23.227273],[120.626183,23.228557],[120.628227,23.229432],[120.629571,23.229049],[120.631061,23.229541],[120.633397,23.228612],[120.634361,23.229158],[120.6355,23.228448],[120.638889,23.227956],[120.642715,23.225607],[120.644176,23.225306],[120.646892,23.227137],[120.64809,23.226454],[120.648002,23.225798],[120.651361,23.224104],[120.653435,23.224542],[120.655158,23.223476],[120.655918,23.221236],[120.656268,23.217657],[120.655071,23.216209],[120.653961,23.215554],[120.653084,23.211838],[120.651741,23.210199],[120.65142,23.208506],[120.648353,23.208587],[120.647389,23.207331],[120.646191,23.207058],[120.644701,23.204708],[120.643329,23.203342],[120.643124,23.201075],[120.642657,23.200173],[120.640963,23.19878],[120.6407,23.197523],[120.639561,23.19542],[120.638976,23.192743],[120.636961,23.191322],[120.636581,23.19012],[120.637691,23.187907],[120.638392,23.185694],[120.640174,23.183372],[120.641109,23.182935],[120.638334,23.181569],[120.637282,23.180395],[120.637428,23.178537],[120.63664,23.17698],[120.636172,23.175122],[120.635296,23.174712],[120.633952,23.174986],[120.632667,23.174467],[120.629863,23.174494],[120.629162,23.174193],[120.629454,23.173264],[120.630652,23.171926],[120.631061,23.170423],[120.627789,23.168648],[120.62703,23.167992],[120.625219,23.167773],[120.624576,23.166025],[120.62297,23.163922],[120.620516,23.162801],[120.616631,23.163129],[120.61593,23.160889],[120.614937,23.159496],[120.613447,23.15925],[120.612513,23.15731],[120.611111,23.15589],[120.612337,23.153622],[120.611841,23.15171],[120.610497,23.150945],[120.609008,23.149279],[120.607401,23.148268],[120.605473,23.148377],[120.605736,23.146738],[120.603779,23.144935],[120.601121,23.14417],[120.600537,23.142832],[120.598989,23.141056],[120.597557,23.137395],[120.596272,23.136876],[120.595191,23.134445],[120.595367,23.133598],[120.594812,23.131822],[120.592913,23.13021],[120.590489,23.127178],[120.588415,23.122425],[120.588911,23.119966],[120.588444,23.118545],[120.588181,23.114311],[120.586896,23.112153],[120.583186,23.108055],[120.582515,23.106006],[120.581113,23.105105],[120.577228,23.09945],[120.57641,23.097073],[120.575621,23.095598],[120.574073,23.094641],[120.574774,23.091418],[120.573109,23.089806],[120.569107,23.084342],[120.568027,23.083714],[120.567063,23.081993],[120.565398,23.080709],[120.563441,23.080053],[120.562681,23.078387],[120.560374,23.077185],[120.55868,23.075327],[120.559206,23.073907],[120.557102,23.071421],[120.556168,23.07082],[120.554503,23.068853],[120.552809,23.067842],[120.551932,23.067787],[120.54831,23.066012],[120.546499,23.065493],[120.545652,23.064127],[120.543812,23.063307],[120.542381,23.063362],[120.541417,23.062214],[120.539723,23.061941],[120.538029,23.060766],[120.537707,23.058854],[120.536568,23.058499],[120.535137,23.057406],[120.533092,23.057133],[120.53023,23.055904],[120.528127,23.054046],[120.526988,23.053418],[120.526257,23.052188],[120.523044,23.049566],[120.523687,23.047681],[120.522197,23.045632],[120.520153,23.045304],[120.519043,23.043965],[120.516297,23.041835],[120.514194,23.039021],[120.512441,23.037846],[120.512295,23.0373],[120.510513,23.035579],[120.508673,23.034814],[120.505519,23.031235],[120.505373,23.030552],[120.503737,23.02864],[120.50216,23.027602],[120.500261,23.025935],[120.498538,23.025361],[120.497574,23.024132],[120.495003,23.023285],[120.491995,23.021236],[120.485773,23.018368],[120.482677,23.015581],[120.481509,23.012194],[120.480369,23.006266],[120.479376,23.004954],[120.480048,23.002987],[120.478296,23.003534],[120.477478,23.003151],[120.475053,23.003233],[120.470526,23.002386],[120.468218,23.002632],[120.467225,23.003561],[120.466115,23.003315],[120.463457,23.003534],[120.462668,23.003206],[120.461705,23.004053],[120.460361,23.003397],[120.45966,23.00184],[120.459602,23.000693],[120.460536,23.00031],[120.4615,22.998125],[120.460215,22.99736],[120.459105,22.995857],[120.460449,22.993672],[120.460273,22.992852],[120.461091,22.992251],[120.46115,22.990885],[120.459631,22.989929],[120.457937,22.990202],[120.456856,22.990885],[120.455308,22.991131],[120.453526,22.987334],[120.453643,22.985558],[120.453205,22.984793],[120.454782,22.98258],[120.454665,22.980641],[120.453146,22.978592],[120.453,22.977745],[120.451803,22.978619],[120.449612,22.977226],[120.445201,22.979493],[120.444267,22.979302],[120.443653,22.977909],[120.442631,22.977308],[120.442164,22.975833],[120.442193,22.97392],[120.440878,22.971161],[120.439739,22.968293],[120.439243,22.967801],[120.437782,22.964605],[120.437286,22.96231],[120.436526,22.9616],[120.43527,22.959442],[120.434073,22.957283],[120.432963,22.955945],[120.4327,22.952557],[120.431677,22.949552],[120.430713,22.94846],[120.429341,22.943979],[120.428406,22.942149],[120.428377,22.940482],[120.426157,22.939362],[120.425485,22.937969],[120.425777,22.936166],[120.42455,22.933735],[120.424901,22.933188],[120.422768,22.930948],[120.422009,22.929336],[120.422067,22.927533],[120.420841,22.925075],[120.419935,22.924146],[120.419964,22.922999],[120.418884,22.922015],[120.417598,22.919693],[120.417744,22.918655],[120.416518,22.91636],[120.415174,22.915595],[120.413275,22.915295],[120.409741,22.913792],[120.40866,22.912344],[120.406324,22.914639],[120.40571,22.915786],[120.405915,22.916633],[120.40533,22.918163],[120.401913,22.91819],[120.400423,22.919037],[120.399868,22.921441],[120.399021,22.922288],[120.395896,22.922753],[120.393939,22.92207],[120.392186,22.922288],[120.390726,22.921687],[120.389236,22.920321],[120.388652,22.920622],[120.38687,22.9183],[120.385118,22.918873],[120.383248,22.919939],[120.381875,22.921086],[120.381817,22.919912],[120.380502,22.920103],[120.380356,22.918628],[120.377552,22.918218],[120.377143,22.916715],[120.376472,22.916087],[120.376793,22.914885],[120.373814,22.914147],[120.372937,22.912372],[120.37174,22.912781],[120.371185,22.91229],[120.37171,22.910842],[120.373142,22.909339],[120.372382,22.907973],[120.372528,22.906717],[120.371623,22.906443],[120.371068,22.907208],[120.368965,22.905706],[120.368235,22.903957],[120.367329,22.905187],[120.365693,22.904531],[120.365985,22.902236],[120.364174,22.901772],[120.363357,22.902318],[120.36248,22.901991],[120.361984,22.900925],[120.360874,22.901526],[120.359472,22.901417],[120.359209,22.900215],[120.360465,22.899641],[120.36137,22.900679],[120.361516,22.898904],[120.361049,22.89792],[120.357982,22.895871],[120.357719,22.894587],[120.356434,22.89273],[120.35512,22.893795],[120.354623,22.892511],[120.355178,22.891828],[120.353367,22.892429],[120.353367,22.89109],[120.354594,22.891008],[120.354535,22.890025],[120.352053,22.889369],[120.351614,22.88896],[120.352111,22.887676],[120.351118,22.888222],[120.350972,22.889151],[120.349687,22.890407],[120.348898,22.890599],[120.34513,22.889451],[120.342822,22.88967],[120.341303,22.889315],[120.335023,22.889451],[120.332482,22.88926],[120.330759,22.890708],[120.328627,22.894696],[120.327049,22.898466],[120.324859,22.900461],[120.324041,22.900215],[120.320945,22.895625],[120.320068,22.894997],[120.318316,22.895953],[120.316505,22.898466],[120.315687,22.899122],[120.313525,22.899914],[120.309115,22.90057],[120.30339,22.900433],[120.299125,22.901089],[120.293312,22.902919],[120.28455,22.904722],[120.279876,22.904886],[120.277978,22.904422],[120.277715,22.903575],[120.277978,22.901335],[120.279263,22.898357],[120.279496,22.896308],[120.278182,22.896199],[120.2764,22.89609],[120.276605,22.895516],[120.274297,22.895243],[120.272749,22.895489],[120.269828,22.896691],[120.266703,22.898658],[120.263694,22.899914],[120.26054,22.901745],[120.25794,22.901635],[120.256918,22.900078],[120.256947,22.898958],[120.258583,22.897237],[120.258787,22.895352],[120.256479,22.894013],[120.254143,22.894259],[120.252565,22.89486],[120.249615,22.896636],[120.2476,22.898193],[120.245292,22.90128],[120.242868,22.90352],[120.240093,22.904285],[120.236179,22.905105],[120.2332,22.905405],[120.232148,22.906689],[120.231564,22.908656],[120.231447,22.91229],[120.23171,22.915404],[120.230425,22.916688],[120.228672,22.916988],[120.226657,22.916278],[120.222538,22.911361],[120.220114,22.909612],[120.218128,22.90964],[120.214389,22.910487],[120.211088,22.912508],[120.208079,22.91524],[120.206035,22.914694],[120.203932,22.914858],[120.201799,22.915704],[120.19587,22.919638],[120.192044,22.921196],[120.190992,22.920458],[120.189181,22.920676],[120.18775,22.920239],[120.182463,22.91707],[120.17887,22.914339],[120.176767,22.912344],[120.174752,22.911716],[120.174664,22.912044],[120.176855,22.912645],[120.174051,22.914421],[120.173963,22.915814],[120.172999,22.919311],[120.173233,22.920676],[120.174197,22.922971],[120.174927,22.926823],[120.174898,22.930101],[120.17519,22.932997],[120.174518,22.936904],[120.1737,22.943269],[120.172006,22.949689],[120.170195,22.95324],[120.16853,22.95712],[120.165901,22.96037],[120.164558,22.961709],[120.162659,22.964987],[120.15968,22.963539],[120.155357,22.964741],[120.155415,22.965479],[120.155444,22.967501],[120.159796,22.971216],[120.159504,22.973156],[120.158657,22.974904],[120.156759,22.976953],[120.153224,22.981378],[120.149982,22.984192],[120.147499,22.987798],[120.142446,22.992033],[120.140343,22.993344],[120.140956,22.994491],[120.141102,22.995994],[120.139437,22.997414],[120.137568,22.996923],[120.137276,22.997961],[120.134764,22.999436],[120.131084,23.002468],[120.129243,23.003698],[120.127111,23.005555],[120.121649,23.009599],[120.117764,23.012822],[120.114493,23.015363],[120.114142,23.015937],[120.110199,23.01886],[120.10719,23.020581],[120.103948,23.022766],[120.09723,23.026591],[120.094134,23.028831],[120.087123,23.032656],[120.080581,23.035633],[120.079325,23.036535],[120.075819,23.038283],[120.072986,23.039458],[120.067699,23.04096],[120.06729,23.041534],[120.064983,23.042927],[120.065187,23.043255],[120.062675,23.04402],[120.061887,23.044266],[120.060893,23.043419],[120.057972,23.043091],[120.054175,23.04697],[120.052919,23.048664],[120.049823,23.052216],[120.046259,23.057434],[120.04588,23.058581],[120.044974,23.059592],[120.04401,23.061695],[120.038957,23.06806],[120.037205,23.067132],[120.034138,23.067459],[120.030983,23.067132],[120.029406,23.066421],[120.028559,23.066531],[120.026894,23.067924],[120.02815,23.072513],[120.027887,23.075191],[120.029727,23.081228],[120.03183,23.087757],[120.033174,23.094969],[120.033816,23.096308],[120.034459,23.099805],[120.035248,23.102564],[120.038811,23.110322],[120.041732,23.114557],[120.043952,23.119174],[120.047662,23.122725],[120.048888,23.123217],[120.050875,23.125184],[120.052101,23.125949],[120.054204,23.12573],[120.050933,23.122397],[120.054964,23.125512],[120.054263,23.127424],[120.053065,23.128243],[120.052773,23.129582],[120.052978,23.131494],[120.054263,23.134527],[120.055577,23.136248],[120.056103,23.138433],[120.056541,23.142832],[120.056921,23.144143],[120.057447,23.148787],[120.058294,23.154988],[120.059053,23.158758],[120.059813,23.160425],[120.060514,23.163566],[120.062412,23.16791],[120.063493,23.170942],[120.064369,23.172363],[120.066063,23.17616],[120.067203,23.177909],[120.067641,23.179493],[120.06878,23.180859],[120.069598,23.182744],[120.069481,23.183482],[120.069598,23.184957],[120.07027,23.18594],[120.071584,23.18971],[120.073366,23.193344],[120.077514,23.200474],[120.078945,23.204899],[120.080026,23.209025],[120.080172,23.211511],[120.081019,23.216428],[120.081866,23.222301],[120.081603,23.223777],[120.081807,23.225607],[120.080639,23.229131],[120.081019,23.231644],[120.080201,23.235087],[120.08061,23.237573],[120.083151,23.241124],[120.085926,23.244047],[120.087708,23.24656],[120.088,23.248719],[120.089343,23.249647],[120.092089,23.259291],[120.092965,23.264044],[120.093374,23.265383],[120.094017,23.270655],[120.094952,23.280381],[120.09501,23.288385],[120.094543,23.290216],[120.094309,23.295024],[120.094572,23.295925],[120.096295,23.299094],[120.099012,23.300487],[120.101845,23.30229],[120.103101,23.304503],[120.10684,23.305268],[120.108417,23.306798],[120.110812,23.310377],[120.112536,23.315595],[120.112828,23.318436],[120.113616,23.322206],[120.112798,23.322588],[120.112565,23.323872],[120.112857,23.325347],[120.111104,23.330456],[120.111017,23.331822],[120.112302,23.334007],[120.114025,23.336247],[120.115749,23.337286],[120.117268,23.338679],[120.118085,23.340154],[120.132281,23.329773],[120.136604,23.328134],[120.141541,23.324664],[120.145484,23.322288],[120.148522,23.319747],[120.148229,23.316605],[120.14858,23.314447],[120.149982,23.313081],[120.153049,23.313272],[120.154305,23.313027],[120.155532,23.310459],[120.156759,23.309994],[120.160322,23.310623],[120.162659,23.309994],[120.166193,23.308464],[120.169465,23.306088],[120.170925,23.304585],[120.173905,23.299914],[120.173729,23.299149],[120.175657,23.294423],[120.178666,23.291718],[120.180535,23.290926],[120.18404,23.290325],[120.187545,23.290024],[120.189035,23.290216],[120.189532,23.290953],[120.189356,23.292346],[120.187662,23.294286],[120.186348,23.295215],[120.185793,23.296963],[120.186319,23.298275],[120.188129,23.300378],[120.188392,23.301252],[120.190904,23.300733],[120.191664,23.300269],[120.199112,23.294668],[120.200952,23.293466],[120.202588,23.293084],[120.204282,23.291909],[120.205918,23.291472],[120.208605,23.291281],[120.211906,23.292702],[120.212344,23.291691],[120.214389,23.292456],[120.217339,23.29445],[120.220873,23.29598],[120.222626,23.298329],[120.225868,23.303219],[120.22765,23.306771],[120.228059,23.309584],[120.231301,23.316332],[120.233083,23.318791],[120.234485,23.320239],[120.235536,23.323271],[120.236763,23.325593],[120.238078,23.327068],[120.239918,23.327533],[120.241086,23.327068],[120.245088,23.326795],[120.246577,23.327041],[120.249206,23.328926],[120.255136,23.33062],[120.257443,23.331685],[120.25829,23.332778],[120.262876,23.336848],[120.262847,23.337012],[120.266644,23.340564],[120.267082,23.340673],[120.267521,23.344743],[120.265271,23.344689],[120.263665,23.345099],[120.260715,23.34447],[120.261328,23.345891],[120.262438,23.347011],[120.264424,23.350535],[120.265651,23.352256],[120.26682,23.353103],[120.26828,23.353567],[120.270471,23.353677],[120.273888,23.352475],[120.274765,23.351737],[120.275758,23.350043],[120.276283,23.348213],[120.278474,23.347694],[120.281424,23.34824],[120.286215,23.350289],[120.286361,23.352584],[120.285981,23.354223],[120.284608,23.356245],[120.283819,23.358676],[120.283732,23.36179],[120.284608,23.363511],[120.285689,23.366926],[120.287237,23.368839],[120.289457,23.370915],[120.292962,23.375368],[120.299359,23.37534],[120.302893,23.375941],[120.307976,23.374931],[120.310926,23.375422],[120.310517,23.378564],[120.310312,23.383099],[120.311189,23.383399],[120.310984,23.385585],[120.312445,23.387005],[120.314635,23.387962],[120.314869,23.388481],[120.317819,23.388426],[120.318841,23.387197],[120.319893,23.386787],[120.319426,23.386049],[120.321704,23.383591],[120.323544,23.383645],[120.324099,23.384274],[120.328685,23.386131],[120.328948,23.384875],[120.32997,23.385394],[120.333183,23.385803],[120.334731,23.386951],[120.337389,23.390448],[120.342939,23.396676],[120.343027,23.398179],[120.344838,23.399627],[120.346328,23.400392],[120.349511,23.401348],[120.353425,23.401211],[120.35585,23.40173],[120.359618,23.402632],[120.369724,23.403041],[120.371886,23.403233],[120.375391,23.403178],[120.381028,23.403424],[120.386841,23.404763],[120.389937,23.405691],[120.396363,23.407358],[120.404717,23.410281],[120.407112,23.411893],[120.408105,23.413423],[120.40942,23.412439],[120.410501,23.410172],[120.412691,23.410554],[120.414006,23.411155],[120.416284,23.410417],[120.418124,23.40815],[120.418358,23.406292],[120.419585,23.403779],[120.420344,23.403834],[120.421133,23.406074],[120.422067,23.407112],[120.423411,23.406429],[120.425982,23.406866],[120.427646,23.406402],[120.428786,23.407303],[120.429691,23.406456],[120.430509,23.406593],[120.43159,23.407768],[120.432115,23.410691],[120.433196,23.411292],[120.434598,23.411292],[120.434481,23.412193],[120.436088,23.412794],[120.437081,23.412357],[120.438366,23.413395],[120.439389,23.412958],[120.439827,23.413723],[120.440411,23.413067],[120.441579,23.413177],[120.442981,23.412384],[120.444383,23.4111],[120.447392,23.409789],[120.450079,23.409243],[120.451773,23.408314],[120.452679,23.406784],[120.454139,23.406265],[120.453789,23.406975],[120.455483,23.406675],[120.457323,23.405418],[120.459076,23.404681],[120.460945,23.404708],[120.460828,23.403724],[120.462201,23.402167],[120.464947,23.400774],[120.466875,23.400583],[120.467517,23.401129],[120.468832,23.400528],[120.469533,23.399408],[120.471022,23.398944],[120.472162,23.398069],[120.473242,23.398179],[120.47406,23.397332],[120.474323,23.395966],[120.476076,23.394054],[120.475258,23.391376],[120.475608,23.39083],[120.477448,23.390721],[120.478412,23.389573],[120.479405,23.387606],[120.48072,23.389191],[120.482648,23.389464],[120.483816,23.391267],[120.485656,23.391431],[120.485247,23.39277],[120.48627,23.393125],[120.486971,23.39236],[120.487935,23.393016],[120.48922,23.392524],[120.488665,23.393617],[120.489892,23.394627],[120.489979,23.395392],[120.490914,23.395556],[120.493747,23.394982],[120.495149,23.393207]]]}},{"type":"Feature","properties":{"COUNTYNAME":"桃園市","COUNTYID":"H","COUNTYCODE":"68000","COUNTYENG":"Taoyuan City"},"geometry":{"type":"Polygon","coordinates":[[[121.480002,24.673849],[121.476439,24.673767],[121.473722,24.673084],[121.472379,24.673139],[121.469691,24.671937],[121.467033,24.672401],[121.461104,24.672702],[121.459497,24.673139],[121.457336,24.670926],[121.455028,24.667867],[121.453889,24.664424],[121.449595,24.662239],[121.447726,24.65836],[121.447521,24.657103],[121.44793,24.655109],[121.449332,24.652732],[121.45126,24.651667],[121.451377,24.651038],[121.449975,24.648743],[121.449157,24.646613],[121.448368,24.645656],[121.445973,24.644263],[121.44498,24.642952],[121.444834,24.641067],[121.445594,24.639892],[121.445009,24.637297],[121.443724,24.636341],[121.44054,24.635111],[121.439255,24.632598],[121.437736,24.630221],[121.43575,24.62667],[121.434815,24.624457],[121.435692,24.621561],[121.434523,24.619212],[121.433618,24.618912],[121.432858,24.617491],[121.432887,24.616289],[121.432245,24.615278],[121.430609,24.614513],[121.427805,24.606099],[121.426052,24.604952],[121.424563,24.603121],[121.420094,24.601346],[121.417874,24.601045],[121.416326,24.60222],[121.415274,24.601947],[121.413259,24.603449],[121.412558,24.603449],[121.412558,24.601482],[121.411827,24.600499],[121.408468,24.598996],[121.408176,24.598067],[121.406716,24.597111],[121.406803,24.596456],[121.403736,24.593013],[121.403035,24.591702],[121.401429,24.591511],[121.399822,24.590364],[121.395733,24.588943],[121.394594,24.58744],[121.391322,24.586484],[121.387554,24.586484],[121.383056,24.589435],[121.376835,24.592249],[121.372775,24.593724],[121.37219,24.594898],[121.371957,24.596838],[121.370876,24.597521],[121.367342,24.598778],[121.365969,24.60069],[121.363311,24.603121],[121.364304,24.605881],[121.363661,24.607875],[121.361237,24.610088],[121.361149,24.612464],[121.359484,24.613858],[121.358842,24.617382],[121.361909,24.620742],[121.363048,24.620687],[121.363252,24.622982],[121.364771,24.626451],[121.365355,24.628336],[121.36556,24.63085],[121.366407,24.631779],[121.363457,24.632462],[121.361003,24.6338],[121.358082,24.633527],[121.357381,24.634866],[121.357381,24.637597],[121.355921,24.641067],[121.353934,24.641996],[121.352386,24.643526],[121.35224,24.645083],[121.353,24.648798],[121.352211,24.652759],[121.352328,24.654043],[121.353496,24.655655],[121.352854,24.656229],[121.353818,24.659043],[121.353087,24.660217],[121.353526,24.661884],[121.353292,24.662922],[121.353642,24.665107],[121.353029,24.665435],[121.353642,24.666473],[121.353526,24.667785],[121.351335,24.666063],[121.349465,24.667703],[121.348297,24.667812],[121.345756,24.666473],[121.34485,24.666719],[121.344032,24.669314],[121.342426,24.66885],[121.340411,24.666419],[121.339096,24.666746],[121.339622,24.668249],[121.339301,24.669342],[121.339856,24.670134],[121.339651,24.673166],[121.339125,24.674997],[121.339359,24.67568],[121.338979,24.679067],[121.335737,24.683793],[121.331151,24.689394],[121.329399,24.691333],[121.326361,24.693655],[121.32306,24.695376],[121.321015,24.69554],[121.319409,24.69636],[121.318182,24.697999],[121.314735,24.698054],[121.313217,24.697671],[121.309741,24.695895],[121.306791,24.694065],[121.303899,24.692918],[121.300803,24.693956],[121.299488,24.695568],[121.300335,24.698409],[121.302263,24.701906],[121.302175,24.703872],[121.303023,24.70573],[121.303285,24.70838],[121.305651,24.711412],[121.306411,24.713106],[121.306615,24.715182],[121.307229,24.716958],[121.307608,24.719908],[121.305651,24.724061],[121.305301,24.72611],[121.30387,24.726547],[121.301445,24.728623],[121.300657,24.729661],[121.29867,24.730699],[121.298115,24.73324],[121.298437,24.734551],[121.300189,24.73772],[121.300832,24.741408],[121.301533,24.742638],[121.305301,24.746271],[121.305564,24.7475],[121.305096,24.750205],[121.305973,24.75209],[121.306703,24.752718],[121.307696,24.754986],[121.305593,24.756106],[121.303811,24.757909],[121.301854,24.761487],[121.301533,24.763017],[121.300277,24.763564],[121.298612,24.762935],[121.294172,24.763864],[121.293062,24.765367],[121.292653,24.767525],[121.291718,24.768044],[121.288184,24.768536],[121.285993,24.769847],[121.284299,24.770366],[121.282459,24.770421],[121.277435,24.770912],[121.276734,24.77124],[121.275215,24.773316],[121.27355,24.7746],[121.271301,24.774819],[121.271184,24.777879],[121.267796,24.779955],[121.266014,24.779791],[121.26505,24.781239],[121.263269,24.781157],[121.260056,24.781922],[121.259647,24.783752],[121.258478,24.785063],[121.258595,24.786402],[121.260435,24.787905],[121.261195,24.790336],[121.260289,24.793204],[121.259734,24.793669],[121.257806,24.792822],[121.254681,24.79386],[121.253571,24.793641],[121.251059,24.794488],[121.250387,24.795663],[121.247846,24.796619],[121.246853,24.798477],[121.246619,24.800171],[121.247554,24.801072],[121.247437,24.803503],[121.246473,24.805225],[121.245363,24.806153],[121.245422,24.806946],[121.243172,24.808721],[121.243085,24.808694],[121.242267,24.807055],[121.240894,24.80588],[121.239755,24.805662],[121.238236,24.804651],[121.23441,24.804268],[121.231021,24.803613],[121.230028,24.803066],[121.228042,24.802766],[121.225179,24.800936],[121.221528,24.799515],[121.220857,24.802984],[121.21963,24.804077],[121.219922,24.807437],[121.218753,24.808503],[121.218783,24.809541],[121.219717,24.810934],[121.219688,24.811699],[121.21703,24.812437],[121.214898,24.811972],[121.212824,24.810497],[121.211597,24.810388],[121.209582,24.809514],[121.207654,24.806973],[121.205901,24.807492],[121.204645,24.807246],[121.20447,24.808339],[121.202834,24.809896],[121.20301,24.810798],[121.204266,24.811918],[121.205726,24.812191],[121.205638,24.813065],[121.203419,24.81413],[121.203126,24.815715],[121.202309,24.816698],[121.203302,24.817327],[121.200848,24.817846],[121.199329,24.81607],[121.199709,24.815169],[121.19892,24.814923],[121.196934,24.816671],[121.196496,24.817818],[121.192056,24.819977],[121.189077,24.82208],[121.185893,24.823829],[121.183118,24.825058],[121.179613,24.826123],[121.176838,24.827298],[121.173771,24.827653],[121.174063,24.828855],[121.176283,24.831997],[121.174472,24.832325],[121.173859,24.833445],[121.172077,24.834182],[121.169419,24.834783],[121.168835,24.833991],[121.166527,24.836177],[121.165826,24.835876],[121.161678,24.837488],[121.160189,24.837324],[121.159517,24.838581],[121.158173,24.839264],[121.156275,24.840848],[121.15607,24.841886],[121.154726,24.842296],[121.15423,24.844154],[121.152068,24.843798],[121.149965,24.844372],[121.152828,24.846175],[121.153529,24.847405],[121.153792,24.848989],[121.155457,24.849863],[121.156041,24.852076],[121.157063,24.852568],[121.156304,24.85377],[121.156771,24.856119],[121.161357,24.859589],[121.160276,24.861009],[121.159897,24.862457],[121.160773,24.86314],[121.160159,24.864643],[121.160043,24.866555],[121.158787,24.870461],[121.157647,24.872374],[121.157063,24.872346],[121.156946,24.87363],[121.156245,24.874477],[121.15791,24.87445],[121.158173,24.875324],[121.157881,24.877264],[121.157005,24.878165],[121.155661,24.880706],[121.154318,24.880187],[121.15236,24.880214],[121.150842,24.881006],[121.149673,24.880624],[121.149264,24.881225],[121.145584,24.880815],[121.144562,24.880241],[121.142605,24.881689],[121.141056,24.881471],[121.138866,24.882372],[121.136792,24.880979],[121.135682,24.879039],[121.135624,24.878001],[121.134397,24.878329],[121.13352,24.879504],[121.131242,24.880078],[121.129723,24.879668],[121.128146,24.880952],[121.125926,24.880597],[121.123969,24.879941],[121.122041,24.880269],[121.117105,24.881799],[121.116258,24.881717],[121.115002,24.882564],[121.113483,24.882564],[121.112198,24.883738],[121.108722,24.885951],[121.107816,24.886006],[121.109277,24.887454],[121.111,24.891005],[121.110124,24.896086],[121.109072,24.897753],[121.10472,24.896168],[121.101302,24.895157],[121.092598,24.893409],[121.091254,24.893354],[121.089443,24.895376],[121.086552,24.896523],[121.085588,24.897753],[121.083456,24.898845],[121.081966,24.898982],[121.080885,24.898408],[121.078724,24.898736],[121.076942,24.898709],[121.076153,24.899392],[121.073612,24.899911],[121.071042,24.899501],[121.070954,24.900976],[121.070311,24.902069],[121.068033,24.903189],[121.064207,24.903817],[121.062454,24.90461],[121.061432,24.903817],[121.057576,24.905812],[121.059124,24.907178],[121.059183,24.908052],[121.058131,24.910347],[121.058219,24.913898],[121.05965,24.916548],[121.060847,24.920318],[121.060088,24.920673],[121.060672,24.921657],[121.06076,24.924525],[121.05965,24.925782],[121.058365,24.930071],[121.057547,24.930562],[121.058306,24.932557],[121.057693,24.933294],[121.05854,24.935152],[121.058335,24.936846],[121.057109,24.936846],[121.055444,24.936245],[121.05372,24.937174],[121.051763,24.938621],[121.050244,24.938649],[121.048112,24.939933],[121.047966,24.941244],[121.046243,24.942391],[121.046301,24.943539],[121.044519,24.943511],[121.042387,24.944167],[121.040839,24.943293],[121.039174,24.944522],[121.038648,24.945997],[121.037918,24.94638],[121.034559,24.944905],[121.031609,24.944358],[121.030937,24.943921],[121.029739,24.945069],[121.028776,24.945096],[121.028162,24.94403],[121.02641,24.942173],[121.025942,24.940588],[121.02232,24.941353],[121.021181,24.941353],[121.01937,24.940424],[121.01788,24.941736],[121.015953,24.941572],[121.012681,24.943129],[121.011951,24.944795],[121.009556,24.944249],[121.007044,24.946216],[121.004269,24.943129],[121.00313,24.940261],[121.002224,24.93996],[120.99907,24.940943],[120.99758,24.940534],[120.996733,24.939769],[120.994192,24.93914],[120.992673,24.9369],[120.99276,24.93507],[120.991797,24.935015],[120.989898,24.936026],[120.988642,24.937829],[120.987357,24.939059],[120.983209,24.939741],[120.983121,24.939769],[120.982011,24.939987],[120.983034,24.940998],[120.984786,24.943621],[120.985516,24.946353],[120.986451,24.948265],[120.990248,24.951926],[120.993607,24.955477],[120.997054,24.957335],[120.998427,24.958564],[121.002575,24.965612],[121.00348,24.967606],[121.007686,24.972087],[121.009877,24.975064],[121.011016,24.978343],[121.010899,24.98255],[121.011192,24.984107],[121.010491,24.987467],[121.012243,24.988778],[121.010432,24.988833],[121.009585,24.990363],[121.011922,24.9908],[121.014317,24.992603],[121.016216,24.995362],[121.01715,24.99834],[121.017968,25.003694],[121.019604,25.007437],[121.021094,25.009459],[121.023664,25.01219],[121.025358,25.014595],[121.0286,25.020577],[121.030996,25.022872],[121.032047,25.024238],[121.038532,25.030904],[121.040927,25.032843],[121.04376,25.034646],[121.046593,25.038471],[121.048726,25.040766],[121.051968,25.043525],[121.056028,25.046175],[121.058949,25.047431],[121.065988,25.049235],[121.06815,25.049125],[121.070341,25.049945],[121.072093,25.049863],[121.079512,25.05336],[121.082229,25.054862],[121.084712,25.05601],[121.086639,25.056447],[121.087486,25.057703],[121.087866,25.059643],[121.090028,25.062976],[121.093942,25.062839],[121.098382,25.065872],[121.100222,25.067647],[121.105246,25.069232],[121.109247,25.071199],[121.11506,25.073275],[121.118536,25.074368],[121.125021,25.076799],[121.132586,25.078138],[121.137435,25.079504],[121.145876,25.081115],[121.147278,25.081826],[121.151104,25.082563],[121.155048,25.083711],[121.160568,25.08565],[121.162555,25.08677],[121.164599,25.087371],[121.168046,25.08983],[121.170091,25.09024],[121.172164,25.091797],[121.172953,25.09278],[121.174706,25.093682],[121.184286,25.095867],[121.185513,25.097261],[121.18712,25.097233],[121.188609,25.097944],[121.189281,25.099036],[121.19302,25.101796],[121.194422,25.102233],[121.197226,25.102342],[121.197752,25.10409],[121.199475,25.104801],[121.201199,25.104527],[121.204032,25.106167],[121.206252,25.106686],[121.208267,25.10797],[121.209961,25.108133],[121.211393,25.108762],[121.212064,25.109964],[121.213408,25.110756],[121.214372,25.110647],[121.21668,25.11163],[121.220097,25.111876],[121.223281,25.113269],[121.225092,25.113843],[121.227779,25.114198],[121.229415,25.115209],[121.236425,25.116056],[121.239609,25.115646],[121.239171,25.120727],[121.239638,25.123077],[121.241449,25.122039],[121.241975,25.119498],[121.243932,25.118542],[121.246882,25.118924],[121.248401,25.119525],[121.249599,25.120208],[121.249832,25.12141],[121.253074,25.120782],[121.257631,25.122093],[121.259763,25.123623],[121.261633,25.122394],[121.263824,25.121984],[121.269023,25.119908],[121.278019,25.118378],[121.279772,25.117832],[121.283394,25.117832],[121.283832,25.114417],[121.283803,25.112122],[121.282693,25.110073],[121.282956,25.109363],[121.284825,25.108789],[121.286724,25.107041],[121.290316,25.10674],[121.290725,25.104855],[121.291631,25.102642],[121.29388,25.103052],[121.295486,25.103025],[121.29832,25.104473],[121.299809,25.103517],[121.300043,25.102287],[121.301212,25.101686],[121.301387,25.098463],[121.302847,25.096769],[121.304366,25.096386],[121.305242,25.096742],[121.310383,25.096578],[121.31345,25.095348],[121.315729,25.094228],[121.317043,25.093982],[121.318241,25.092999],[121.319467,25.09319],[121.321337,25.092589],[121.324725,25.092616],[121.328026,25.090977],[121.330129,25.088273],[121.330976,25.088027],[121.332641,25.086716],[121.333459,25.086606],[121.33635,25.085186],[121.338658,25.083629],[121.34152,25.084066],[121.346691,25.083519],[121.348151,25.082372],[121.349232,25.082399],[121.350196,25.08117],[121.34891,25.081225],[121.346924,25.080651],[121.342455,25.080105],[121.343594,25.07964],[121.346486,25.079531],[121.347917,25.079148],[121.346603,25.078356],[121.345142,25.078329],[121.345931,25.076772],[121.344325,25.077974],[121.343945,25.0774],[121.344471,25.076061],[121.346136,25.07557],[121.343711,25.075078],[121.342835,25.075296],[121.34152,25.076635],[121.340615,25.076335],[121.340527,25.074094],[121.341141,25.073466],[121.34266,25.07322],[121.341842,25.072674],[121.344412,25.07333],[121.348034,25.073821],[121.348677,25.074204],[121.349991,25.076499],[121.3504,25.075215],[121.349874,25.073548],[121.351744,25.074477],[121.353467,25.073357],[121.352065,25.073657],[121.350605,25.07292],[121.350488,25.071991],[121.349553,25.071308],[121.348677,25.072128],[121.348239,25.071062],[121.346457,25.070297],[121.34894,25.069887],[121.350313,25.069286],[121.352299,25.06792],[121.35227,25.068767],[121.353759,25.068603],[121.353847,25.067811],[121.354986,25.067237],[121.354898,25.06538],[121.354898,25.065161],[121.358199,25.064915],[121.364158,25.06497],[121.367312,25.065134],[121.374439,25.065981],[121.376659,25.06609],[121.380135,25.065134],[121.382122,25.064314],[121.38291,25.062921],[121.383874,25.06273],[121.386152,25.063249],[121.387087,25.062566],[121.388343,25.062948],[121.388314,25.061528],[121.39106,25.061528],[121.390914,25.060818],[121.388957,25.060708],[121.387671,25.059643],[121.389687,25.059124],[121.38846,25.05814],[121.388664,25.056993],[121.385743,25.05814],[121.385685,25.056911],[121.387292,25.05549],[121.387292,25.054644],[121.385831,25.053114],[121.384575,25.052513],[121.386182,25.052595],[121.389307,25.053469],[121.389862,25.052841],[121.390855,25.053387],[121.390709,25.054207],[121.392608,25.055053],[121.39103,25.053605],[121.392929,25.053988],[121.39436,25.053086],[121.396463,25.052431],[121.397427,25.051529],[121.400699,25.051393],[121.400173,25.050983],[121.40029,25.04959],[121.399735,25.049371],[121.398041,25.05112],[121.397486,25.050409],[121.398304,25.049781],[121.398508,25.04847],[121.396609,25.049617],[121.395237,25.049562],[121.394682,25.050382],[121.394331,25.049562],[121.394419,25.047486],[121.396025,25.048552],[121.399413,25.047814],[121.398011,25.046776],[121.399852,25.044973],[121.400786,25.045437],[121.403035,25.045492],[121.398274,25.044099],[121.400669,25.043224],[121.399618,25.042924],[121.397632,25.043689],[121.396755,25.043088],[121.396171,25.043634],[121.392637,25.043388],[121.390651,25.041858],[121.391293,25.041476],[121.393542,25.041995],[121.39436,25.041203],[121.39436,25.04011],[121.397194,25.039209],[121.397573,25.038498],[121.399034,25.03858],[121.399822,25.037488],[121.400728,25.037952],[121.401195,25.036367],[121.399589,25.03593],[121.400845,25.034237],[121.398742,25.03481],[121.398216,25.032516],[121.398742,25.031559],[121.397953,25.031232],[121.398245,25.030166],[121.39918,25.029483],[121.400669,25.029183],[121.401517,25.028145],[121.401049,25.026997],[121.402218,25.025822],[121.403912,25.025167],[121.404613,25.023746],[121.405723,25.023173],[121.408673,25.02085],[121.410718,25.02096],[121.410688,25.019894],[121.41209,25.01943],[121.411243,25.017982],[121.409462,25.018419],[121.407534,25.017518],[121.405635,25.017108],[121.404321,25.017244],[121.401633,25.015769],[121.397544,25.016234],[121.396054,25.015223],[121.394419,25.014676],[121.392958,25.015578],[121.392345,25.014895],[121.392608,25.013748],[121.392082,25.012546],[121.391264,25.012245],[121.392053,25.011016],[121.393601,25.009841],[121.399501,25.006973],[121.400377,25.00547],[121.400144,25.004459],[121.402042,25.002547],[121.402013,25.001044],[121.403006,25.000553],[121.40324,24.999323],[121.401575,24.999159],[121.399968,24.998285],[121.398683,24.99834],[121.396843,24.997329],[121.396463,24.995553],[121.394273,24.993505],[121.390329,24.993477],[121.389979,24.994597],[121.388022,24.9964],[121.385305,24.99569],[121.384254,24.995745],[121.38364,24.994625],[121.38364,24.992904],[121.384312,24.991756],[121.383407,24.988614],[121.385568,24.986538],[121.382122,24.983888],[121.380953,24.984271],[121.378733,24.983205],[121.376805,24.981293],[121.372395,24.979954],[121.371226,24.978288],[121.369036,24.976786],[121.368919,24.976786],[121.36591,24.978589],[121.365092,24.978534],[121.36369,24.979599],[121.361383,24.97878],[121.361237,24.977796],[121.359221,24.978179],[121.357732,24.977824],[121.353964,24.977824],[121.35335,24.978507],[121.353117,24.980091],[121.352357,24.980856],[121.35005,24.979954],[121.34856,24.979763],[121.347362,24.978834],[121.344763,24.980282],[121.34266,24.982331],[121.342046,24.980965],[121.340264,24.980091],[121.339096,24.980692],[121.336584,24.98061],[121.335912,24.9799],[121.334656,24.979763],[121.333984,24.978725],[121.331589,24.978643],[121.331005,24.979299],[121.329778,24.979053],[121.328464,24.978397],[121.327383,24.978425],[121.327149,24.97766],[121.32861,24.976321],[121.327442,24.975447],[121.327442,24.974764],[121.323674,24.972824],[121.323995,24.971349],[121.324024,24.971294],[121.325134,24.971158],[121.32785,24.972824],[121.328552,24.971486],[121.328873,24.969601],[121.328581,24.968481],[121.327558,24.967142],[121.328844,24.967907],[121.329778,24.966896],[121.328084,24.965558],[121.328698,24.96411],[121.329136,24.960586],[121.328668,24.957444],[121.328113,24.95545],[121.328084,24.948866],[121.329223,24.947391],[121.331589,24.945834],[121.330421,24.944522],[121.32785,24.944276],[121.325017,24.943621],[121.323089,24.942774],[121.318533,24.940233],[121.315758,24.938485],[121.318328,24.934688],[121.320694,24.933677],[121.320899,24.932529],[121.321921,24.932338],[121.323206,24.931273],[121.322038,24.928022],[121.324696,24.928677],[121.330976,24.929606],[121.334306,24.929716],[121.335825,24.929005],[121.337811,24.928541],[121.339768,24.928486],[121.338512,24.927175],[121.335503,24.925071],[121.334247,24.924744],[121.329866,24.924989],[121.327383,24.924634],[121.324608,24.92335],[121.321366,24.920318],[121.320314,24.918843],[121.317569,24.916357],[121.319584,24.914936],[121.320285,24.913543],[121.321512,24.913215],[121.323119,24.911713],[121.323498,24.910019],[121.326215,24.909172],[121.326244,24.907369],[121.325514,24.906194],[121.323674,24.904418],[121.321775,24.90349],[121.321892,24.902315],[121.320314,24.900184],[121.321249,24.899938],[121.322418,24.898545],[121.325572,24.897261],[121.326682,24.89595],[121.327821,24.895922],[121.329077,24.897316],[121.330625,24.897889],[121.33194,24.899884],[121.333576,24.899173],[121.333225,24.898244],[121.333429,24.896578],[121.332086,24.8936],[121.333196,24.893191],[121.333313,24.89177],[121.33524,24.89177],[121.337548,24.892671],[121.338366,24.893327],[121.340615,24.892316],[121.342105,24.89259],[121.34117,24.888738],[121.341374,24.887454],[121.343799,24.886661],[121.344734,24.88576],[121.345318,24.883574],[121.345639,24.88005],[121.347246,24.878684],[121.350575,24.878575],[121.352065,24.876772],[121.353526,24.876472],[121.353409,24.874996],[121.354402,24.873248],[121.353117,24.87109],[121.350575,24.870106],[121.349349,24.868768],[121.345902,24.868167],[121.345055,24.866937],[121.346048,24.866036],[121.347333,24.862075],[121.34929,24.859807],[121.351422,24.85937],[121.353642,24.858414],[121.354285,24.856584],[121.355541,24.855081],[121.357819,24.854453],[121.357878,24.853141],[121.356739,24.853606],[121.354811,24.85336],[121.35335,24.850573],[121.351802,24.850136],[121.352474,24.849071],[121.349787,24.849399],[121.350313,24.848743],[121.348531,24.848579],[121.348122,24.849754],[121.346749,24.850191],[121.341959,24.848579],[121.340177,24.848743],[121.336964,24.848224],[121.336146,24.846885],[121.335825,24.844946],[121.335971,24.843935],[121.339593,24.843389],[121.341404,24.843826],[121.342484,24.844673],[121.346749,24.845902],[121.348823,24.84552],[121.351685,24.844454],[121.354869,24.843935],[121.35779,24.839537],[121.360068,24.838171],[121.362522,24.837952],[121.364158,24.838143],[121.367312,24.83675],[121.370233,24.836122],[121.370642,24.835466],[121.372804,24.834975],[121.372921,24.833581],[121.375812,24.833854],[121.377886,24.83451],[121.380924,24.836477],[121.383348,24.836969],[121.384517,24.838007],[121.385013,24.840821],[121.38808,24.842405],[121.389132,24.842187],[121.392432,24.843225],[121.393659,24.843962],[121.397281,24.843716],[121.397048,24.842788],[121.397982,24.841777],[121.399881,24.841586],[121.401137,24.841941],[121.402714,24.84358],[121.404642,24.842487],[121.405518,24.842378],[121.40876,24.840684],[121.410338,24.83869],[121.411448,24.83828],[121.412441,24.837133],[121.415654,24.835494],[121.414894,24.833554],[121.413843,24.831969],[121.414369,24.83074],[121.416092,24.828746],[121.416209,24.826943],[121.417582,24.825249],[121.419363,24.825604],[121.42354,24.825495],[121.424066,24.825031],[121.425059,24.82279],[121.425322,24.820059],[121.427192,24.818747],[121.427717,24.817381],[121.428564,24.81678],[121.429996,24.814923],[121.432245,24.813475],[121.436422,24.812218],[121.436509,24.810442],[121.437269,24.808175],[121.437006,24.805443],[121.437941,24.804214],[121.438057,24.801099],[121.437094,24.798204],[121.438262,24.795335],[121.441679,24.793314],[121.442673,24.792057],[121.4446,24.791101],[121.44571,24.790145],[121.447288,24.790063],[121.449478,24.791074],[121.450384,24.790937],[121.450471,24.790008],[121.448836,24.788232],[121.449508,24.785938],[121.447521,24.784217],[121.446119,24.781867],[121.444075,24.780638],[121.442468,24.780529],[121.44057,24.779135],[121.438116,24.774901],[121.43575,24.772961],[121.431427,24.771923],[121.429382,24.770175],[121.426724,24.768262],[121.42541,24.766951],[121.423424,24.763099],[121.42354,24.761679],[121.425118,24.761214],[121.425906,24.760313],[121.425497,24.759056],[121.426549,24.75616],[121.427893,24.75474],[121.428477,24.753456],[121.428477,24.751516],[121.429207,24.749932],[121.42874,24.74791],[121.430142,24.745561],[121.430375,24.743457],[121.431982,24.742255],[121.433063,24.739195],[121.432946,24.736819],[121.435049,24.734141],[121.435341,24.732912],[121.434377,24.731027],[121.43426,24.730016],[121.436334,24.728705],[121.43832,24.726602],[121.440949,24.726082],[121.441533,24.723132],[121.445155,24.714773],[121.446441,24.714199],[121.448777,24.712205],[121.449099,24.708544],[121.450355,24.705594],[121.452282,24.705129],[121.456489,24.703244],[121.460403,24.702588],[121.463645,24.701031],[121.466975,24.697726],[121.469808,24.696196],[121.470597,24.696742],[121.474219,24.696114],[121.474803,24.693683],[121.474628,24.692672],[121.47305,24.689694],[121.47419,24.684804],[121.475475,24.683302],[121.475446,24.68087],[121.476,24.679176],[121.477052,24.67833],[121.479214,24.675461],[121.480002,24.673849]]]}},{"type":"Feature","properties":{"COUNTYNAME":"嘉義市","COUNTYID":"I","COUNTYCODE":"10020","COUNTYENG":"Chiayi City"},"geometry":{"type":"Polygon","coordinates":[[[120.394143,23.462514],[120.394202,23.466175],[120.395253,23.467431],[120.396626,23.467732],[120.397999,23.470355],[120.399284,23.471065],[120.398495,23.473988],[120.398817,23.475682],[120.398525,23.476802],[120.39908,23.478414],[120.398057,23.479534],[120.396889,23.479534],[120.396918,23.480435],[120.394406,23.480763],[120.393355,23.482511],[120.393618,23.486227],[120.394056,23.486855],[120.39391,23.488931],[120.394698,23.490762],[120.389791,23.491363],[120.389265,23.493985],[120.389178,23.497154],[120.389966,23.497946],[120.389324,23.498602],[120.391514,23.500268],[120.394961,23.500733],[120.399284,23.498766],[120.40019,23.498766],[120.40019,23.499968],[120.400978,23.501853],[120.403812,23.503738],[120.405681,23.503711],[120.408806,23.506579],[120.407842,23.502591],[120.408456,23.498438],[120.409595,23.498438],[120.412253,23.499176],[120.413421,23.502399],[120.415408,23.50382],[120.416605,23.505268],[120.420987,23.50606],[120.424258,23.506197],[120.424988,23.506442],[120.426274,23.508737],[120.42788,23.509229],[120.431531,23.508737],[120.433196,23.508901],[120.43378,23.50983],[120.433722,23.511414],[120.432583,23.513436],[120.433547,23.514365],[120.434043,23.516004],[120.43378,23.517206],[120.435066,23.517261],[120.437344,23.515157],[120.437139,23.514037],[120.439067,23.512234],[120.440499,23.511933],[120.442134,23.513327],[120.440615,23.518299],[120.442485,23.51808],[120.444471,23.517315],[120.445172,23.518135],[120.446779,23.518435],[120.448035,23.518189],[120.449378,23.517097],[120.451131,23.516851],[120.453263,23.515867],[120.456301,23.516004],[120.457352,23.515294],[120.457382,23.513655],[120.456213,23.512835],[120.456301,23.51177],[120.457761,23.508901],[120.460069,23.507043],[120.462084,23.503273],[120.462639,23.50076],[120.463837,23.499422],[120.465502,23.498739],[120.467459,23.498793],[120.469241,23.499449],[120.470117,23.500214],[120.470818,23.50382],[120.47257,23.505213],[120.473505,23.506852],[120.474761,23.506825],[120.47812,23.504913],[120.479668,23.504394],[120.481304,23.504394],[120.483173,23.505377],[120.484021,23.503847],[120.484663,23.501388],[120.484576,23.498875],[120.483699,23.498247],[120.483904,23.495734],[120.486094,23.493357],[120.489424,23.491363],[120.493601,23.491117],[120.494244,23.490188],[120.496055,23.490106],[120.497165,23.490598],[120.500144,23.49068],[120.501313,23.489805],[120.500962,23.488576],[120.501897,23.486336],[120.503386,23.485434],[120.503065,23.483249],[120.502481,23.482894],[120.501897,23.4809],[120.504087,23.480954],[120.503708,23.478905],[120.504964,23.478823],[120.507008,23.47713],[120.507125,23.476583],[120.509228,23.474835],[120.509199,23.47213],[120.508556,23.471365],[120.507242,23.471802],[120.506541,23.470081],[120.505051,23.469617],[120.503766,23.467158],[120.501751,23.466912],[120.501225,23.466038],[120.499618,23.465164],[120.500436,23.463033],[120.500465,23.460547],[120.498508,23.458416],[120.497544,23.45787],[120.496902,23.456122],[120.497077,23.455329],[120.496142,23.454674],[120.495179,23.452843],[120.490155,23.452106],[120.489395,23.452352],[120.484429,23.456422],[120.481713,23.458088],[120.480778,23.459864],[120.476981,23.461913],[120.475404,23.462132],[120.468656,23.461585],[120.464509,23.458252],[120.46445,23.455575],[120.461062,23.455329],[120.460244,23.454482],[120.458988,23.454209],[120.456827,23.452133],[120.455425,23.45033],[120.454724,23.45033],[120.454607,23.448308],[120.452854,23.444894],[120.451657,23.444047],[120.449612,23.443418],[120.447129,23.443418],[120.441667,23.440167],[120.439564,23.439566],[120.438717,23.441206],[120.437811,23.441697],[120.435942,23.444211],[120.438279,23.444866],[120.438571,23.445713],[120.437753,23.446697],[120.437023,23.446423],[120.434627,23.449948],[120.434481,23.450712],[120.432846,23.450111],[120.430129,23.452543],[120.429282,23.461039],[120.42604,23.460738],[120.424083,23.461367],[120.415145,23.460274],[120.413013,23.462432],[120.413042,23.463661],[120.411289,23.464782],[120.409245,23.46429],[120.408105,23.464372],[120.406528,23.463607],[120.403724,23.463306],[120.40019,23.463252],[120.397181,23.462596],[120.394143,23.462514]]]}},{"type":"Feature","properties":{"COUNTYNAME":"新竹市","COUNTYID":"O","COUNTYCODE":"10018","COUNTYENG":"Hsinchu City"},"geometry":{"type":"Polygon","coordinates":[[[121.021181,24.802056],[121.021298,24.801618],[121.025709,24.799023],[121.022057,24.798531],[121.020626,24.798832],[121.022233,24.796701],[121.023138,24.796127],[121.020626,24.794106],[121.022116,24.790418],[121.023518,24.790527],[121.024511,24.78927],[121.024307,24.787686],[121.024949,24.786102],[121.023313,24.785664],[121.023255,24.784954],[121.024774,24.784353],[121.02752,24.782714],[121.026965,24.781184],[121.024949,24.779982],[121.026001,24.778944],[121.027782,24.778889],[121.02749,24.777223],[121.02863,24.776704],[121.029593,24.777141],[121.029418,24.775884],[121.028133,24.773152],[121.030324,24.772142],[121.029331,24.771049],[121.029155,24.768945],[121.029886,24.766459],[121.030499,24.765886],[121.033011,24.764902],[121.033508,24.76411],[121.032777,24.762061],[121.030587,24.761214],[121.02825,24.758346],[121.026322,24.757636],[121.02381,24.756816],[121.02086,24.75657],[121.020217,24.756843],[121.019341,24.759001],[121.018348,24.763782],[121.016946,24.764848],[121.017063,24.765722],[121.015894,24.76717],[121.013557,24.770912],[121.008183,24.774436],[121.006752,24.7743],[121.00459,24.775174],[120.999712,24.778261],[120.995973,24.779982],[120.992936,24.780556],[120.99168,24.779026],[120.990599,24.777168],[120.989197,24.77695],[120.988175,24.777442],[120.985838,24.776922],[120.984874,24.775994],[120.986451,24.773344],[120.986305,24.772661],[120.987006,24.770202],[120.988379,24.768071],[120.987006,24.768426],[120.984027,24.768017],[120.982157,24.767525],[120.980609,24.765449],[120.980463,24.76411],[120.97947,24.763318],[120.977133,24.763127],[120.97652,24.764411],[120.974943,24.764028],[120.974417,24.764984],[120.973307,24.764219],[120.971613,24.764684],[120.970999,24.765722],[120.969831,24.765148],[120.969013,24.763755],[120.968633,24.762225],[120.967524,24.760586],[120.967407,24.756488],[120.96653,24.75586],[120.965304,24.756215],[120.964369,24.755204],[120.96358,24.755559],[120.961886,24.752827],[120.961536,24.75138],[120.960776,24.750888],[120.958556,24.749221],[120.957475,24.749631],[120.957183,24.748265],[120.957797,24.746107],[120.957505,24.745287],[120.956307,24.745096],[120.953883,24.743403],[120.951108,24.744523],[120.949122,24.744441],[120.948099,24.745233],[120.946493,24.74485],[120.946142,24.745287],[120.944273,24.744413],[120.943835,24.74373],[120.943221,24.739059],[120.94179,24.737283],[120.941673,24.735016],[120.940709,24.734032],[120.939891,24.732502],[120.941118,24.731929],[120.942316,24.730426],[120.941819,24.728541],[120.940622,24.728432],[120.939658,24.72947],[120.938051,24.729579],[120.938869,24.72764],[120.938548,24.72682],[120.939249,24.725427],[120.938694,24.724962],[120.939015,24.722613],[120.938343,24.721165],[120.93884,24.720428],[120.938139,24.718324],[120.938606,24.716603],[120.936036,24.714691],[120.935422,24.712614],[120.934254,24.713161],[120.933027,24.713297],[120.930661,24.715182],[120.93034,24.716548],[120.92885,24.715292],[120.928032,24.715756],[120.926893,24.715046],[120.925228,24.715428],[120.923855,24.714554],[120.922629,24.7148],[120.920993,24.716548],[120.919591,24.716958],[120.917838,24.71622],[120.914917,24.716821],[120.91372,24.717532],[120.91445,24.719116],[120.915589,24.720045],[120.916261,24.72152],[120.913749,24.724307],[120.914187,24.727066],[120.913136,24.728432],[120.912814,24.730399],[120.912055,24.732311],[120.910507,24.734387],[120.909046,24.735753],[120.908375,24.737283],[120.90855,24.740589],[120.90782,24.74108],[120.905862,24.740698],[120.904782,24.739414],[120.903759,24.73895],[120.90151,24.736354],[120.897217,24.733377],[120.893624,24.732311],[120.892339,24.733158],[120.890936,24.731765],[120.887577,24.733841],[120.884803,24.732803],[120.883693,24.734497],[120.881035,24.733295],[120.874521,24.738321],[120.877763,24.742583],[120.879428,24.743922],[120.880888,24.745697],[120.882612,24.746462],[120.885124,24.750587],[120.888395,24.754166],[120.890294,24.757362],[120.8919,24.758701],[120.893186,24.761378],[120.894617,24.762635],[120.89707,24.763864],[120.897771,24.764684],[120.896749,24.768071],[120.896194,24.767798],[120.895259,24.765722],[120.894675,24.76788],[120.892747,24.769328],[120.89266,24.77318],[120.891754,24.773262],[120.891433,24.776103],[120.892894,24.778889],[120.893215,24.780774],[120.892864,24.781949],[120.892835,24.786129],[120.892105,24.791948],[120.892631,24.794352],[120.896136,24.800826],[120.896837,24.805334],[120.896632,24.807355],[120.896924,24.809213],[120.899261,24.813994],[120.899612,24.816534],[120.900985,24.820195],[120.902796,24.824074],[120.905775,24.8285],[120.908316,24.831587],[120.90928,24.834237],[120.91077,24.835739],[120.91223,24.835767],[120.913136,24.836559],[120.91483,24.83899],[120.915764,24.841149],[120.915881,24.842733],[120.915531,24.84582],[120.916728,24.84877],[120.913282,24.851939],[120.91296,24.854098],[120.914187,24.854043],[120.916378,24.852786],[120.921256,24.853469],[120.925228,24.854835],[120.931245,24.852622],[120.933933,24.852704],[120.935656,24.85224],[120.940446,24.849945],[120.943163,24.846503],[120.944068,24.844154],[120.944799,24.841067],[120.947486,24.839892],[120.955285,24.834374],[120.957037,24.833581],[120.957914,24.833663],[120.960309,24.832953],[120.963288,24.832489],[120.967348,24.832652],[120.969188,24.832188],[120.974621,24.829948],[120.977572,24.829675],[120.979207,24.830003],[120.981456,24.831232],[120.983881,24.830576],[120.985429,24.829402],[120.987678,24.825577],[120.991037,24.82402],[120.99276,24.823446],[120.995535,24.823364],[121.000384,24.822053],[121.002253,24.820195],[121.004386,24.819266],[121.006869,24.817026],[121.008271,24.816207],[121.010286,24.81383],[121.015106,24.808557],[121.018143,24.807328],[121.019662,24.804378],[121.021181,24.802056]]]}}]}